contrato_id,anio,tipo_cliente,sector,producto,region,valor_m_usd,duracion_meses,renovado,margen_bruto
ctr_0000,2023,Gobierno,Manufactura,Foundry,APAC,0.77,12,0,0.75
ctr_0001,2020,Gobierno,Defensa,Foundry,US,6.9,36,1,0.71
ctr_0002,2021,Comercial,Energia,Gotham,APAC,0.65,48,0,0.77
ctr_0003,2022,Comercial,Manufactura,Gotham,UK,1.77,12,0,0.75
ctr_0004,2020,Gobierno,Inteligencia,Foundry,UK,2.26,12,1,0.71
ctr_0005,2023,Comercial,Finanzas,Foundry,APAC,0.66,24,0,0.79
ctr_0006,2024,Gobierno,Inteligencia,Foundry,US,3.24,12,0,0.66
ctr_0007,2020,Gobierno,Manufactura,Foundry,UK,1.15,12,1,0.65
ctr_0008,2020,Gobierno,Manufactura,Foundry,UK,1.83,24,1,0.85
ctr_0009,2024,Comercial,Sanidad,AIP,US,1.36,24,0,0.75
ctr_0010,2022,Gobierno,Manufactura,Foundry,US,1.8,12,1,0.68
ctr_0011,2024,Comercial,Sanidad,Gotham,UK,2.18,36,1,0.75
ctr_0012,2021,Gobierno,Finanzas,Foundry,US,3.58,60,0,0.75
ctr_0013,2020,Gobierno,Sector_publico,Apollo,EU,2.08,24,1,0.75
ctr_0014,2022,Comercial,Sanidad,Gotham,US,0.33,12,0,0.74
ctr_0015,2023,Gobierno,Sanidad,Foundry,UK,2.94,12,1,0.89
ctr_0016,2020,Gobierno,Inteligencia,Gotham,US,1.09,12,0,0.67
ctr_0017,2022,Comercial,Energia,Gotham,MENA,2.55,48,0,0.95
ctr_0018,2022,Gobierno,Sector_publico,Foundry,UK,1.2,24,1,0.73
ctr_0019,2022,Gobierno,Defensa,AIP,APAC,0.55,36,0,0.78
ctr_0020,2023,Gobierno,Finanzas,Apollo,US,1.05,24,0,0.95
ctr_0021,2021,Comercial,Manufactura,Apollo,US,1.04,24,1,0.73
ctr_0022,2024,Gobierno,Defensa,Gotham,US,2.92,60,0,0.79
ctr_0023,2020,Gobierno,Sector_publico,Foundry,US,6.77,36,1,0.9
ctr_0024,2023,Gobierno,Inteligencia,AIP,US,11.79,12,1,0.75
ctr_0025,2021,Gobierno,Energia,AIP,US,1.75,48,1,0.77
ctr_0026,2020,Gobierno,Defensa,Gotham,US,2.39,12,0,0.68
ctr_0027,2023,Gobierno,Defensa,Apollo,EU,2.57,36,1,0.82
ctr_0028,2023,Comercial,Sanidad,Foundry,UK,1.04,60,0,0.76
ctr_0029,2020,Comercial,Energia,Foundry,US,11.57,24,0,0.71
ctr_0030,2020,Comercial,Manufactura,Foundry,EU,0.62,12,0,0.61
ctr_0031,2023,Comercial,Energia,Foundry,APAC,0.55,24,0,0.64
ctr_0032,2023,Comercial,Sanidad,Gotham,US,16.39,48,1,0.75
ctr_0033,2024,Gobierno,Defensa,AIP,US,3.7,60,1,0.77
ctr_0034,2020,Gobierno,Defensa,Gotham,US,1.52,12,0,0.86
ctr_0035,2024,Comercial,Sanidad,Foundry,UK,1.6,48,1,0.95
ctr_0036,2021,Gobierno,Inteligencia,Foundry,US,3.16,24,1,0.88
ctr_0037,2020,Gobierno,Defensa,AIP,US,3.76,48,0,0.74
ctr_0038,2020,Comercial,Manufactura,Foundry,EU,1.38,36,0,0.57
ctr_0039,2020,Gobierno,Sanidad,Foundry,US,3.36,24,1,0.66
ctr_0040,2020,Gobierno,Inteligencia,Foundry,US,8.06,24,0,0.92
ctr_0041,2023,Gobierno,Inteligencia,Foundry,APAC,5.27,36,1,0.79
ctr_0042,2022,Gobierno,Inteligencia,Apollo,US,2.66,48,0,0.84
ctr_0043,2023,Comercial,Finanzas,Gotham,MENA,0.75,60,0,0.83
ctr_0044,2023,Gobierno,Manufactura,AIP,US,3.31,12,0,0.83
ctr_0045,2024,Comercial,Sanidad,Foundry,EU,0.19,24,0,0.83
ctr_0046,2023,Gobierno,Defensa,Gotham,EU,1.5,24,0,0.87
ctr_0047,2023,Gobierno,Sector_publico,Apollo,US,2.18,24,1,0.86
ctr_0048,2020,Gobierno,Sanidad,Foundry,EU,3.0,60,1,0.78
ctr_0049,2022,Gobierno,Sector_publico,Apollo,MENA,20.31,12,0,0.62
ctr_0050,2022,Gobierno,Energia,Foundry,US,0.81,48,1,0.72
ctr_0051,2022,Gobierno,Inteligencia,AIP,EU,2.63,60,1,0.82
ctr_0052,2020,Gobierno,Defensa,AIP,EU,4.96,36,0,0.82
ctr_0053,2024,Gobierno,Inteligencia,Gotham,EU,4.0,60,1,0.77
ctr_0054,2020,Gobierno,Defensa,Foundry,APAC,0.31,24,1,0.84
ctr_0055,2024,Gobierno,Sector_publico,Apollo,EU,1.25,12,1,0.77
ctr_0056,2022,Comercial,Manufactura,Foundry,APAC,0.54,36,1,0.84
ctr_0057,2020,Gobierno,Sector_publico,Foundry,US,3.83,36,0,0.63
ctr_0058,2021,Gobierno,Defensa,Gotham,US,3.67,24,0,0.81
ctr_0059,2024,Gobierno,Defensa,AIP,US,6.53,36,0,0.87
ctr_0060,2024,Gobierno,Defensa,Foundry,US,2.66,12,1,0.87
ctr_0061,2024,Gobierno,Sanidad,Foundry,EU,0.6,24,0,0.69
ctr_0062,2022,Gobierno,Defensa,Foundry,UK,1.05,24,0,0.75
ctr_0063,2023,Gobierno,Finanzas,Foundry,US,0.89,36,0,0.95
ctr_0064,2024,Gobierno,Sanidad,Apollo,APAC,2.14,36,0,0.81
ctr_0065,2020,Gobierno,Manufactura,Foundry,US,3.48,48,1,0.82
ctr_0066,2024,Gobierno,Defensa,Foundry,EU,0.65,48,1,0.85
ctr_0067,2022,Gobierno,Energia,Gotham,US,3.7,60,1,0.82
ctr_0068,2021,Comercial,Finanzas,Foundry,EU,1.64,24,1,0.72
ctr_0069,2021,Gobierno,Manufactura,AIP,UK,2.1,60,1,0.74
ctr_0070,2024,Gobierno,Defensa,Apollo,US,1.81,24,1,0.74
ctr_0071,2020,Gobierno,Defensa,Gotham,US,0.29,36,1,0.65
ctr_0072,2022,Gobierno,Manufactura,Foundry,EU,3.0,48,1,0.84
ctr_0073,2023,Gobierno,Inteligencia,AIP,UK,15.61,48,1,0.76
ctr_0074,2022,Comercial,Energia,AIP,US,0.54,36,1,0.81
ctr_0075,2020,Gobierno,Finanzas,Gotham,US,1.39,12,1,0.8
ctr_0076,2023,Gobierno,Energia,Gotham,US,0.67,36,0,0.88
ctr_0077,2024,Gobierno,Manufactura,AIP,EU,0.95,48,1,0.94
ctr_0078,2024,Gobierno,Sanidad,Foundry,EU,3.13,60,0,0.65
ctr_0079,2024,Gobierno,Defensa,Apollo,UK,0.51,24,1,0.73
ctr_0080,2024,Gobierno,Defensa,Foundry,APAC,4.97,60,1,0.65
ctr_0081,2023,Gobierno,Defensa,Gotham,EU,1.21,48,0,0.84
ctr_0082,2023,Gobierno,Defensa,Gotham,EU,2.57,48,1,0.73
ctr_0083,2023,Gobierno,Defensa,Foundry,APAC,0.29,24,1,0.95
ctr_0084,2023,Gobierno,Inteligencia,Foundry,US,2.11,24,1,0.83
ctr_0085,2022,Gobierno,Inteligencia,Apollo,APAC,1.85,24,1,0.83
ctr_0086,2024,Gobierno,Sector_publico,Apollo,UK,1.76,24,1,0.77
ctr_0087,2022,Gobierno,Inteligencia,Gotham,US,2.93,24,1,0.75
ctr_0088,2020,Gobierno,Sector_publico,Apollo,UK,2.32,24,1,0.65
ctr_0089,2021,Gobierno,Sector_publico,Foundry,EU,1.31,36,1,0.85
ctr_0090,2022,Gobierno,Defensa,AIP,US,3.54,36,0,0.85
ctr_0091,2024,Gobierno,Sanidad,AIP,EU,1.69,60,1,0.84
ctr_0092,2023,Gobierno,Defensa,Foundry,MENA,5.89,24,0,0.71
ctr_0093,2022,Gobierno,Defensa,Gotham,US,2.09,24,1,0.76
ctr_0094,2024,Gobierno,Defensa,Foundry,US,4.13,24,1,0.83
ctr_0095,2023,Gobierno,Defensa,Gotham,APAC,2.07,12,1,0.65
ctr_0096,2021,Comercial,Sanidad,Apollo,APAC,0.15,24,0,0.71
ctr_0097,2022,Gobierno,Inteligencia,Foundry,MENA,3.74,24,1,0.82
ctr_0098,2020,Gobierno,Defensa,AIP,US,5.17,12,1,0.6
ctr_0099,2023,Gobierno,Inteligencia,Foundry,UK,5.78,12,0,0.82
ctr_0100,2021,Comercial,Manufactura,AIP,US,7.59,24,0,0.87
ctr_0101,2020,Comercial,Manufactura,Foundry,EU,2.13,24,1,0.83
ctr_0102,2023,Gobierno,Defensa,Foundry,US,0.79,12,0,0.92
ctr_0103,2021,Gobierno,Inteligencia,AIP,UK,0.93,12,1,0.78
ctr_0104,2020,Gobierno,Sector_publico,Gotham,US,5.59,60,1,0.8
ctr_0105,2020,Gobierno,Sector_publico,Foundry,EU,0.81,12,1,0.81
ctr_0106,2020,Gobierno,Manufactura,Gotham,UK,2.59,48,0,0.69
ctr_0107,2023,Gobierno,Sanidad,Foundry,EU,0.82,48,1,0.8
ctr_0108,2022,Gobierno,Defensa,Apollo,UK,1.42,24,0,0.75
ctr_0109,2020,Gobierno,Finanzas,Gotham,MENA,0.88,12,1,0.63
ctr_0110,2020,Gobierno,Sector_publico,Foundry,UK,3.57,36,0,0.69
ctr_0111,2023,Gobierno,Sector_publico,AIP,EU,9.03,12,0,0.75
ctr_0112,2024,Gobierno,Sector_publico,Foundry,EU,3.47,24,0,0.85
ctr_0113,2022,Comercial,Sanidad,Foundry,MENA,1.23,12,1,0.78
ctr_0114,2022,Gobierno,Defensa,Foundry,US,1.03,60,1,0.78
ctr_0115,2024,Gobierno,Sector_publico,Gotham,US,1.48,36,1,0.8
ctr_0116,2023,Gobierno,Sanidad,AIP,EU,2.47,12,1,0.77
ctr_0117,2022,Gobierno,Sector_publico,AIP,MENA,0.87,60,1,0.8
ctr_0118,2024,Gobierno,Inteligencia,Foundry,US,1.51,36,1,0.78
ctr_0119,2024,Gobierno,Defensa,AIP,UK,3.85,36,1,0.81
ctr_0120,2024,Comercial,Manufactura,Apollo,US,0.98,12,1,0.79
ctr_0121,2022,Gobierno,Manufactura,Gotham,US,6.08,24,0,0.89
ctr_0122,2020,Gobierno,Energia,Gotham,US,2.78,60,0,0.77
ctr_0123,2022,Comercial,Sanidad,Foundry,UK,1.21,12,0,0.87
ctr_0124,2024,Gobierno,Sector_publico,Gotham,UK,5.83,24,1,0.8
ctr_0125,2021,Gobierno,Inteligencia,Foundry,UK,1.82,24,1,0.55
ctr_0126,2020,Comercial,Manufactura,Apollo,UK,0.42,60,1,0.89
ctr_0127,2023,Comercial,Manufactura,Foundry,EU,1.35,24,0,0.77
ctr_0128,2024,Gobierno,Defensa,AIP,US,2.58,24,1,0.77
ctr_0129,2022,Gobierno,Sanidad,AIP,US,1.72,24,0,0.82
ctr_0130,2023,Gobierno,Sector_publico,Foundry,US,3.5,36,1,0.67
ctr_0131,2022,Gobierno,Sector_publico,Apollo,MENA,5.47,36,0,0.92
ctr_0132,2020,Comercial,Finanzas,Foundry,UK,1.35,36,0,0.78
ctr_0133,2023,Gobierno,Inteligencia,Foundry,US,3.4,12,0,0.75
ctr_0134,2020,Comercial,Finanzas,Gotham,US,0.27,48,1,0.7
ctr_0135,2021,Gobierno,Defensa,Gotham,US,3.32,36,1,0.83
ctr_0136,2023,Gobierno,Finanzas,AIP,EU,6.41,36,0,0.8
ctr_0137,2023,Gobierno,Finanzas,Gotham,US,1.51,36,0,0.83
ctr_0138,2024,Gobierno,Inteligencia,Foundry,UK,1.26,36,1,0.74
ctr_0139,2020,Gobierno,Sector_publico,AIP,MENA,2.76,48,1,0.67
ctr_0140,2023,Gobierno,Inteligencia,Foundry,US,3.73,24,1,0.9
ctr_0141,2020,Gobierno,Manufactura,AIP,US,3.77,24,0,0.77
ctr_0142,2024,Gobierno,Manufactura,Gotham,US,3.07,12,1,0.95
ctr_0143,2024,Gobierno,Sector_publico,AIP,US,2.64,48,0,0.75
ctr_0144,2020,Gobierno,Defensa,AIP,US,1.46,24,1,0.84
ctr_0145,2022,Gobierno,Finanzas,AIP,MENA,3.9,12,0,0.88
ctr_0146,2023,Gobierno,Sanidad,Foundry,US,4.7,24,0,0.72
ctr_0147,2024,Comercial,Sanidad,Foundry,EU,0.97,24,1,0.79
ctr_0148,2021,Gobierno,Defensa,Gotham,UK,2.51,12,1,0.76
ctr_0149,2020,Gobierno,Defensa,Foundry,APAC,2.01,12,0,0.71
ctr_0150,2021,Gobierno,Energia,Apollo,US,2.64,36,0,0.77
ctr_0151,2021,Gobierno,Manufactura,Foundry,US,2.53,24,1,0.82
ctr_0152,2020,Gobierno,Defensa,Gotham,APAC,3.2,60,0,0.84
ctr_0153,2024,Gobierno,Sanidad,AIP,MENA,0.86,12,0,0.76
ctr_0154,2021,Comercial,Finanzas,Foundry,UK,0.83,36,1,0.69
ctr_0155,2021,Comercial,Sanidad,Gotham,US,0.6,48,1,0.81
ctr_0156,2023,Comercial,Energia,Foundry,UK,1.19,12,1,0.75
ctr_0157,2020,Comercial,Finanzas,Gotham,APAC,0.95,24,1,0.93
ctr_0158,2020,Gobierno,Energia,Gotham,EU,0.76,12,1,0.81
ctr_0159,2021,Gobierno,Defensa,AIP,US,1.13,24,1,0.8
ctr_0160,2024,Gobierno,Energia,Gotham,APAC,0.72,12,1,0.6
ctr_0161,2020,Gobierno,Defensa,AIP,EU,5.06,36,1,0.82
ctr_0162,2024,Gobierno,Inteligencia,AIP,UK,1.52,48,0,0.69
ctr_0163,2021,Comercial,Sanidad,AIP,US,1.23,36,1,0.83
ctr_0164,2022,Gobierno,Defensa,AIP,UK,6.4,24,0,0.75
ctr_0165,2021,Gobierno,Sector_publico,Foundry,US,9.79,24,1,0.8
ctr_0166,2021,Gobierno,Energia,Foundry,US,1.62,12,0,0.79
ctr_0167,2022,Gobierno,Defensa,Foundry,EU,4.54,48,0,0.83
ctr_0168,2021,Gobierno,Defensa,AIP,US,1.43,60,1,0.73
ctr_0169,2023,Gobierno,Finanzas,Foundry,US,0.41,48,1,0.78
ctr_0170,2021,Comercial,Manufactura,Foundry,APAC,1.4,36,1,0.75
ctr_0171,2024,Gobierno,Sanidad,Foundry,MENA,0.88,48,0,0.78
ctr_0172,2022,Gobierno,Inteligencia,Gotham,APAC,0.27,36,0,0.88
ctr_0173,2022,Gobierno,Inteligencia,Foundry,US,1.36,48,1,0.83
ctr_0174,2022,Gobierno,Sector_publico,Gotham,UK,1.26,36,0,0.78
ctr_0175,2024,Gobierno,Energia,Gotham,UK,2.24,24,1,0.63
ctr_0176,2022,Gobierno,Defensa,AIP,US,13.33,48,1,0.83
ctr_0177,2020,Gobierno,Sector_publico,Foundry,US,1.56,12,0,0.95
ctr_0178,2022,Gobierno,Defensa,Apollo,US,1.99,60,0,0.68
ctr_0179,2024,Gobierno,Defensa,Gotham,APAC,1.58,36,0,0.76
ctr_0180,2021,Gobierno,Sanidad,Gotham,MENA,3.51,12,0,0.89
ctr_0181,2020,Gobierno,Manufactura,Apollo,APAC,0.59,48,1,0.81
ctr_0182,2021,Comercial,Energia,Foundry,APAC,0.09,36,0,0.77
ctr_0183,2024,Gobierno,Inteligencia,Foundry,US,3.38,12,1,0.73
ctr_0184,2021,Comercial,Energia,Gotham,US,2.06,60,0,0.83
ctr_0185,2021,Gobierno,Sector_publico,Gotham,US,1.48,12,0,0.8
ctr_0186,2022,Gobierno,Energia,Foundry,US,0.61,36,0,0.89
ctr_0187,2024,Gobierno,Defensa,Gotham,US,2.56,60,0,0.76
ctr_0188,2020,Gobierno,Defensa,Foundry,EU,5.73,24,0,0.84
ctr_0189,2023,Gobierno,Sector_publico,Gotham,US,3.09,24,1,0.74
ctr_0190,2024,Gobierno,Sector_publico,Foundry,UK,0.72,12,1,0.77
ctr_0191,2022,Gobierno,Defensa,AIP,UK,1.47,48,1,0.82
ctr_0192,2023,Gobierno,Finanzas,Apollo,US,2.71,48,1,0.81
ctr_0193,2022,Comercial,Finanzas,AIP,US,1.24,48,0,0.67
ctr_0194,2021,Gobierno,Defensa,Apollo,US,0.33,36,0,0.77
ctr_0195,2020,Gobierno,Defensa,AIP,US,3.75,12,1,0.79
ctr_0196,2021,Comercial,Manufactura,Apollo,US,1.61,24,1,0.73
ctr_0197,2020,Gobierno,Defensa,Foundry,EU,3.34,24,0,0.84
ctr_0198,2021,Gobierno,Sanidad,AIP,US,2.07,12,1,0.61
ctr_0199,2021,Gobierno,Manufactura,Foundry,US,5.6,24,1,0.65
ctr_0200,2023,Gobierno,Manufactura,AIP,UK,0.8,48,0,0.76
ctr_0201,2023,Gobierno,Sector_publico,Apollo,UK,2.14,12,1,0.83
ctr_0202,2024,Comercial,Sanidad,Foundry,UK,0.51,12,0,0.65
ctr_0203,2020,Gobierno,Sector_publico,AIP,APAC,2.27,24,0,0.76
ctr_0204,2021,Gobierno,Inteligencia,Foundry,US,0.61,12,1,0.73
ctr_0205,2020,Comercial,Sanidad,AIP,EU,2.49,12,1,0.75
ctr_0206,2022,Gobierno,Defensa,Foundry,APAC,0.88,24,1,0.84
ctr_0207,2023,Gobierno,Sanidad,Gotham,EU,0.68,24,1,0.78
ctr_0208,2021,Comercial,Energia,AIP,US,1.97,36,1,0.77
ctr_0209,2020,Gobierno,Manufactura,Foundry,US,0.72,24,0,0.77
ctr_0210,2023,Gobierno,Finanzas,AIP,US,10.34,60,0,0.78
ctr_0211,2022,Gobierno,Defensa,Foundry,US,8.49,12,1,0.8
ctr_0212,2023,Gobierno,Sector_publico,Apollo,US,2.68,24,0,0.82
ctr_0213,2021,Gobierno,Inteligencia,AIP,US,4.2,12,0,0.84
ctr_0214,2021,Gobierno,Defensa,AIP,APAC,3.5,24,0,0.68
ctr_0215,2020,Comercial,Energia,Apollo,US,0.25,60,0,0.78
ctr_0216,2020,Comercial,Energia,Apollo,APAC,2.15,24,1,0.78
ctr_0217,2024,Comercial,Sanidad,Foundry,US,3.77,60,0,0.75
ctr_0218,2022,Comercial,Energia,Gotham,EU,1.35,36,0,0.69
ctr_0219,2021,Comercial,Finanzas,Foundry,MENA,1.2,24,1,0.72
ctr_0220,2023,Gobierno,Sanidad,AIP,APAC,0.58,48,0,0.81
ctr_0221,2024,Gobierno,Manufactura,Gotham,US,7.55,36,1,0.83
ctr_0222,2022,Comercial,Manufactura,Gotham,US,0.29,12,0,0.74
ctr_0223,2024,Gobierno,Defensa,Foundry,EU,0.52,24,1,0.69
ctr_0224,2022,Comercial,Finanzas,Foundry,EU,0.8,24,0,0.86
ctr_0225,2024,Gobierno,Sector_publico,Apollo,US,1.0,12,0,0.73
ctr_0226,2022,Gobierno,Inteligencia,Gotham,US,0.71,12,1,0.93
ctr_0227,2023,Gobierno,Defensa,Gotham,APAC,2.59,48,0,0.78
ctr_0228,2023,Comercial,Energia,Apollo,US,1.01,24,0,0.79
ctr_0229,2021,Gobierno,Defensa,Gotham,APAC,4.57,24,0,0.73
ctr_0230,2023,Gobierno,Manufactura,Foundry,US,1.38,60,0,0.87
ctr_0231,2023,Gobierno,Energia,Foundry,EU,0.87,12,0,0.73
ctr_0232,2022,Gobierno,Defensa,Foundry,US,1.09,24,0,0.74
ctr_0233,2020,Gobierno,Manufactura,Foundry,UK,0.74,60,1,0.69
ctr_0234,2023,Comercial,Finanzas,Gotham,UK,2.23,60,0,0.87
ctr_0235,2020,Gobierno,Sanidad,Gotham,US,3.2,12,0,0.63
ctr_0236,2020,Gobierno,Defensa,Foundry,US,1.68,60,0,0.82
ctr_0237,2021,Gobierno,Finanzas,Foundry,EU,2.5,60,0,0.86
ctr_0238,2021,Gobierno,Sector_publico,Gotham,US,1.65,24,0,0.85
ctr_0239,2022,Gobierno,Energia,Foundry,APAC,4.47,24,0,0.83
ctr_0240,2024,Comercial,Sanidad,AIP,MENA,1.26,48,1,0.81
ctr_0241,2022,Comercial,Energia,Foundry,EU,0.53,36,1,0.78
ctr_0242,2022,Gobierno,Defensa,AIP,US,2.57,24,0,0.75
ctr_0243,2024,Gobierno,Inteligencia,Gotham,EU,3.83,12,0,0.77
ctr_0244,2021,Gobierno,Manufactura,Gotham,EU,8.91,24,0,0.8
ctr_0245,2022,Gobierno,Defensa,Gotham,MENA,3.09,36,1,0.74
ctr_0246,2022,Comercial,Finanzas,Foundry,MENA,6.11,24,1,0.65
ctr_0247,2021,Gobierno,Defensa,Foundry,EU,3.18,24,0,0.8
ctr_0248,2024,Gobierno,Manufactura,Apollo,US,0.36,36,1,0.73
ctr_0249,2020,Gobierno,Sanidad,Foundry,US,6.56,60,0,0.77
ctr_0250,2024,Gobierno,Sector_publico,AIP,US,1.64,48,0,0.72
ctr_0251,2023,Gobierno,Energia,Gotham,APAC,1.44,36,0,0.75
ctr_0252,2024,Gobierno,Finanzas,Gotham,EU,2.38,24,1,0.73
ctr_0253,2021,Gobierno,Finanzas,Foundry,US,1.15,24,0,0.67
ctr_0254,2021,Comercial,Manufactura,Foundry,APAC,0.38,36,1,0.68
ctr_0255,2023,Gobierno,Sector_publico,Gotham,US,1.14,24,1,0.78
ctr_0256,2023,Gobierno,Inteligencia,Foundry,APAC,0.99,36,1,0.68
ctr_0257,2022,Comercial,Finanzas,Gotham,APAC,0.97,12,0,0.82
ctr_0258,2023,Gobierno,Inteligencia,Gotham,US,1.9,36,1,0.92
ctr_0259,2022,Gobierno,Inteligencia,Foundry,US,10.32,12,1,0.79
ctr_0260,2022,Gobierno,Manufactura,Foundry,UK,2.99,12,1,0.72
ctr_0261,2021,Gobierno,Defensa,Apollo,MENA,2.71,36,1,0.8
ctr_0262,2023,Gobierno,Finanzas,AIP,MENA,3.69,24,1,0.67
ctr_0263,2020,Gobierno,Sector_publico,Gotham,UK,4.39,48,1,0.92
ctr_0264,2024,Comercial,Sanidad,Gotham,US,1.17,24,1,0.83
ctr_0265,2024,Gobierno,Sector_publico,Foundry,MENA,0.75,36,1,0.83
ctr_0266,2024,Gobierno,Manufactura,Foundry,UK,4.53,12,1,0.79
ctr_0267,2024,Gobierno,Defensa,Foundry,US,3.26,36,1,0.83
ctr_0268,2024,Gobierno,Finanzas,Foundry,US,3.91,36,0,0.69
ctr_0269,2024,Gobierno,Defensa,Foundry,US,2.62,36,0,0.74
ctr_0270,2023,Gobierno,Energia,Apollo,EU,3.2,24,1,0.76
ctr_0271,2024,Gobierno,Defensa,Foundry,US,2.1,60,1,0.67
ctr_0272,2021,Gobierno,Inteligencia,Gotham,US,2.42,12,1,0.61
ctr_0273,2021,Gobierno,Inteligencia,Gotham,US,2.88,24,0,0.84
ctr_0274,2023,Gobierno,Sanidad,Foundry,US,4.41,48,0,0.85
ctr_0275,2024,Gobierno,Manufactura,Apollo,US,10.03,12,0,0.64
ctr_0276,2023,Comercial,Finanzas,Gotham,EU,0.47,36,1,0.8
ctr_0277,2021,Gobierno,Sanidad,Gotham,US,1.98,24,0,0.79
ctr_0278,2023,Gobierno,Sector_publico,Foundry,US,2.66,24,1,0.8
ctr_0279,2022,Gobierno,Inteligencia,Foundry,US,2.73,48,0,0.75
ctr_0280,2024,Gobierno,Sector_publico,AIP,US,3.33,12,0,0.77
ctr_0281,2022,Gobierno,Sector_publico,Gotham,UK,1.34,36,0,0.85
ctr_0282,2020,Gobierno,Defensa,Foundry,US,0.95,12,0,0.83
ctr_0283,2023,Gobierno,Inteligencia,Foundry,EU,1.56,24,1,0.88
ctr_0284,2020,Comercial,Sanidad,AIP,US,0.62,60,1,0.71
ctr_0285,2024,Comercial,Sanidad,Foundry,US,1.85,24,1,0.83
ctr_0286,2020,Gobierno,Finanzas,Foundry,EU,0.52,60,0,0.77
ctr_0287,2022,Gobierno,Inteligencia,Foundry,UK,1.02,12,1,0.79
ctr_0288,2021,Gobierno,Defensa,Gotham,EU,1.2,24,1,0.77
ctr_0289,2021,Gobierno,Inteligencia,Foundry,MENA,3.71,60,1,0.75
ctr_0290,2020,Comercial,Finanzas,AIP,UK,1.22,36,0,0.77
ctr_0291,2024,Gobierno,Finanzas,AIP,EU,1.22,48,0,0.8
ctr_0292,2023,Comercial,Energia,Gotham,APAC,0.45,24,1,0.91
ctr_0293,2023,Gobierno,Defensa,Gotham,APAC,1.11,48,1,0.88
ctr_0294,2021,Comercial,Finanzas,Foundry,US,0.29,12,1,0.78
ctr_0295,2022,Gobierno,Finanzas,AIP,EU,6.34,24,1,0.81
ctr_0296,2024,Comercial,Sanidad,Foundry,APAC,1.36,12,1,0.82
ctr_0297,2024,Gobierno,Inteligencia,Gotham,EU,3.64,60,1,0.83
ctr_0298,2022,Gobierno,Defensa,Gotham,MENA,13.65,24,0,0.62
ctr_0299,2020,Gobierno,Energia,Foundry,APAC,3.47,24,0,0.95
ctr_0300,2020,Comercial,Energia,Gotham,US,0.82,36,0,0.85
ctr_0301,2020,Gobierno,Manufactura,AIP,US,1.12,12,1,0.75
ctr_0302,2022,Gobierno,Sanidad,Apollo,UK,3.16,60,0,0.8
ctr_0303,2023,Comercial,Sanidad,AIP,EU,1.73,24,1,0.76
ctr_0304,2021,Comercial,Sanidad,Foundry,US,1.91,24,0,0.9
ctr_0305,2020,Gobierno,Defensa,Foundry,APAC,2.43,12,1,0.79
ctr_0306,2021,Gobierno,Sector_publico,Gotham,EU,9.47,12,0,0.62
ctr_0307,2024,Gobierno,Defensa,Foundry,MENA,9.66,12,0,0.83
ctr_0308,2021,Gobierno,Manufactura,Apollo,APAC,2.86,24,1,0.88
ctr_0309,2024,Gobierno,Sector_publico,Foundry,MENA,3.85,24,1,0.9
ctr_0310,2024,Gobierno,Inteligencia,Foundry,US,2.02,12,0,0.91
ctr_0311,2024,Gobierno,Sector_publico,Apollo,US,2.6,36,0,0.76
ctr_0312,2023,Comercial,Finanzas,Foundry,US,0.28,60,0,0.87
ctr_0313,2021,Gobierno,Manufactura,AIP,US,1.12,36,0,0.74
ctr_0314,2023,Gobierno,Sanidad,Foundry,UK,3.22,36,0,0.71
ctr_0315,2024,Gobierno,Defensa,Gotham,UK,1.11,36,0,0.64
ctr_0316,2024,Comercial,Finanzas,AIP,UK,2.09,24,0,0.63
ctr_0317,2023,Comercial,Sanidad,Foundry,US,7.99,12,0,0.78
ctr_0318,2020,Gobierno,Inteligencia,Gotham,US,2.74,48,0,0.7
ctr_0319,2020,Gobierno,Defensa,Foundry,MENA,2.22,12,0,0.83
ctr_0320,2023,Gobierno,Energia,Gotham,APAC,1.66,12,0,0.85
ctr_0321,2022,Gobierno,Inteligencia,Gotham,MENA,1.73,60,0,0.86
ctr_0322,2021,Comercial,Sanidad,Gotham,US,1.04,48,1,0.72
ctr_0323,2024,Gobierno,Defensa,Gotham,UK,1.65,36,1,0.81
ctr_0324,2021,Gobierno,Sector_publico,AIP,EU,3.02,36,0,0.76
ctr_0325,2020,Gobierno,Sector_publico,Foundry,EU,2.26,12,1,0.85
ctr_0326,2021,Gobierno,Inteligencia,Gotham,UK,5.21,24,1,0.84
ctr_0327,2020,Gobierno,Inteligencia,Foundry,UK,1.53,60,0,0.82
ctr_0328,2023,Gobierno,Inteligencia,Foundry,US,5.72,36,0,0.81
ctr_0329,2020,Comercial,Energia,Foundry,US,2.48,36,1,0.73
ctr_0330,2023,Gobierno,Manufactura,AIP,UK,12.43,36,1,0.82
ctr_0331,2023,Gobierno,Defensa,AIP,US,1.79,12,1,0.74
ctr_0332,2023,Gobierno,Sanidad,Foundry,EU,6.41,36,0,0.65
ctr_0333,2022,Comercial,Sanidad,AIP,MENA,2.44,36,0,0.74
ctr_0334,2022,Gobierno,Defensa,Foundry,US,0.55,36,0,0.75
ctr_0335,2022,Gobierno,Sanidad,Apollo,US,9.1,12,0,0.81
ctr_0336,2022,Gobierno,Sector_publico,AIP,US,3.0,36,0,0.64
ctr_0337,2024,Gobierno,Inteligencia,Gotham,US,2.95,24,0,0.81
ctr_0338,2024,Gobierno,Sanidad,Foundry,US,5.97,12,0,0.81
ctr_0339,2023,Gobierno,Manufactura,Gotham,APAC,4.38,48,0,0.95
ctr_0340,2022,Gobierno,Sanidad,Apollo,EU,3.24,60,0,0.86
ctr_0341,2024,Gobierno,Inteligencia,AIP,US,1.11,24,0,0.76
ctr_0342,2021,Gobierno,Defensa,Foundry,UK,1.45,36,1,0.63
ctr_0343,2024,Comercial,Energia,Foundry,UK,0.65,36,0,0.9
ctr_0344,2023,Gobierno,Defensa,Foundry,US,1.2,24,1,0.79
ctr_0345,2023,Gobierno,Sector_publico,Foundry,APAC,7.41,60,1,0.76
ctr_0346,2020,Gobierno,Sector_publico,Foundry,UK,1.06,48,1,0.77
ctr_0347,2021,Gobierno,Inteligencia,Gotham,EU,0.97,60,1,0.79
ctr_0348,2024,Comercial,Manufactura,Gotham,UK,0.51,12,0,0.82
ctr_0349,2021,Gobierno,Inteligencia,Foundry,US,2.78,48,1,0.76
ctr_0350,2023,Gobierno,Defensa,Gotham,UK,1.65,24,1,0.76
ctr_0351,2020,Comercial,Energia,Apollo,UK,3.64,48,0,0.86
ctr_0352,2022,Comercial,Manufactura,Gotham,US,3.82,12,0,0.68
ctr_0353,2024,Gobierno,Defensa,AIP,EU,3.9,36,1,0.81
ctr_0354,2024,Gobierno,Sector_publico,Gotham,US,7.27,12,1,0.77
ctr_0355,2023,Gobierno,Manufactura,AIP,US,4.72,48,0,0.69
ctr_0356,2020,Comercial,Finanzas,Foundry,US,0.45,12,0,0.88
ctr_0357,2023,Gobierno,Defensa,Foundry,EU,2.15,60,0,0.68
ctr_0358,2020,Comercial,Finanzas,AIP,APAC,0.84,36,0,0.76
ctr_0359,2022,Gobierno,Sector_publico,Foundry,US,1.18,36,1,0.86
ctr_0360,2020,Gobierno,Finanzas,Gotham,US,0.97,48,1,0.75
ctr_0361,2022,Gobierno,Energia,Gotham,UK,3.37,60,0,0.85
ctr_0362,2020,Gobierno,Sector_publico,AIP,EU,1.34,24,0,0.92
ctr_0363,2023,Gobierno,Sanidad,Foundry,APAC,2.16,36,1,0.95
ctr_0364,2023,Gobierno,Defensa,Apollo,US,9.68,24,1,0.82
ctr_0365,2023,Gobierno,Inteligencia,Gotham,EU,1.49,24,0,0.9
ctr_0366,2024,Gobierno,Manufactura,AIP,EU,1.49,36,1,0.76
ctr_0367,2022,Gobierno,Inteligencia,Gotham,US,5.49,12,0,0.71
ctr_0368,2020,Gobierno,Defensa,Foundry,UK,1.5,24,1,0.75
ctr_0369,2020,Gobierno,Sanidad,Foundry,US,5.04,12,1,0.85
ctr_0370,2020,Gobierno,Inteligencia,Gotham,MENA,2.52,12,1,0.93
ctr_0371,2020,Comercial,Energia,Foundry,MENA,2.87,60,0,0.82
ctr_0372,2024,Gobierno,Sanidad,AIP,US,2.15,24,0,0.83
ctr_0373,2024,Gobierno,Sector_publico,Foundry,EU,5.07,36,1,0.77
ctr_0374,2020,Gobierno,Inteligencia,AIP,US,10.32,36,1,0.79
ctr_0375,2023,Gobierno,Finanzas,Gotham,UK,39.25,36,0,0.68
ctr_0376,2024,Gobierno,Defensa,Foundry,APAC,1.36,24,1,0.63
ctr_0377,2023,Gobierno,Defensa,AIP,US,1.18,48,1,0.8
ctr_0378,2023,Gobierno,Inteligencia,Apollo,MENA,3.96,12,1,0.75
ctr_0379,2022,Comercial,Sanidad,Foundry,US,0.68,24,0,0.73
ctr_0380,2020,Gobierno,Defensa,Foundry,US,5.18,36,1,0.67
ctr_0381,2021,Gobierno,Defensa,Foundry,EU,2.55,60,0,0.82
ctr_0382,2020,Gobierno,Finanzas,Apollo,APAC,14.39,24,0,0.93
ctr_0383,2023,Gobierno,Inteligencia,Gotham,UK,0.8,12,0,0.73
ctr_0384,2020,Gobierno,Inteligencia,Foundry,UK,1.28,36,0,0.87
ctr_0385,2021,Gobierno,Manufactura,Foundry,US,1.74,12,0,0.91
ctr_0386,2023,Gobierno,Defensa,Apollo,US,3.07,48,0,0.81
ctr_0387,2021,Comercial,Finanzas,AIP,US,0.89,24,0,0.61
ctr_0388,2021,Gobierno,Energia,Foundry,US,0.8,48,1,0.8
ctr_0389,2020,Gobierno,Defensa,Gotham,US,15.56,36,1,0.86
ctr_0390,2023,Comercial,Finanzas,Foundry,MENA,0.59,24,0,0.73
ctr_0391,2023,Gobierno,Inteligencia,AIP,US,3.16,36,0,0.74
ctr_0392,2021,Gobierno,Defensa,Gotham,US,10.82,24,0,0.95
ctr_0393,2020,Comercial,Sanidad,Foundry,US,0.89,24,0,0.84
ctr_0394,2023,Comercial,Finanzas,AIP,MENA,3.12,36,1,0.84
ctr_0395,2021,Gobierno,Defensa,Foundry,EU,6.08,48,1,0.73
ctr_0396,2024,Gobierno,Energia,AIP,APAC,0.83,48,1,0.81
ctr_0397,2020,Gobierno,Defensa,Foundry,US,0.74,60,0,0.8
ctr_0398,2023,Gobierno,Finanzas,Foundry,US,3.87,12,1,0.77
ctr_0399,2022,Comercial,Finanzas,Foundry,UK,0.77,12,1,0.75
ctr_0400,2023,Gobierno,Defensa,Foundry,US,6.13,24,1,0.71
ctr_0401,2020,Gobierno,Defensa,Foundry,MENA,1.37,60,1,0.87
ctr_0402,2020,Gobierno,Manufactura,AIP,US,3.15,24,1,0.95
ctr_0403,2023,Gobierno,Defensa,AIP,EU,5.0,36,0,0.71
ctr_0404,2024,Gobierno,Defensa,Foundry,US,0.92,12,1,0.74
ctr_0405,2020,Gobierno,Sector_publico,Foundry,MENA,2.87,60,0,0.88
ctr_0406,2020,Comercial,Finanzas,Gotham,US,3.97,36,0,0.94
ctr_0407,2020,Gobierno,Sector_publico,Foundry,US,2.35,24,1,0.84
ctr_0408,2024,Gobierno,Inteligencia,Foundry,US,7.46,12,0,0.84
ctr_0409,2023,Gobierno,Defensa,Gotham,US,0.81,36,0,0.79
ctr_0410,2022,Gobierno,Energia,Gotham,US,3.63,48,0,0.81
ctr_0411,2024,Gobierno,Sector_publico,Foundry,US,1.56,12,1,0.88
ctr_0412,2020,Comercial,Finanzas,Apollo,UK,0.59,36,1,0.8
ctr_0413,2020,Gobierno,Inteligencia,Gotham,APAC,3.1,36,0,0.71
ctr_0414,2023,Gobierno,Defensa,Foundry,UK,27.68,24,1,0.66
ctr_0415,2021,Gobierno,Defensa,Gotham,MENA,1.4,24,0,0.71
ctr_0416,2021,Gobierno,Sector_publico,Gotham,US,4.65,36,0,0.78
ctr_0417,2021,Gobierno,Sanidad,AIP,UK,3.52,24,0,0.66
ctr_0418,2020,Gobierno,Inteligencia,Foundry,US,1.3,36,1,0.67
ctr_0419,2020,Gobierno,Inteligencia,Gotham,EU,2.25,60,0,0.68
ctr_0420,2024,Comercial,Finanzas,Apollo,EU,0.91,24,1,0.81
ctr_0421,2020,Gobierno,Finanzas,Gotham,US,2.59,12,0,0.84
ctr_0422,2023,Gobierno,Defensa,Foundry,US,18.67,36,1,0.89
ctr_0423,2020,Comercial,Manufactura,Foundry,UK,0.53,60,1,0.83
ctr_0424,2020,Gobierno,Defensa,Gotham,UK,5.47,12,0,0.82
ctr_0425,2023,Gobierno,Energia,Gotham,US,1.16,12,1,0.8
ctr_0426,2023,Comercial,Sanidad,Apollo,APAC,1.42,48,0,0.78
ctr_0427,2023,Gobierno,Inteligencia,AIP,US,10.98,24,1,0.75
ctr_0428,2020,Gobierno,Sector_publico,Gotham,UK,1.61,24,1,0.56
ctr_0429,2022,Gobierno,Sanidad,Foundry,EU,2.13,48,1,0.63
ctr_0430,2021,Gobierno,Defensa,Foundry,UK,12.01,36,0,0.74
ctr_0431,2021,Gobierno,Inteligencia,Foundry,UK,6.57,36,1,0.7
ctr_0432,2024,Gobierno,Finanzas,Gotham,US,4.37,12,1,0.78
ctr_0433,2022,Comercial,Sanidad,Gotham,MENA,2.89,60,0,0.82
ctr_0434,2022,Comercial,Energia,Gotham,EU,2.15,60,1,0.79
ctr_0435,2023,Gobierno,Finanzas,AIP,US,5.02,60,1,0.75
ctr_0436,2022,Gobierno,Finanzas,Gotham,APAC,2.65,60,0,0.76
ctr_0437,2023,Gobierno,Inteligencia,Foundry,US,1.94,12,1,0.82
ctr_0438,2023,Gobierno,Inteligencia,Foundry,EU,11.42,12,0,0.66
ctr_0439,2022,Gobierno,Finanzas,Foundry,US,2.65,12,0,0.85
ctr_0440,2021,Gobierno,Energia,Foundry,MENA,1.56,12,1,0.79
ctr_0441,2023,Gobierno,Defensa,Foundry,US,0.79,12,0,0.76
ctr_0442,2024,Gobierno,Finanzas,Apollo,US,1.48,36,1,0.73
ctr_0443,2024,Gobierno,Sector_publico,Apollo,MENA,3.06,60,0,0.93
ctr_0444,2023,Comercial,Manufactura,Gotham,US,0.3,48,1,0.69
ctr_0445,2023,Gobierno,Sector_publico,Foundry,US,1.11,24,1,0.63
ctr_0446,2022,Gobierno,Sector_publico,AIP,UK,6.44,24,0,0.68
ctr_0447,2023,Gobierno,Finanzas,Apollo,EU,2.41,24,0,0.62
ctr_0448,2023,Gobierno,Defensa,Apollo,EU,5.85,24,1,0.88
ctr_0449,2023,Gobierno,Defensa,Foundry,EU,31.48,36,0,0.81
ctr_0450,2020,Gobierno,Inteligencia,AIP,EU,1.84,60,0,0.68
ctr_0451,2024,Gobierno,Defensa,Foundry,EU,14.14,36,1,0.78
ctr_0452,2020,Comercial,Sanidad,Foundry,US,2.9,48,1,0.78
ctr_0453,2023,Gobierno,Sanidad,Gotham,EU,1.17,24,1,0.7
ctr_0454,2022,Gobierno,Sector_publico,Foundry,APAC,0.72,24,1,0.95
ctr_0455,2021,Gobierno,Defensa,AIP,APAC,0.62,36,1,0.87
ctr_0456,2023,Comercial,Manufactura,Foundry,MENA,3.34,36,0,0.74
ctr_0457,2023,Gobierno,Defensa,AIP,APAC,4.84,24,1,0.79
ctr_0458,2024,Gobierno,Defensa,Foundry,US,3.11,24,0,0.78
ctr_0459,2023,Comercial,Manufactura,Gotham,EU,3.94,24,0,0.68
ctr_0460,2021,Gobierno,Sanidad,Foundry,EU,0.98,48,0,0.67
ctr_0461,2023,Gobierno,Defensa,AIP,APAC,1.9,60,1,0.78
ctr_0462,2023,Comercial,Sanidad,Gotham,MENA,0.29,12,1,0.91
ctr_0463,2020,Gobierno,Finanzas,Foundry,EU,2.11,36,1,0.81
ctr_0464,2024,Gobierno,Inteligencia,AIP,EU,5.44,24,0,0.79
ctr_0465,2023,Comercial,Energia,AIP,EU,5.09,12,0,0.72
ctr_0466,2024,Comercial,Sanidad,Foundry,US,2.76,24,0,0.76
ctr_0467,2022,Gobierno,Defensa,Apollo,US,0.81,48,1,0.89
ctr_0468,2024,Gobierno,Manufactura,Gotham,US,4.8,24,1,0.81
ctr_0469,2021,Gobierno,Sanidad,AIP,US,2.96,60,0,0.67
ctr_0470,2024,Gobierno,Sanidad,Gotham,US,15.57,36,0,0.8
ctr_0471,2021,Gobierno,Inteligencia,Apollo,APAC,12.64,24,1,0.75
ctr_0472,2022,Comercial,Finanzas,Gotham,US,2.87,12,1,0.67
ctr_0473,2023,Gobierno,Energia,Foundry,US,5.07,12,0,0.83
ctr_0474,2020,Gobierno,Inteligencia,Gotham,US,0.47,48,0,0.88
ctr_0475,2022,Gobierno,Defensa,Gotham,US,1.42,36,0,0.86
ctr_0476,2024,Comercial,Manufactura,AIP,EU,2.12,48,0,0.88
ctr_0477,2024,Comercial,Sanidad,Foundry,UK,4.0,24,0,0.67
ctr_0478,2022,Gobierno,Inteligencia,Apollo,EU,0.66,60,0,0.75
ctr_0479,2024,Gobierno,Sector_publico,Gotham,EU,5.39,48,1,0.83
ctr_0480,2023,Gobierno,Manufactura,Foundry,US,2.53,24,1,0.75
ctr_0481,2020,Gobierno,Defensa,Foundry,UK,0.52,24,1,0.82
ctr_0482,2023,Gobierno,Sector_publico,Gotham,MENA,14.77,24,1,0.83
ctr_0483,2023,Gobierno,Manufactura,Foundry,US,1.67,36,0,0.8
ctr_0484,2023,Gobierno,Manufactura,Apollo,UK,2.31,12,0,0.67
ctr_0485,2022,Gobierno,Manufactura,AIP,US,0.83,60,1,0.71
ctr_0486,2020,Gobierno,Finanzas,Gotham,US,4.28,12,0,0.76
ctr_0487,2020,Gobierno,Manufactura,Foundry,US,1.15,24,1,0.82
ctr_0488,2023,Gobierno,Defensa,Foundry,EU,5.68,48,1,0.89
ctr_0489,2024,Gobierno,Defensa,Foundry,US,1.29,24,0,0.95
ctr_0490,2020,Comercial,Manufactura,Foundry,UK,0.65,36,1,0.65
ctr_0491,2022,Gobierno,Sector_publico,Foundry,UK,0.56,24,1,0.72
ctr_0492,2022,Comercial,Finanzas,Gotham,EU,0.98,36,0,0.76
ctr_0493,2020,Gobierno,Finanzas,Apollo,US,3.28,24,1,0.77
ctr_0494,2020,Gobierno,Energia,Gotham,APAC,1.68,36,1,0.81
ctr_0495,2022,Gobierno,Finanzas,Foundry,MENA,2.34,36,0,0.81
ctr_0496,2021,Gobierno,Inteligencia,Gotham,US,0.84,12,1,0.78
ctr_0497,2021,Gobierno,Sector_publico,Gotham,US,4.79,60,1,0.77
ctr_0498,2023,Gobierno,Sector_publico,AIP,MENA,1.88,24,0,0.76
ctr_0499,2021,Comercial,Energia,AIP,EU,1.1,24,1,0.8
ctr_0500,2021,Gobierno,Manufactura,Apollo,UK,1.29,36,0,0.79
ctr_0501,2024,Comercial,Manufactura,Foundry,UK,0.99,24,1,0.76
ctr_0502,2021,Gobierno,Energia,Foundry,US,17.21,48,0,0.72
ctr_0503,2020,Gobierno,Energia,Foundry,APAC,2.15,60,0,0.77
ctr_0504,2022,Gobierno,Defensa,Foundry,US,29.42,36,1,0.72
ctr_0505,2021,Gobierno,Defensa,Gotham,EU,2.71,12,1,0.69
ctr_0506,2021,Gobierno,Sector_publico,Gotham,US,0.86,60,1,0.64
ctr_0507,2024,Gobierno,Sector_publico,AIP,US,4.15,24,1,0.7
ctr_0508,2022,Gobierno,Inteligencia,Foundry,US,0.91,12,1,0.68
ctr_0509,2022,Gobierno,Defensa,Foundry,US,7.6,12,1,0.78
ctr_0510,2022,Comercial,Sanidad,Foundry,US,0.34,36,1,0.7
ctr_0511,2022,Gobierno,Inteligencia,Foundry,MENA,3.34,60,1,0.83
ctr_0512,2024,Gobierno,Inteligencia,Gotham,US,0.6,24,1,0.7
ctr_0513,2021,Gobierno,Inteligencia,AIP,US,0.33,12,1,0.75
ctr_0514,2020,Comercial,Energia,Gotham,US,0.45,12,0,0.78
ctr_0515,2024,Comercial,Sanidad,Gotham,EU,0.46,12,0,0.81
ctr_0516,2021,Gobierno,Sector_publico,Foundry,EU,3.82,24,1,0.9
ctr_0517,2021,Gobierno,Finanzas,Foundry,US,7.61,24,1,0.88
ctr_0518,2024,Comercial,Sanidad,Apollo,US,1.13,24,1,0.78
ctr_0519,2022,Gobierno,Finanzas,AIP,EU,8.12,24,0,0.82
ctr_0520,2022,Gobierno,Sector_publico,Foundry,APAC,1.43,36,0,0.65
ctr_0521,2024,Comercial,Manufactura,Gotham,EU,1.59,12,0,0.84
ctr_0522,2024,Gobierno,Defensa,Gotham,US,0.73,36,1,0.73
ctr_0523,2020,Gobierno,Inteligencia,Gotham,EU,0.99,36,1,0.72
ctr_0524,2021,Gobierno,Defensa,Gotham,US,1.39,48,1,0.8
ctr_0525,2021,Gobierno,Inteligencia,Foundry,EU,1.88,60,0,0.71
ctr_0526,2023,Gobierno,Inteligencia,AIP,US,11.79,36,0,0.77
ctr_0527,2023,Gobierno,Inteligencia,AIP,EU,3.46,48,0,0.66
ctr_0528,2022,Gobierno,Inteligencia,Foundry,MENA,2.15,48,1,0.68
ctr_0529,2022,Gobierno,Defensa,Foundry,UK,18.09,60,0,0.72
ctr_0530,2020,Comercial,Sanidad,Foundry,US,0.5,48,0,0.77
ctr_0531,2022,Comercial,Energia,Gotham,US,1.72,24,0,0.83
ctr_0532,2021,Gobierno,Sanidad,Gotham,UK,4.25,24,1,0.8
ctr_0533,2022,Gobierno,Defensa,Foundry,US,3.63,36,0,0.77
ctr_0534,2022,Comercial,Finanzas,Gotham,US,4.29,36,0,0.71
ctr_0535,2020,Gobierno,Sector_publico,Gotham,EU,5.42,36,0,0.75
ctr_0536,2021,Comercial,Finanzas,Gotham,EU,2.37,60,1,0.78
ctr_0537,2022,Gobierno,Defensa,Foundry,US,4.1,36,0,0.81
ctr_0538,2020,Comercial,Sanidad,Gotham,APAC,0.87,12,0,0.59
ctr_0539,2020,Gobierno,Energia,Apollo,EU,1.4,12,1,0.72
ctr_0540,2022,Gobierno,Inteligencia,Foundry,US,1.4,12,1,0.7
ctr_0541,2023,Comercial,Finanzas,Gotham,US,0.99,12,0,0.86
ctr_0542,2021,Gobierno,Defensa,Foundry,US,1.44,60,0,0.8
ctr_0543,2024,Gobierno,Defensa,Gotham,US,3.23,36,0,0.89
ctr_0544,2022,Comercial,Sanidad,Foundry,EU,0.84,48,1,0.81
ctr_0545,2021,Gobierno,Inteligencia,Gotham,US,8.34,36,1,0.82
ctr_0546,2024,Comercial,Sanidad,AIP,US,1.58,48,0,0.7
ctr_0547,2023,Comercial,Sanidad,Foundry,APAC,0.61,48,0,0.74
ctr_0548,2024,Gobierno,Defensa,Foundry,APAC,2.68,36,1,0.95
ctr_0549,2021,Gobierno,Defensa,AIP,US,1.3,60,0,0.86
ctr_0550,2023,Gobierno,Defensa,Gotham,US,3.23,48,1,0.62
ctr_0551,2021,Comercial,Energia,Foundry,UK,4.19,60,1,0.78
ctr_0552,2020,Comercial,Energia,Foundry,MENA,1.98,36,1,0.77
ctr_0553,2020,Comercial,Energia,AIP,EU,5.17,24,0,0.95
ctr_0554,2024,Gobierno,Defensa,Gotham,UK,14.46,12,0,0.85
ctr_0555,2024,Gobierno,Defensa,AIP,US,4.29,48,1,0.8
ctr_0556,2020,Gobierno,Sanidad,Apollo,US,1.16,36,0,0.72
ctr_0557,2022,Gobierno,Manufactura,AIP,UK,9.35,12,0,0.75
ctr_0558,2024,Gobierno,Sector_publico,Foundry,MENA,0.52,24,0,0.9
ctr_0559,2023,Comercial,Energia,Foundry,MENA,2.62,12,0,0.74
ctr_0560,2022,Gobierno,Sanidad,Gotham,US,0.94,12,1,0.93
ctr_0561,2024,Gobierno,Defensa,AIP,US,1.06,24,1,0.58
ctr_0562,2022,Gobierno,Sector_publico,Foundry,US,1.31,36,1,0.77
ctr_0563,2022,Comercial,Sanidad,Foundry,US,1.28,12,1,0.76
ctr_0564,2021,Comercial,Manufactura,Apollo,US,0.63,24,0,0.78
ctr_0565,2023,Gobierno,Sector_publico,Gotham,US,3.35,36,1,0.78
ctr_0566,2020,Gobierno,Defensa,Gotham,UK,1.53,24,0,0.95
ctr_0567,2020,Comercial,Energia,Foundry,US,0.81,24,1,0.82
ctr_0568,2022,Gobierno,Manufactura,Foundry,UK,6.27,48,1,0.71
ctr_0569,2023,Gobierno,Defensa,Foundry,APAC,6.86,12,1,0.74
ctr_0570,2022,Comercial,Energia,Gotham,APAC,1.91,36,0,0.69
ctr_0571,2024,Gobierno,Defensa,Foundry,US,5.34,48,1,0.74
ctr_0572,2022,Gobierno,Sector_publico,Gotham,US,0.35,36,1,0.82
ctr_0573,2020,Gobierno,Inteligencia,Foundry,US,1.47,24,1,0.92
ctr_0574,2023,Comercial,Manufactura,AIP,UK,0.36,48,0,0.81
ctr_0575,2022,Comercial,Manufactura,Gotham,US,2.08,36,0,0.91
ctr_0576,2020,Gobierno,Inteligencia,Foundry,UK,3.13,48,1,0.74
ctr_0577,2022,Gobierno,Energia,Foundry,US,10.06,24,0,0.88
ctr_0578,2024,Gobierno,Energia,Foundry,APAC,2.21,12,1,0.72
ctr_0579,2022,Gobierno,Manufactura,Gotham,US,8.49,48,0,0.84
ctr_0580,2024,Gobierno,Finanzas,Foundry,US,0.72,48,0,0.66
ctr_0581,2022,Comercial,Sanidad,Gotham,EU,6.68,12,1,0.75
ctr_0582,2024,Gobierno,Sector_publico,Foundry,US,0.36,24,1,0.7
ctr_0583,2021,Gobierno,Inteligencia,Gotham,EU,2.52,36,0,0.76
ctr_0584,2023,Gobierno,Finanzas,Gotham,EU,1.96,24,0,0.8
ctr_0585,2023,Comercial,Finanzas,Apollo,US,1.95,36,0,0.75
ctr_0586,2022,Gobierno,Inteligencia,AIP,US,12.47,48,1,0.73
ctr_0587,2024,Comercial,Finanzas,Apollo,APAC,1.46,36,0,0.81
ctr_0588,2022,Comercial,Finanzas,AIP,US,1.76,36,1,0.92
ctr_0589,2021,Gobierno,Sanidad,Gotham,US,1.63,36,0,0.8
ctr_0590,2021,Comercial,Finanzas,Foundry,APAC,0.64,12,0,0.84
ctr_0591,2021,Comercial,Finanzas,Foundry,US,3.77,12,0,0.79
ctr_0592,2024,Gobierno,Defensa,AIP,EU,0.97,12,1,0.77
ctr_0593,2024,Gobierno,Inteligencia,Foundry,US,2.96,24,1,0.89
ctr_0594,2021,Comercial,Finanzas,Gotham,US,1.67,12,1,0.8
ctr_0595,2023,Gobierno,Sector_publico,AIP,US,1.05,24,0,0.78
ctr_0596,2021,Gobierno,Defensa,Foundry,APAC,1.2,48,0,0.73
ctr_0597,2020,Gobierno,Finanzas,AIP,UK,3.79,36,0,0.68
ctr_0598,2022,Gobierno,Sector_publico,Gotham,US,2.04,12,0,0.79
ctr_0599,2021,Gobierno,Defensa,Gotham,US,1.11,48,1,0.77
