pago_id,fecha,tipo,divisa,dispositivo,volumen_usd,comision_usd,internacional
pp_200000,2024-07-11,Remesa,EUR,Web,618.14,30.91,1
pp_200001,2024-12-23,Remesa,MXN,Movil,176.12,8.81,1
pp_200002,2024-02-03,Retirada,GBP,Web,291.3,2.91,0
pp_200003,2024-07-21,P2P,BRL,Web,52.72,0.0,0
pp_200004,2024-07-01,Retirada,BRL,Web,164.12,1.64,0
pp_200005,2024-01-17,P2P,GBP,Web,45.14,0.0,0
pp_200006,2024-04-30,Compra_online,EUR,Movil,78.48,2.28,0
pp_200007,2024-03-24,Suscripcion,EUR,Web,11.01,0.28,0
pp_200008,2024-08-21,Remesa,MXN,Movil,372.93,18.65,0
pp_200009,2024-02-21,P2P,USD,Web,93.34,0.0,0
pp_200010,2024-06-09,Remesa,EUR,Movil,263.94,13.2,1
pp_200011,2024-09-01,Compra_online,EUR,Web,95.26,2.76,0
pp_200012,2024-04-11,Compra_online,USD,Movil,61.5,1.78,0
pp_200013,2024-05-29,Remesa,USD,Movil,453.2,22.66,1
pp_200014,2024-06-01,Suscripcion,EUR,Web,38.74,0.97,0
pp_200015,2024-10-24,P2P,USD,Movil,25.98,0.0,0
pp_200016,2024-03-01,P2P,EUR,Movil,82.02,0.0,0
pp_200017,2024-05-19,P2P,GBP,Movil,21.79,0.0,1
pp_200018,2024-04-06,Retirada,BRL,Web,161.16,1.61,0
pp_200019,2024-10-12,Suscripcion,EUR,Movil,12.86,0.32,0
pp_200020,2024-06-18,Compra_online,USD,Movil,100.39,2.91,1
pp_200021,2024-11-09,Remesa,MXN,Movil,324.93,16.25,1
pp_200022,2024-03-09,Suscripcion,USD,Movil,29.16,0.73,0
pp_200023,2024-04-30,P2P,USD,Web,38.34,0.0,0
pp_200024,2024-06-02,Compra_online,EUR,Web,72.75,2.11,0
pp_200025,2024-06-25,Remesa,USD,Movil,2460.27,123.01,0
pp_200026,2024-11-07,Compra_online,EUR,Movil,48.11,1.4,0
pp_200027,2024-06-09,P2P,BRL,Web,53.69,0.0,0
pp_200028,2024-12-09,P2P,GBP,Movil,73.03,0.0,0
pp_200029,2024-10-08,P2P,BRL,Movil,30.53,0.0,0
pp_200030,2024-08-20,Compra_online,BRL,Web,45.18,1.31,0
pp_200031,2024-04-16,Compra_online,USD,App_tercero,116.15,3.37,1
pp_200032,2024-03-22,Compra_online,INR,Web,256.73,7.45,0
pp_200033,2024-11-23,Compra_online,USD,Web,63.75,1.85,0
pp_200034,2024-01-12,P2P,MXN,Movil,25.46,0.0,0
pp_200035,2024-02-14,Remesa,USD,Movil,890.1,44.51,0
pp_200036,2024-06-07,P2P,USD,Web,45.52,0.0,0
pp_200037,2024-02-22,P2P,USD,Movil,94.17,0.0,1
pp_200038,2024-01-10,Compra_online,GBP,Web,45.97,1.33,0
pp_200039,2024-09-18,Suscripcion,USD,Movil,35.19,0.88,0
pp_200040,2024-12-17,P2P,EUR,Web,153.01,0.0,0
pp_200041,2024-12-04,P2P,EUR,Web,28.09,0.0,1
pp_200042,2024-06-07,Compra_online,INR,Web,46.78,1.36,0
pp_200043,2024-06-20,Remesa,USD,Movil,192.09,9.6,0
pp_200044,2024-12-05,P2P,EUR,Web,41.42,0.0,0
pp_200045,2024-06-04,Suscripcion,BRL,Movil,110.98,2.77,0
pp_200046,2024-05-10,Suscripcion,MXN,Movil,11.01,0.28,0
pp_200047,2024-02-23,Remesa,USD,Movil,551.4,27.57,1
pp_200048,2024-03-12,P2P,USD,Movil,50.79,0.0,1
pp_200049,2024-03-04,P2P,EUR,Web,66.9,0.0,0
pp_200050,2024-11-21,Compra_online,BRL,Web,106.08,3.08,1
pp_200051,2024-03-27,P2P,EUR,Movil,35.17,0.0,0
pp_200052,2024-09-09,Compra_online,USD,Web,102.16,2.96,0
pp_200053,2024-02-06,Remesa,BRL,App_tercero,230.04,11.5,0
pp_200054,2024-12-19,Suscripcion,MXN,Movil,20.96,0.52,0
pp_200055,2024-11-09,Compra_online,EUR,Web,104.57,3.03,1
pp_200056,2024-09-26,Compra_online,EUR,Movil,29.05,0.84,0
pp_200057,2024-04-29,Compra_online,GBP,Movil,211.17,6.12,0
pp_200058,2024-03-15,Compra_online,USD,Movil,288.13,8.36,0
pp_200059,2024-10-21,Compra_online,GBP,Movil,169.93,4.93,0
pp_200060,2024-08-15,Suscripcion,BRL,Movil,56.76,1.42,1
pp_200061,2024-09-22,P2P,INR,Movil,26.42,0.0,0
pp_200062,2024-09-21,Compra_online,MXN,Web,41.81,1.21,0
pp_200063,2024-08-03,P2P,GBP,Movil,134.7,0.0,0
pp_200064,2024-03-27,Compra_online,EUR,Web,113.56,3.29,0
pp_200065,2024-08-07,Retirada,USD,Movil,590.09,5.9,0
pp_200066,2024-10-26,Compra_online,MXN,Web,179.57,5.21,0
pp_200067,2024-10-06,P2P,EUR,Movil,53.92,0.0,1
pp_200068,2024-12-13,Retirada,EUR,Movil,592.37,5.92,0
pp_200069,2024-12-08,Remesa,EUR,Movil,811.26,40.56,0
pp_200070,2024-06-24,Retirada,USD,Web,181.91,1.82,1
pp_200071,2024-08-03,Suscripcion,USD,Movil,8.14,0.2,0
pp_200072,2024-07-18,Compra_online,EUR,Movil,122.68,3.56,0
pp_200073,2024-02-10,Retirada,BRL,Movil,289.65,2.9,1
pp_200074,2024-11-12,Retirada,GBP,Web,357.52,3.58,0
pp_200075,2024-01-11,P2P,USD,Web,106.56,0.0,0
pp_200076,2024-12-24,Suscripcion,USD,Movil,44.68,1.12,0
pp_200077,2024-10-20,P2P,BRL,Movil,101.39,0.0,0
pp_200078,2024-09-12,Remesa,GBP,Web,304.88,15.24,1
pp_200079,2024-07-03,Suscripcion,GBP,Web,16.49,0.41,0
pp_200080,2024-07-05,P2P,USD,Web,200.11,0.0,0
pp_200081,2024-01-20,Compra_online,USD,Web,23.59,0.68,1
pp_200082,2024-04-03,P2P,USD,App_tercero,37.95,0.0,0
pp_200083,2024-08-20,Compra_online,USD,App_tercero,66.87,1.94,0
pp_200084,2024-09-09,Suscripcion,GBP,App_tercero,32.7,0.82,0
pp_200085,2024-05-27,Compra_online,USD,Movil,95.09,2.76,0
pp_200086,2024-11-03,Compra_online,GBP,Web,105.89,3.07,0
pp_200087,2024-03-20,Compra_online,USD,Movil,69.23,2.01,0
pp_200088,2024-08-02,P2P,EUR,Movil,45.12,0.0,0
pp_200089,2024-08-26,P2P,MXN,Movil,26.98,0.0,0
pp_200090,2024-11-07,Compra_online,EUR,Web,90.62,2.63,0
pp_200091,2024-07-03,Compra_online,MXN,Movil,46.83,1.36,0
pp_200092,2024-07-25,P2P,USD,Web,77.55,0.0,0
pp_200093,2024-05-02,P2P,USD,Web,47.44,0.0,0
pp_200094,2024-07-05,Remesa,EUR,Movil,193.39,9.67,1
pp_200095,2024-05-13,Retirada,INR,Web,141.94,1.42,0
pp_200096,2024-10-03,Suscripcion,EUR,Web,23.54,0.59,0
pp_200097,2024-07-11,P2P,USD,Web,187.65,0.0,0
pp_200098,2024-04-30,Remesa,INR,Movil,854.91,42.75,1
pp_200099,2024-01-30,Remesa,EUR,Movil,248.41,12.42,1
pp_200100,2024-12-30,Retirada,USD,Movil,328.11,3.28,0
pp_200101,2024-08-02,Compra_online,USD,Movil,47.67,1.38,0
pp_200102,2024-09-29,Suscripcion,GBP,Web,28.83,0.72,0
pp_200103,2024-07-16,Compra_online,BRL,Movil,104.6,3.03,0
pp_200104,2024-08-01,Compra_online,BRL,Web,41.27,1.2,0
pp_200105,2024-07-01,Compra_online,USD,Movil,107.41,3.11,0
pp_200106,2024-09-09,P2P,USD,Movil,53.66,0.0,0
pp_200107,2024-06-13,P2P,EUR,Movil,72.08,0.0,0
pp_200108,2024-08-26,Suscripcion,INR,Web,59.89,1.5,0
pp_200109,2024-11-26,Suscripcion,INR,Web,11.8,0.3,1
pp_200110,2024-02-09,Suscripcion,EUR,Movil,29.48,0.74,0
pp_200111,2024-12-26,P2P,MXN,Web,44.59,0.0,1
pp_200112,2024-04-29,P2P,MXN,Movil,105.97,0.0,0
pp_200113,2024-12-23,Compra_online,MXN,Movil,54.78,1.59,0
pp_200114,2024-05-15,Retirada,BRL,Movil,64.53,0.65,1
pp_200115,2024-02-09,Suscripcion,MXN,Web,14.21,0.36,0
pp_200116,2024-06-11,Remesa,USD,Movil,883.73,44.19,0
pp_200117,2024-01-02,Compra_online,GBP,Movil,58.51,1.7,0
pp_200118,2024-11-26,Suscripcion,USD,Web,77.21,1.93,0
pp_200119,2024-04-19,Compra_online,EUR,Movil,74.42,2.16,1
pp_200120,2024-08-21,P2P,EUR,Web,97.88,0.0,0
pp_200121,2024-04-18,Compra_online,USD,Movil,25.31,0.73,0
pp_200122,2024-05-08,Retirada,EUR,Movil,674.94,6.75,1
pp_200123,2024-03-14,P2P,EUR,Web,140.21,0.0,0
pp_200124,2024-05-21,Retirada,MXN,Movil,165.25,1.65,0
pp_200125,2024-03-27,P2P,BRL,Movil,9.96,0.0,0
pp_200126,2024-05-07,Suscripcion,USD,Movil,44.88,1.12,1
pp_200127,2024-11-15,P2P,EUR,Web,53.38,0.0,0
pp_200128,2024-03-03,Compra_online,INR,Web,62.67,1.82,1
pp_200129,2024-07-24,P2P,GBP,App_tercero,74.75,0.0,0
pp_200130,2024-07-28,P2P,INR,Movil,34.7,0.0,0
pp_200131,2024-01-24,Compra_online,EUR,Movil,71.6,2.08,1
pp_200132,2024-06-28,Compra_online,USD,Web,44.94,1.3,0
pp_200133,2024-05-24,Compra_online,USD,Movil,41.19,1.19,1
pp_200134,2024-06-20,Compra_online,EUR,Movil,137.37,3.98,0
pp_200135,2024-11-03,P2P,USD,Movil,21.05,0.0,0
pp_200136,2024-11-12,P2P,USD,App_tercero,27.01,0.0,0
pp_200137,2024-09-17,P2P,USD,Movil,72.9,0.0,1
pp_200138,2024-02-02,P2P,USD,Movil,12.44,0.0,0
pp_200139,2024-07-27,Compra_online,BRL,Movil,163.08,4.73,0
pp_200140,2024-07-22,P2P,MXN,Web,60.48,0.0,0
pp_200141,2024-06-15,Compra_online,INR,Movil,44.61,1.29,0
pp_200142,2024-10-28,Remesa,GBP,Movil,499.24,24.96,1
pp_200143,2024-01-29,P2P,EUR,Movil,40.65,0.0,0
pp_200144,2024-03-27,Suscripcion,MXN,Movil,29.89,0.75,0
pp_200145,2024-02-16,P2P,GBP,Movil,62.59,0.0,0
pp_200146,2024-07-28,P2P,USD,App_tercero,112.2,0.0,1
pp_200147,2024-11-24,Remesa,EUR,Web,287.89,14.39,1
pp_200148,2024-01-19,Compra_online,USD,Web,24.34,0.71,1
pp_200149,2024-08-06,P2P,BRL,Movil,33.21,0.0,0
pp_200150,2024-09-19,Compra_online,GBP,Web,183.58,5.32,0
pp_200151,2024-12-25,Compra_online,EUR,Movil,56.72,1.64,0
pp_200152,2024-06-20,Compra_online,USD,Web,64.15,1.86,0
pp_200153,2024-02-24,Retirada,USD,Movil,93.1,0.93,0
pp_200154,2024-08-26,Suscripcion,BRL,Movil,23.02,0.58,0
pp_200155,2024-09-24,Remesa,EUR,Movil,245.29,12.26,0
pp_200156,2024-03-17,Remesa,USD,Movil,1158.05,57.9,1
pp_200157,2024-12-24,Compra_online,MXN,Web,93.17,2.7,0
pp_200158,2024-07-03,Compra_online,EUR,Movil,167.49,4.86,0
pp_200159,2024-06-20,P2P,EUR,Movil,60.59,0.0,1
pp_200160,2024-06-22,Suscripcion,USD,App_tercero,12.57,0.31,1
pp_200161,2024-10-02,Remesa,USD,Movil,125.06,6.25,1
pp_200162,2024-03-30,Compra_online,USD,Movil,41.98,1.22,0
pp_200163,2024-08-26,Compra_online,USD,Movil,72.82,2.11,0
pp_200164,2024-08-03,Remesa,BRL,App_tercero,147.02,7.35,0
pp_200165,2024-01-27,P2P,USD,Movil,10.41,0.0,0
pp_200166,2024-02-09,Compra_online,EUR,Movil,87.33,2.53,1
pp_200167,2024-11-07,Compra_online,MXN,Movil,29.01,0.84,0
pp_200168,2024-03-26,Remesa,MXN,Movil,207.01,10.35,1
pp_200169,2024-11-23,P2P,USD,Web,35.45,0.0,0
pp_200170,2024-09-30,Compra_online,USD,Web,191.12,5.54,0
pp_200171,2024-05-04,Compra_online,USD,Movil,68.04,1.97,0
pp_200172,2024-05-23,Remesa,MXN,Movil,1194.93,59.75,1
pp_200173,2024-07-15,Compra_online,USD,Movil,116.34,3.37,0
pp_200174,2024-11-16,Retirada,USD,Movil,93.83,0.94,0
pp_200175,2024-01-11,P2P,BRL,Movil,84.6,0.0,0
pp_200176,2024-10-25,Compra_online,EUR,Movil,10.93,0.32,0
pp_200177,2024-09-28,Compra_online,USD,App_tercero,37.67,1.09,1
pp_200178,2024-10-29,Compra_online,MXN,Web,84.89,2.46,0
pp_200179,2024-03-18,Retirada,EUR,Web,204.83,2.05,0
pp_200180,2024-10-15,P2P,USD,Movil,61.47,0.0,1
pp_200181,2024-08-19,Compra_online,INR,Movil,41.0,1.19,0
pp_200182,2024-07-22,Suscripcion,EUR,Movil,34.58,0.86,0
pp_200183,2024-03-05,Suscripcion,BRL,Movil,9.35,0.23,0
pp_200184,2024-05-12,Suscripcion,INR,Movil,17.83,0.45,0
pp_200185,2024-12-12,Compra_online,MXN,Movil,108.8,3.16,0
pp_200186,2024-09-11,Compra_online,BRL,Movil,81.54,2.36,0
pp_200187,2024-05-29,Compra_online,USD,Movil,135.87,3.94,0
pp_200188,2024-12-09,Suscripcion,USD,Movil,68.61,1.72,0
pp_200189,2024-11-10,P2P,GBP,Movil,49.53,0.0,1
pp_200190,2024-07-18,P2P,GBP,App_tercero,79.94,0.0,0
pp_200191,2024-09-13,Retirada,GBP,Movil,209.32,2.09,0
pp_200192,2024-09-13,Retirada,EUR,Web,294.92,2.95,0
pp_200193,2024-11-16,Compra_online,EUR,App_tercero,136.57,3.96,0
pp_200194,2024-05-27,Compra_online,EUR,Web,49.85,1.45,0
pp_200195,2024-11-30,Retirada,BRL,App_tercero,88.05,0.88,0
pp_200196,2024-08-19,Remesa,EUR,Movil,896.71,44.84,0
pp_200197,2024-04-15,P2P,EUR,Movil,166.03,0.0,0
pp_200198,2024-02-19,Remesa,USD,Movil,151.1,7.55,0
pp_200199,2024-11-03,P2P,MXN,Movil,51.1,0.0,0
pp_200200,2024-04-16,P2P,USD,Movil,428.71,0.0,0
pp_200201,2024-12-24,P2P,USD,Web,62.66,0.0,0
pp_200202,2024-07-04,Suscripcion,USD,Web,39.49,0.99,0
pp_200203,2024-07-21,Compra_online,GBP,Web,53.7,1.56,0
pp_200204,2024-04-18,Compra_online,USD,Web,168.04,4.87,0
pp_200205,2024-06-17,Compra_online,USD,Web,39.43,1.14,0
pp_200206,2024-09-18,Remesa,BRL,Movil,576.21,28.81,0
pp_200207,2024-10-20,Compra_online,BRL,Movil,89.83,2.61,1
pp_200208,2024-02-01,P2P,EUR,Movil,82.23,0.0,1
pp_200209,2024-06-08,Remesa,USD,Web,1105.73,55.29,1
pp_200210,2024-01-16,P2P,BRL,Web,49.91,0.0,0
pp_200211,2024-02-03,Compra_online,MXN,Movil,87.24,2.53,0
pp_200212,2024-08-25,Remesa,EUR,Movil,78.83,3.94,1
pp_200213,2024-10-02,P2P,USD,Movil,122.45,0.0,0
pp_200214,2024-12-01,Compra_online,INR,Movil,57.38,1.66,0
pp_200215,2024-05-23,Remesa,INR,Web,118.62,5.93,1
pp_200216,2024-05-20,Suscripcion,USD,Web,12.54,0.31,0
pp_200217,2024-10-30,Suscripcion,USD,Movil,11.18,0.28,0
pp_200218,2024-02-27,P2P,EUR,Web,19.57,0.0,0
pp_200219,2024-05-21,P2P,EUR,Movil,109.14,0.0,0
pp_200220,2024-10-11,P2P,USD,Movil,48.09,0.0,0
pp_200221,2024-03-03,Remesa,EUR,Movil,267.38,13.37,1
pp_200222,2024-11-22,P2P,EUR,Movil,31.37,0.0,0
pp_200223,2024-02-06,P2P,EUR,Movil,55.85,0.0,0
pp_200224,2024-12-06,P2P,EUR,Movil,296.33,0.0,0
pp_200225,2024-08-11,P2P,BRL,App_tercero,9.38,0.0,1
pp_200226,2024-02-07,P2P,GBP,Movil,151.69,0.0,0
pp_200227,2024-10-27,Compra_online,INR,Movil,122.66,3.56,0
pp_200228,2024-04-29,Retirada,EUR,Web,142.94,1.43,0
pp_200229,2024-07-01,Compra_online,INR,Movil,106.86,3.1,0
pp_200230,2024-01-12,P2P,USD,Movil,177.8,0.0,0
pp_200231,2024-08-03,Compra_online,EUR,Movil,89.14,2.59,0
pp_200232,2024-05-20,Retirada,EUR,Movil,413.32,4.13,0
pp_200233,2024-06-18,Suscripcion,EUR,Movil,42.99,1.07,0
pp_200234,2024-10-12,P2P,USD,Web,64.23,0.0,0
pp_200235,2024-07-24,Remesa,USD,Web,508.66,25.43,1
pp_200236,2024-12-03,Suscripcion,USD,App_tercero,19.23,0.48,0
pp_200237,2024-07-30,P2P,USD,Web,77.4,0.0,1
pp_200238,2024-07-26,Suscripcion,BRL,Movil,43.64,1.09,1
pp_200239,2024-10-14,Compra_online,BRL,Movil,151.35,4.39,0
pp_200240,2024-01-29,P2P,MXN,Movil,71.86,0.0,0
pp_200241,2024-12-18,Remesa,USD,Web,332.21,16.61,1
pp_200242,2024-09-23,P2P,MXN,Movil,50.33,0.0,0
pp_200243,2024-08-10,Compra_online,EUR,Movil,37.21,1.08,0
pp_200244,2024-12-10,Remesa,USD,Movil,1157.11,57.86,1
pp_200245,2024-07-09,Compra_online,GBP,Movil,57.4,1.66,0
pp_200246,2024-06-12,Compra_online,USD,Movil,104.35,3.03,0
pp_200247,2024-02-21,P2P,EUR,Movil,110.82,0.0,0
pp_200248,2024-11-19,Remesa,INR,Movil,507.17,25.36,0
pp_200249,2024-08-20,Compra_online,EUR,Movil,58.79,1.7,0
pp_200250,2024-05-22,Retirada,USD,Web,398.72,3.99,0
pp_200251,2024-01-17,Retirada,BRL,Movil,348.07,3.48,0
pp_200252,2024-10-17,P2P,EUR,App_tercero,45.02,0.0,0
pp_200253,2024-06-11,P2P,INR,Movil,46.0,0.0,0
pp_200254,2024-02-16,Retirada,USD,Web,411.09,4.11,0
pp_200255,2024-12-23,Remesa,INR,Movil,413.02,20.65,1
pp_200256,2024-06-16,Compra_online,BRL,App_tercero,200.51,5.81,0
pp_200257,2024-06-16,Compra_online,EUR,Movil,203.73,5.91,1
pp_200258,2024-04-25,Remesa,EUR,App_tercero,900.09,45.0,1
pp_200259,2024-02-27,P2P,INR,Movil,52.8,0.0,0
pp_200260,2024-02-24,Retirada,USD,Movil,182.05,1.82,1
pp_200261,2024-03-12,Compra_online,BRL,Movil,84.48,2.45,0
pp_200262,2024-02-11,Remesa,GBP,Web,773.54,38.68,1
pp_200263,2024-02-03,P2P,EUR,App_tercero,61.19,0.0,0
pp_200264,2024-02-29,Compra_online,USD,Movil,96.5,2.8,0
pp_200265,2024-06-08,P2P,MXN,Movil,49.63,0.0,1
pp_200266,2024-04-11,P2P,EUR,Movil,56.6,0.0,0
pp_200267,2024-12-30,Compra_online,EUR,Movil,109.41,3.17,0
pp_200268,2024-06-29,P2P,GBP,Movil,305.63,0.0,0
pp_200269,2024-11-24,Compra_online,USD,Web,78.96,2.29,0
pp_200270,2024-06-08,Compra_online,GBP,Web,90.57,2.63,0
pp_200271,2024-08-30,Suscripcion,INR,Movil,34.49,0.86,0
pp_200272,2024-05-07,Compra_online,MXN,Movil,31.3,0.91,0
pp_200273,2024-02-18,P2P,GBP,Web,52.5,0.0,0
pp_200274,2024-04-30,P2P,INR,Movil,198.03,0.0,0
pp_200275,2024-07-12,Remesa,MXN,Web,181.58,9.08,1
pp_200276,2024-09-15,Compra_online,USD,Movil,55.22,1.6,1
pp_200277,2024-07-20,Suscripcion,USD,Movil,31.34,0.78,0
pp_200278,2024-03-07,Remesa,EUR,Web,206.66,10.33,1
pp_200279,2024-03-05,Compra_online,EUR,Movil,82.47,2.39,0
pp_200280,2024-11-25,P2P,USD,Movil,112.31,0.0,0
pp_200281,2024-03-27,Remesa,INR,Movil,256.65,12.83,0
pp_200282,2024-05-11,Retirada,GBP,Web,184.06,1.84,0
pp_200283,2024-06-17,P2P,USD,Movil,92.43,0.0,0
pp_200284,2024-03-13,Compra_online,EUR,Web,346.81,10.06,0
pp_200285,2024-10-17,Remesa,INR,Web,266.58,13.33,1
pp_200286,2024-12-30,Compra_online,USD,Web,72.02,2.09,0
pp_200287,2024-07-22,P2P,USD,Movil,36.14,0.0,0
pp_200288,2024-03-23,Compra_online,BRL,Web,51.04,1.48,1
pp_200289,2024-10-24,P2P,BRL,Movil,33.88,0.0,0
pp_200290,2024-12-26,P2P,USD,App_tercero,67.21,0.0,0
pp_200291,2024-06-07,P2P,MXN,Web,59.46,0.0,0
pp_200292,2024-03-17,P2P,USD,Movil,12.74,0.0,1
pp_200293,2024-03-17,Compra_online,MXN,Movil,78.19,2.27,0
pp_200294,2024-09-28,Compra_online,USD,Movil,61.79,1.79,0
pp_200295,2024-11-11,Suscripcion,GBP,App_tercero,34.32,0.86,0
pp_200296,2024-05-31,Retirada,USD,Web,202.08,2.02,1
pp_200297,2024-06-20,P2P,USD,Movil,85.63,0.0,0
pp_200298,2024-04-10,Retirada,MXN,Movil,175.99,1.76,0
pp_200299,2024-02-19,Retirada,EUR,Movil,60.53,0.61,0
pp_200300,2024-05-23,P2P,USD,Web,102.27,0.0,0
pp_200301,2024-12-01,Remesa,BRL,Movil,416.07,20.8,0
pp_200302,2024-02-28,P2P,GBP,Web,59.29,0.0,0
pp_200303,2024-12-09,Suscripcion,EUR,Web,21.68,0.54,0
pp_200304,2024-04-22,Remesa,MXN,Movil,503.81,25.19,1
pp_200305,2024-07-03,Compra_online,EUR,Movil,52.29,1.52,0
pp_200306,2024-05-03,P2P,MXN,Web,50.85,0.0,1
pp_200307,2024-10-18,Retirada,MXN,App_tercero,1116.52,11.17,0
pp_200308,2024-08-13,Suscripcion,EUR,App_tercero,15.36,0.38,0
pp_200309,2024-11-16,P2P,MXN,Movil,19.6,0.0,0
pp_200310,2024-12-08,P2P,MXN,Movil,119.86,0.0,0
pp_200311,2024-10-30,P2P,USD,Web,41.18,0.0,0
pp_200312,2024-06-01,P2P,EUR,Web,71.37,0.0,0
pp_200313,2024-12-11,P2P,MXN,Movil,22.81,0.0,0
pp_200314,2024-10-18,Remesa,USD,Movil,230.97,11.55,1
pp_200315,2024-03-25,P2P,INR,Web,66.24,0.0,0
pp_200316,2024-01-07,Compra_online,EUR,Movil,101.95,2.96,0
pp_200317,2024-11-21,Remesa,EUR,Movil,295.63,14.78,0
pp_200318,2024-02-18,Retirada,INR,Movil,321.02,3.21,0
pp_200319,2024-02-02,P2P,USD,App_tercero,132.09,0.0,1
pp_200320,2024-04-22,Remesa,EUR,Web,328.52,16.43,0
pp_200321,2024-08-21,Compra_online,MXN,Movil,161.24,4.68,0
pp_200322,2024-10-19,P2P,MXN,Movil,45.71,0.0,0
pp_200323,2024-11-04,Compra_online,GBP,Web,56.76,1.65,0
pp_200324,2024-12-26,P2P,USD,Web,38.9,0.0,0
pp_200325,2024-07-27,P2P,EUR,Web,293.45,0.0,0
pp_200326,2024-10-01,P2P,GBP,Web,38.6,0.0,1
pp_200327,2024-06-12,Compra_online,USD,Movil,44.71,1.3,0
pp_200328,2024-07-16,P2P,BRL,Movil,63.1,0.0,0
pp_200329,2024-07-01,Compra_online,INR,Movil,98.51,2.86,0
pp_200330,2024-05-02,Suscripcion,USD,Movil,4.54,0.11,0
pp_200331,2024-06-29,Compra_online,INR,Movil,104.98,3.04,0
pp_200332,2024-09-16,P2P,USD,Movil,48.61,0.0,0
pp_200333,2024-01-12,Compra_online,USD,App_tercero,62.34,1.81,0
pp_200334,2024-04-01,P2P,GBP,Movil,64.01,0.0,0
pp_200335,2024-11-27,Compra_online,MXN,Web,21.66,0.63,0
pp_200336,2024-01-04,P2P,USD,Movil,43.42,0.0,0
pp_200337,2024-12-28,Compra_online,GBP,Web,145.64,4.22,0
pp_200338,2024-06-13,Compra_online,BRL,Movil,155.25,4.5,0
pp_200339,2024-12-26,Retirada,MXN,Movil,96.06,0.96,0
pp_200340,2024-10-22,Compra_online,EUR,Web,70.92,2.06,0
pp_200341,2024-05-02,Compra_online,USD,Movil,29.8,0.86,0
pp_200342,2024-02-10,P2P,MXN,Movil,45.84,0.0,0
pp_200343,2024-03-05,Suscripcion,USD,Movil,34.86,0.87,0
pp_200344,2024-09-04,P2P,BRL,Movil,22.57,0.0,0
pp_200345,2024-06-11,P2P,MXN,Web,66.98,0.0,1
pp_200346,2024-02-21,Retirada,EUR,Movil,386.63,3.87,0
pp_200347,2024-09-22,Compra_online,INR,Movil,141.67,4.11,0
pp_200348,2024-05-11,Compra_online,USD,Movil,230.01,6.67,0
pp_200349,2024-01-07,Compra_online,GBP,Web,97.75,2.83,0
pp_200350,2024-03-06,Suscripcion,USD,Movil,11.28,0.28,0
pp_200351,2024-01-16,P2P,EUR,Movil,43.79,0.0,0
pp_200352,2024-07-08,Retirada,USD,App_tercero,191.73,1.92,0
pp_200353,2024-12-14,P2P,MXN,App_tercero,81.38,0.0,0
pp_200354,2024-06-25,Compra_online,USD,Web,195.56,5.67,0
pp_200355,2024-06-01,Compra_online,USD,Web,39.53,1.15,0
pp_200356,2024-02-17,Remesa,EUR,Movil,138.88,6.94,0
pp_200357,2024-09-25,Compra_online,USD,Movil,64.08,1.86,0
pp_200358,2024-10-14,Suscripcion,USD,Web,24.42,0.61,0
pp_200359,2024-03-29,Compra_online,INR,Movil,35.99,1.04,0
pp_200360,2024-05-31,P2P,USD,Web,31.75,0.0,1
pp_200361,2024-06-22,Remesa,USD,Movil,202.46,10.12,1
pp_200362,2024-05-09,Remesa,EUR,App_tercero,261.87,13.09,1
pp_200363,2024-11-19,Compra_online,USD,Movil,50.83,1.47,1
pp_200364,2024-04-08,P2P,USD,Movil,104.79,0.0,0
pp_200365,2024-04-12,P2P,GBP,Movil,102.85,0.0,1
pp_200366,2024-01-03,P2P,USD,Movil,67.61,0.0,0
pp_200367,2024-05-18,Compra_online,EUR,Movil,97.66,2.83,0
pp_200368,2024-12-24,Compra_online,USD,Web,124.51,3.61,1
pp_200369,2024-08-08,Remesa,USD,Web,300.14,15.01,0
pp_200370,2024-10-17,Retirada,USD,Movil,284.55,2.85,1
pp_200371,2024-05-03,Retirada,USD,Movil,482.63,4.83,0
pp_200372,2024-12-26,Compra_online,INR,Movil,84.4,2.45,0
pp_200373,2024-04-07,Compra_online,USD,Movil,118.66,3.44,0
pp_200374,2024-02-17,Retirada,USD,Movil,82.57,0.83,0
pp_200375,2024-04-12,Remesa,EUR,Movil,799.59,39.98,1
pp_200376,2024-06-18,P2P,USD,Movil,100.5,0.0,0
pp_200377,2024-03-07,Suscripcion,USD,Movil,39.68,0.99,0
pp_200378,2024-01-16,Compra_online,EUR,Web,134.96,3.91,0
pp_200379,2024-11-25,Compra_online,USD,Movil,191.31,5.55,0
pp_200380,2024-02-25,Suscripcion,USD,Web,17.71,0.44,0
pp_200381,2024-09-16,Suscripcion,INR,Movil,30.26,0.76,0
pp_200382,2024-08-09,Compra_online,USD,Web,83.1,2.41,0
pp_200383,2024-04-06,P2P,USD,Movil,49.96,0.0,1
pp_200384,2024-05-05,P2P,USD,Movil,62.3,0.0,0
pp_200385,2024-04-30,P2P,USD,Movil,67.04,0.0,0
pp_200386,2024-01-25,Retirada,EUR,Movil,135.17,1.35,0
pp_200387,2024-10-06,Remesa,BRL,Movil,341.91,17.1,0
pp_200388,2024-01-14,P2P,INR,Movil,176.76,0.0,0
pp_200389,2024-02-04,Suscripcion,USD,Web,17.47,0.44,0
pp_200390,2024-08-29,Remesa,USD,Movil,420.58,21.03,1
pp_200391,2024-06-13,P2P,EUR,Movil,62.69,0.0,0
pp_200392,2024-06-20,Remesa,EUR,Movil,330.06,16.5,1
pp_200393,2024-04-04,Compra_online,USD,Movil,58.91,1.71,0
pp_200394,2024-07-30,Remesa,USD,App_tercero,245.6,12.28,0
pp_200395,2024-11-02,P2P,EUR,Movil,75.02,0.0,0
pp_200396,2024-04-05,P2P,INR,Movil,79.07,0.0,0
pp_200397,2024-01-22,Compra_online,MXN,Movil,92.93,2.69,0
pp_200398,2024-04-05,Suscripcion,USD,App_tercero,29.25,0.73,1
pp_200399,2024-04-28,Compra_online,MXN,Movil,59.0,1.71,1
pp_200400,2024-12-03,Retirada,EUR,Web,327.18,3.27,0
pp_200401,2024-02-02,P2P,INR,App_tercero,38.98,0.0,0
pp_200402,2024-06-23,Compra_online,EUR,Movil,107.47,3.12,0
pp_200403,2024-09-15,P2P,USD,Web,264.85,0.0,0
pp_200404,2024-11-07,P2P,INR,Web,60.73,0.0,1
pp_200405,2024-04-27,Compra_online,EUR,Movil,44.3,1.28,0
pp_200406,2024-04-30,P2P,EUR,Movil,52.89,0.0,0
pp_200407,2024-05-22,Compra_online,EUR,Web,90.58,2.63,0
pp_200408,2024-09-17,Retirada,EUR,App_tercero,285.28,2.85,1
pp_200409,2024-06-06,Suscripcion,INR,Movil,86.81,2.17,0
pp_200410,2024-08-06,P2P,MXN,Movil,38.09,0.0,0
pp_200411,2024-08-18,Compra_online,MXN,Web,39.37,1.14,1
pp_200412,2024-01-08,Compra_online,USD,Web,103.21,2.99,0
pp_200413,2024-03-09,Compra_online,MXN,Movil,40.93,1.19,0
pp_200414,2024-08-02,Remesa,USD,Movil,756.64,37.83,0
pp_200415,2024-08-11,P2P,USD,Movil,19.82,0.0,1
pp_200416,2024-03-28,P2P,MXN,App_tercero,56.55,0.0,0
pp_200417,2024-06-26,Compra_online,USD,Movil,101.02,2.93,0
pp_200418,2024-10-05,Remesa,INR,Movil,352.5,17.62,1
pp_200419,2024-05-08,P2P,USD,Web,16.48,0.0,0
pp_200420,2024-05-25,P2P,USD,Movil,113.32,0.0,0
pp_200421,2024-12-26,P2P,USD,Movil,14.96,0.0,0
pp_200422,2024-03-18,Compra_online,BRL,Movil,117.17,3.4,0
pp_200423,2024-11-13,Compra_online,EUR,Movil,116.2,3.37,1
pp_200424,2024-09-15,Suscripcion,USD,Web,47.86,1.2,0
pp_200425,2024-11-01,P2P,USD,Movil,32.18,0.0,0
pp_200426,2024-11-21,Compra_online,EUR,Web,329.45,9.55,0
pp_200427,2024-12-28,P2P,BRL,Movil,156.41,0.0,0
pp_200428,2024-05-08,Suscripcion,GBP,Movil,33.19,0.83,0
pp_200429,2024-07-09,Compra_online,USD,Movil,85.7,2.49,0
pp_200430,2024-12-19,P2P,BRL,Web,67.56,0.0,0
pp_200431,2024-11-06,P2P,USD,Movil,42.53,0.0,0
pp_200432,2024-05-05,Retirada,USD,Web,379.12,3.79,0
pp_200433,2024-10-03,Compra_online,USD,Web,43.11,1.25,0
pp_200434,2024-09-10,P2P,USD,Movil,94.67,0.0,0
pp_200435,2024-10-02,Remesa,MXN,Movil,355.45,17.77,1
pp_200436,2024-03-13,P2P,INR,Web,29.84,0.0,0
pp_200437,2024-07-15,Compra_online,USD,Movil,64.79,1.88,1
pp_200438,2024-02-26,Retirada,USD,Movil,193.79,1.94,1
pp_200439,2024-11-25,Suscripcion,USD,Web,25.76,0.64,0
pp_200440,2024-03-10,Remesa,MXN,Web,222.83,11.14,0
pp_200441,2024-12-16,Compra_online,GBP,Movil,82.36,2.39,0
pp_200442,2024-01-22,P2P,USD,Movil,32.24,0.0,0
pp_200443,2024-01-18,Compra_online,EUR,Web,62.2,1.8,0
pp_200444,2024-10-11,Suscripcion,MXN,Web,37.41,0.94,0
pp_200445,2024-02-07,P2P,EUR,Web,41.24,0.0,1
pp_200446,2024-12-17,Compra_online,USD,Web,184.87,5.36,0
pp_200447,2024-08-04,Compra_online,EUR,Web,23.1,0.67,0
pp_200448,2024-12-02,Compra_online,USD,Movil,187.97,5.45,0
pp_200449,2024-12-11,Compra_online,USD,Movil,174.51,5.06,0
pp_200450,2024-03-11,Compra_online,MXN,Web,42.71,1.24,0
pp_200451,2024-01-19,Retirada,BRL,Movil,106.38,1.06,0
pp_200452,2024-07-01,Remesa,EUR,Movil,232.22,11.61,0
pp_200453,2024-10-30,P2P,USD,App_tercero,33.62,0.0,0
pp_200454,2024-09-13,Suscripcion,EUR,Movil,6.88,0.17,1
pp_200455,2024-03-26,Remesa,USD,Movil,195.66,9.78,1
pp_200456,2024-06-07,P2P,EUR,Movil,60.68,0.0,0
pp_200457,2024-02-25,Retirada,BRL,Web,215.43,2.15,0
pp_200458,2024-03-04,Suscripcion,GBP,Movil,89.16,2.23,0
pp_200459,2024-10-13,Compra_online,USD,Movil,91.62,2.66,0
pp_200460,2024-06-11,Compra_online,USD,Movil,84.87,2.46,0
pp_200461,2024-03-04,P2P,USD,Movil,281.97,0.0,0
pp_200462,2024-04-03,Retirada,USD,Web,309.28,3.09,0
pp_200463,2024-06-18,P2P,GBP,Web,174.08,0.0,0
pp_200464,2024-01-30,Compra_online,EUR,Movil,280.73,8.14,0
pp_200465,2024-12-30,P2P,EUR,Web,163.95,0.0,0
pp_200466,2024-05-09,Compra_online,GBP,Web,73.19,2.12,0
pp_200467,2024-01-29,P2P,USD,Movil,127.99,0.0,1
pp_200468,2024-11-11,Compra_online,EUR,Web,94.11,2.73,0
pp_200469,2024-02-15,P2P,BRL,Movil,92.25,0.0,0
pp_200470,2024-06-28,Retirada,EUR,Web,364.43,3.64,0
pp_200471,2024-01-12,P2P,GBP,Movil,85.13,0.0,0
pp_200472,2024-02-19,Remesa,MXN,Movil,420.16,21.01,1
pp_200473,2024-06-29,P2P,BRL,Web,77.14,0.0,0
pp_200474,2024-09-18,Retirada,USD,App_tercero,108.64,1.09,0
pp_200475,2024-07-24,Compra_online,USD,Movil,133.03,3.86,0
pp_200476,2024-08-13,Remesa,GBP,Movil,180.77,9.04,1
pp_200477,2024-03-17,Remesa,USD,Web,301.1,15.06,1
pp_200478,2024-01-02,Remesa,USD,Web,858.71,42.94,0
pp_200479,2024-08-31,Remesa,INR,Movil,527.12,26.36,0
pp_200480,2024-10-06,Compra_online,INR,Movil,22.26,0.65,1
pp_200481,2024-03-23,Remesa,EUR,Movil,730.4,36.52,1
pp_200482,2024-04-20,Remesa,BRL,Movil,126.05,6.3,1
pp_200483,2024-08-12,Compra_online,EUR,Movil,52.85,1.53,0
pp_200484,2024-08-01,Compra_online,MXN,Web,52.64,1.53,0
pp_200485,2024-11-08,P2P,EUR,Movil,154.7,0.0,0
pp_200486,2024-01-23,Suscripcion,USD,Movil,12.53,0.31,0
pp_200487,2024-11-16,Retirada,BRL,Movil,488.97,4.89,1
pp_200488,2024-09-24,Compra_online,BRL,Web,128.34,3.72,0
pp_200489,2024-10-24,Suscripcion,EUR,Web,78.82,1.97,1
pp_200490,2024-12-17,Suscripcion,INR,Movil,6.62,0.17,0
pp_200491,2024-03-23,Compra_online,INR,Movil,43.7,1.27,0
pp_200492,2024-11-04,Remesa,EUR,Movil,250.92,12.55,0
pp_200493,2024-10-14,P2P,EUR,Web,59.17,0.0,0
pp_200494,2024-01-21,Compra_online,USD,Movil,119.38,3.46,1
pp_200495,2024-07-12,Suscripcion,EUR,Movil,34.35,0.86,1
pp_200496,2024-10-09,Remesa,EUR,Web,113.12,5.66,1
pp_200497,2024-06-30,P2P,USD,Web,24.5,0.0,1
pp_200498,2024-07-26,Remesa,MXN,Web,624.13,31.21,0
pp_200499,2024-07-11,Suscripcion,BRL,Movil,11.48,0.29,1
pp_200500,2024-04-14,Retirada,EUR,Web,277.92,2.78,0
pp_200501,2024-02-29,Remesa,BRL,Movil,303.68,15.18,1
pp_200502,2024-10-15,Suscripcion,EUR,Movil,28.0,0.7,1
pp_200503,2024-02-07,Suscripcion,EUR,Movil,28.35,0.71,0
pp_200504,2024-06-17,Compra_online,INR,Movil,308.44,8.94,1
pp_200505,2024-09-27,Retirada,BRL,Movil,206.26,2.06,0
pp_200506,2024-06-14,Suscripcion,MXN,App_tercero,66.24,1.66,1
pp_200507,2024-08-06,P2P,USD,Movil,135.15,0.0,1
pp_200508,2024-06-11,P2P,USD,Web,28.73,0.0,1
pp_200509,2024-01-11,Compra_online,USD,Web,36.76,1.07,0
pp_200510,2024-12-05,P2P,GBP,Movil,36.9,0.0,0
pp_200511,2024-09-27,Compra_online,USD,Web,23.75,0.69,0
pp_200512,2024-12-14,Compra_online,EUR,Web,127.27,3.69,0
pp_200513,2024-08-25,P2P,EUR,Movil,43.37,0.0,0
pp_200514,2024-08-02,Compra_online,USD,Movil,120.71,3.5,0
pp_200515,2024-01-24,Remesa,EUR,Movil,213.71,10.69,0
pp_200516,2024-03-14,P2P,MXN,App_tercero,41.8,0.0,0
pp_200517,2024-09-30,Compra_online,EUR,Movil,126.98,3.68,1
pp_200518,2024-03-23,Compra_online,USD,Movil,42.75,1.24,0
pp_200519,2024-01-14,Compra_online,EUR,Movil,32.44,0.94,0
pp_200520,2024-03-12,P2P,EUR,Movil,60.3,0.0,1
pp_200521,2024-02-04,Compra_online,USD,Movil,28.91,0.84,1
pp_200522,2024-07-27,Retirada,USD,Movil,193.59,1.94,0
pp_200523,2024-08-14,Compra_online,INR,Movil,168.87,4.9,0
pp_200524,2024-06-05,Compra_online,EUR,Movil,125.3,3.63,1
pp_200525,2024-12-30,Compra_online,GBP,App_tercero,127.6,3.7,0
pp_200526,2024-02-13,Compra_online,MXN,Movil,55.04,1.6,0
pp_200527,2024-06-15,P2P,USD,Web,71.15,0.0,0
pp_200528,2024-03-02,Retirada,USD,Movil,165.57,1.66,1
pp_200529,2024-08-03,Suscripcion,EUR,Movil,11.69,0.29,0
pp_200530,2024-09-27,P2P,EUR,Web,89.56,0.0,0
pp_200531,2024-04-27,P2P,USD,Movil,12.48,0.0,0
pp_200532,2024-07-16,Remesa,USD,Movil,396.32,19.82,1
pp_200533,2024-10-19,Retirada,BRL,Movil,300.42,3.0,1
pp_200534,2024-04-28,Retirada,EUR,Movil,282.09,2.82,1
pp_200535,2024-03-31,Retirada,MXN,App_tercero,90.0,0.9,0
pp_200536,2024-12-29,P2P,EUR,Movil,40.53,0.0,0
pp_200537,2024-03-08,Compra_online,GBP,Movil,189.14,5.49,0
pp_200538,2024-03-04,Remesa,GBP,Web,1199.75,59.99,0
pp_200539,2024-08-12,P2P,USD,Web,216.16,0.0,0
pp_200540,2024-12-05,P2P,EUR,Movil,24.61,0.0,0
pp_200541,2024-10-27,P2P,EUR,Movil,23.31,0.0,0
pp_200542,2024-06-20,P2P,INR,Movil,125.69,0.0,0
pp_200543,2024-03-30,Suscripcion,USD,Web,14.78,0.37,1
pp_200544,2024-06-13,P2P,MXN,Movil,54.7,0.0,0
pp_200545,2024-09-12,P2P,MXN,App_tercero,26.46,0.0,0
pp_200546,2024-03-05,P2P,EUR,Web,13.53,0.0,0
pp_200547,2024-04-24,P2P,USD,Web,24.68,0.0,0
pp_200548,2024-02-17,Remesa,USD,Movil,104.41,5.22,0
pp_200549,2024-09-15,Compra_online,USD,Movil,81.89,2.37,0
pp_200550,2024-09-06,Retirada,MXN,Movil,121.28,1.21,0
pp_200551,2024-12-02,P2P,BRL,Movil,52.32,0.0,0
pp_200552,2024-07-03,Compra_online,EUR,Web,98.5,2.86,0
pp_200553,2024-04-08,Compra_online,EUR,Movil,81.56,2.37,0
pp_200554,2024-04-25,Compra_online,EUR,Movil,434.57,12.6,0
pp_200555,2024-01-06,Retirada,MXN,Web,71.07,0.71,0
pp_200556,2024-03-23,Compra_online,GBP,Web,70.34,2.04,0
pp_200557,2024-02-11,Suscripcion,MXN,Web,49.9,1.25,0
pp_200558,2024-02-17,Compra_online,EUR,App_tercero,20.31,0.59,0
pp_200559,2024-06-19,P2P,USD,Movil,60.56,0.0,0
pp_200560,2024-07-31,P2P,INR,Web,55.95,0.0,0
pp_200561,2024-05-01,Suscripcion,USD,App_tercero,27.56,0.69,0
pp_200562,2024-10-06,Suscripcion,GBP,Movil,23.0,0.58,1
pp_200563,2024-09-03,P2P,USD,Movil,86.52,0.0,0
pp_200564,2024-08-16,Compra_online,USD,Movil,45.16,1.31,1
pp_200565,2024-09-09,Retirada,EUR,App_tercero,131.21,1.31,1
pp_200566,2024-01-15,Suscripcion,MXN,Web,28.17,0.7,0
pp_200567,2024-05-17,P2P,USD,App_tercero,33.2,0.0,0
pp_200568,2024-05-03,Suscripcion,MXN,Web,60.72,1.52,1
pp_200569,2024-01-01,Compra_online,EUR,Movil,61.32,1.78,0
pp_200570,2024-02-14,P2P,USD,App_tercero,100.67,0.0,0
pp_200571,2024-12-18,P2P,MXN,Web,37.67,0.0,1
pp_200572,2024-03-04,P2P,USD,Web,152.06,0.0,0
pp_200573,2024-09-17,Retirada,GBP,Movil,362.83,3.63,0
pp_200574,2024-10-29,P2P,EUR,App_tercero,65.8,0.0,0
pp_200575,2024-03-04,P2P,USD,Web,103.55,0.0,1
pp_200576,2024-03-20,P2P,USD,Movil,33.7,0.0,0
pp_200577,2024-08-25,Compra_online,EUR,Movil,100.74,2.92,0
pp_200578,2024-11-06,Remesa,INR,App_tercero,414.52,20.73,0
pp_200579,2024-06-01,P2P,USD,Movil,27.3,0.0,0
pp_200580,2024-04-02,Suscripcion,MXN,Web,21.9,0.55,0
pp_200581,2024-05-09,P2P,USD,Movil,77.86,0.0,0
pp_200582,2024-06-19,Remesa,GBP,Movil,386.7,19.34,0
pp_200583,2024-03-12,Suscripcion,EUR,Movil,162.25,4.06,0
pp_200584,2024-03-29,P2P,USD,Movil,87.97,0.0,0
pp_200585,2024-05-10,P2P,BRL,Movil,38.88,0.0,0
pp_200586,2024-04-20,P2P,EUR,Movil,118.87,0.0,0
pp_200587,2024-06-21,Retirada,EUR,Movil,325.74,3.26,1
pp_200588,2024-01-02,Remesa,USD,Movil,475.21,23.76,1
pp_200589,2024-01-30,Suscripcion,USD,Movil,9.64,0.24,0
pp_200590,2024-04-24,P2P,MXN,App_tercero,55.33,0.0,0
pp_200591,2024-08-05,Suscripcion,MXN,Web,16.73,0.42,0
pp_200592,2024-01-13,Compra_online,USD,Movil,66.86,1.94,1
pp_200593,2024-04-10,P2P,USD,Web,57.47,0.0,0
pp_200594,2024-07-18,P2P,EUR,Movil,23.87,0.0,0
pp_200595,2024-06-28,Compra_online,INR,Web,26.57,0.77,0
pp_200596,2024-02-01,P2P,INR,Movil,57.42,0.0,0
pp_200597,2024-09-20,P2P,USD,Movil,172.65,0.0,1
pp_200598,2024-06-26,Retirada,INR,Movil,452.7,4.53,0
pp_200599,2024-01-24,Suscripcion,USD,Movil,29.98,0.75,1
pp_200600,2024-12-06,Compra_online,MXN,Web,33.04,0.96,0
pp_200601,2024-05-28,Remesa,EUR,Movil,629.3,31.46,1
pp_200602,2024-07-24,P2P,USD,Movil,32.48,0.0,0
pp_200603,2024-11-19,P2P,EUR,Movil,42.56,0.0,1
pp_200604,2024-11-19,P2P,EUR,Web,33.83,0.0,0
pp_200605,2024-10-10,Compra_online,USD,Movil,38.48,1.12,0
pp_200606,2024-03-04,Compra_online,EUR,Movil,288.07,8.35,0
pp_200607,2024-09-01,P2P,EUR,Web,23.18,0.0,0
pp_200608,2024-01-01,Compra_online,GBP,Web,103.21,2.99,0
pp_200609,2024-11-22,P2P,BRL,Movil,57.5,0.0,0
pp_200610,2024-02-20,P2P,BRL,Movil,115.81,0.0,0
pp_200611,2024-11-13,Retirada,EUR,Movil,103.63,1.04,0
pp_200612,2024-03-29,Retirada,EUR,Movil,231.33,2.31,0
pp_200613,2024-12-22,P2P,MXN,App_tercero,103.14,0.0,1
pp_200614,2024-07-01,Suscripcion,GBP,Movil,47.27,1.18,0
pp_200615,2024-11-28,Remesa,MXN,Movil,324.28,16.21,1
pp_200616,2024-06-22,P2P,GBP,Movil,49.27,0.0,1
pp_200617,2024-04-19,P2P,GBP,Web,102.43,0.0,0
pp_200618,2024-05-09,Remesa,EUR,Web,382.97,19.15,1
pp_200619,2024-07-12,P2P,BRL,App_tercero,106.94,0.0,0
pp_200620,2024-12-28,Compra_online,INR,Movil,205.32,5.95,0
pp_200621,2024-04-30,P2P,USD,Web,69.77,0.0,1
pp_200622,2024-09-12,P2P,EUR,Web,49.21,0.0,0
pp_200623,2024-10-03,P2P,BRL,Web,39.87,0.0,1
pp_200624,2024-01-12,P2P,INR,Web,30.53,0.0,0
pp_200625,2024-01-08,Remesa,EUR,Web,303.96,15.2,1
pp_200626,2024-10-17,Remesa,MXN,Web,223.8,11.19,1
pp_200627,2024-12-19,Compra_online,EUR,Movil,129.47,3.75,0
pp_200628,2024-04-13,Compra_online,BRL,App_tercero,112.39,3.26,0
pp_200629,2024-06-10,Suscripcion,BRL,Movil,41.08,1.03,0
pp_200630,2024-07-12,Suscripcion,MXN,Movil,24.3,0.61,0
pp_200631,2024-08-11,P2P,MXN,Web,62.82,0.0,0
pp_200632,2024-12-20,Remesa,EUR,Movil,321.8,16.09,0
pp_200633,2024-09-19,Compra_online,EUR,Web,110.97,3.22,0
pp_200634,2024-11-22,Retirada,MXN,App_tercero,560.9,5.61,0
pp_200635,2024-10-03,Compra_online,USD,Movil,91.17,2.64,0
pp_200636,2024-09-05,Remesa,USD,Movil,334.66,16.73,1
pp_200637,2024-02-09,P2P,BRL,Movil,41.16,0.0,1
pp_200638,2024-09-17,Compra_online,USD,Web,140.82,4.08,0
pp_200639,2024-08-04,P2P,USD,Web,103.02,0.0,0
pp_200640,2024-02-29,P2P,USD,Movil,84.64,0.0,0
pp_200641,2024-02-11,Remesa,BRL,Movil,108.48,5.42,1
pp_200642,2024-06-05,P2P,MXN,Movil,92.01,0.0,0
pp_200643,2024-07-07,Suscripcion,EUR,App_tercero,46.59,1.16,0
pp_200644,2024-03-06,Remesa,BRL,Movil,534.51,26.73,1
pp_200645,2024-10-05,P2P,USD,Movil,49.25,0.0,0
pp_200646,2024-08-17,Remesa,USD,Web,681.19,34.06,0
pp_200647,2024-10-16,Compra_online,MXN,App_tercero,36.94,1.07,0
pp_200648,2024-03-25,Compra_online,MXN,Movil,124.56,3.61,0
pp_200649,2024-10-21,P2P,USD,App_tercero,77.02,0.0,0
pp_200650,2024-10-09,P2P,USD,Movil,95.02,0.0,0
pp_200651,2024-01-02,P2P,USD,Movil,179.84,0.0,0
pp_200652,2024-06-10,P2P,GBP,Web,178.96,0.0,0
pp_200653,2024-05-13,P2P,USD,App_tercero,115.65,0.0,0
pp_200654,2024-03-16,Compra_online,BRL,Web,108.75,3.15,0
pp_200655,2024-09-03,Suscripcion,USD,Movil,52.1,1.3,0
pp_200656,2024-04-06,Compra_online,EUR,Movil,175.27,5.08,0
pp_200657,2024-10-21,Compra_online,USD,Movil,127.68,3.7,1
pp_200658,2024-06-06,P2P,MXN,Movil,53.27,0.0,0
pp_200659,2024-11-10,P2P,USD,Movil,108.85,0.0,0
pp_200660,2024-03-21,P2P,USD,Movil,58.14,0.0,1
pp_200661,2024-03-18,Retirada,BRL,Web,82.34,0.82,0
pp_200662,2024-11-05,P2P,USD,Movil,74.49,0.0,0
pp_200663,2024-08-11,P2P,EUR,Web,57.95,0.0,0
pp_200664,2024-12-28,Compra_online,USD,Movil,486.66,14.11,1
pp_200665,2024-06-04,Compra_online,USD,Movil,461.79,13.39,0
pp_200666,2024-10-15,Compra_online,EUR,Movil,26.82,0.78,1
pp_200667,2024-07-17,Remesa,EUR,Movil,213.3,10.67,1
pp_200668,2024-07-16,Compra_online,BRL,Movil,155.38,4.51,0
pp_200669,2024-01-23,P2P,USD,Web,38.67,0.0,0
pp_200670,2024-11-24,Remesa,MXN,App_tercero,330.54,16.53,0
pp_200671,2024-10-31,Suscripcion,MXN,App_tercero,15.83,0.4,0
pp_200672,2024-11-08,Compra_online,BRL,Movil,216.61,6.28,0
pp_200673,2024-12-18,P2P,MXN,Web,38.14,0.0,0
pp_200674,2024-06-22,Compra_online,EUR,Movil,221.37,6.42,0
pp_200675,2024-09-22,Remesa,EUR,Movil,495.03,24.75,0
pp_200676,2024-10-06,Compra_online,USD,Web,85.26,2.47,0
pp_200677,2024-04-23,P2P,USD,Movil,19.83,0.0,0
pp_200678,2024-03-27,Compra_online,EUR,Movil,119.6,3.47,0
pp_200679,2024-03-01,Retirada,USD,Movil,100.89,1.01,1
pp_200680,2024-08-27,Remesa,EUR,Movil,474.09,23.7,0
pp_200681,2024-12-09,Retirada,GBP,Web,283.25,2.83,0
pp_200682,2024-06-28,Suscripcion,USD,Web,6.43,0.16,1
pp_200683,2024-11-02,Retirada,USD,Movil,99.85,1.0,0
pp_200684,2024-01-04,P2P,EUR,Web,34.73,0.0,0
pp_200685,2024-01-09,P2P,EUR,Web,49.38,0.0,0
pp_200686,2024-07-04,Compra_online,USD,Movil,49.18,1.43,0
pp_200687,2024-03-06,P2P,USD,Web,61.97,0.0,0
pp_200688,2024-09-20,Remesa,EUR,Movil,844.9,42.25,1
pp_200689,2024-06-06,Compra_online,EUR,Movil,138.88,4.03,0
pp_200690,2024-05-14,Remesa,GBP,Movil,227.4,11.37,0
pp_200691,2024-07-18,P2P,USD,App_tercero,18.15,0.0,0
pp_200692,2024-09-17,Compra_online,EUR,Movil,159.6,4.63,0
pp_200693,2024-09-07,P2P,MXN,Movil,101.98,0.0,0
pp_200694,2024-08-21,Suscripcion,GBP,App_tercero,21.75,0.54,0
pp_200695,2024-09-15,P2P,USD,Movil,74.18,0.0,0
pp_200696,2024-09-02,Compra_online,GBP,Movil,116.16,3.37,0
pp_200697,2024-09-15,P2P,EUR,Movil,87.94,0.0,0
pp_200698,2024-09-01,Retirada,USD,Movil,199.79,2.0,0
pp_200699,2024-06-19,Compra_online,USD,Movil,304.93,8.84,0
pp_200700,2024-05-10,Compra_online,USD,App_tercero,60.2,1.75,0
pp_200701,2024-09-19,Retirada,MXN,Movil,186.28,1.86,0
pp_200702,2024-06-25,Remesa,INR,Movil,255.94,12.8,0
pp_200703,2024-07-07,Compra_online,INR,Web,47.49,1.38,0
pp_200704,2024-03-27,P2P,USD,Movil,48.47,0.0,0
pp_200705,2024-07-13,Compra_online,GBP,Web,81.34,2.36,0
pp_200706,2024-07-20,Remesa,EUR,Movil,758.02,37.9,1
pp_200707,2024-05-24,P2P,EUR,Movil,70.53,0.0,0
pp_200708,2024-04-25,P2P,BRL,Movil,52.98,0.0,0
pp_200709,2024-07-23,Compra_online,BRL,Movil,68.0,1.97,0
pp_200710,2024-06-13,Compra_online,EUR,Movil,310.44,9.0,0
pp_200711,2024-05-05,Suscripcion,EUR,Movil,14.17,0.35,1
pp_200712,2024-09-29,P2P,GBP,Movil,63.97,0.0,0
pp_200713,2024-02-03,Remesa,USD,Movil,136.74,6.84,0
pp_200714,2024-09-01,Suscripcion,USD,Web,11.64,0.29,0
pp_200715,2024-02-08,Compra_online,USD,Movil,41.44,1.2,0
pp_200716,2024-01-26,Compra_online,USD,Movil,64.07,1.86,0
pp_200717,2024-02-22,Retirada,USD,Movil,562.13,5.62,1
pp_200718,2024-05-16,P2P,USD,Movil,30.19,0.0,0
pp_200719,2024-02-01,Compra_online,EUR,Movil,16.52,0.48,1
pp_200720,2024-07-17,P2P,EUR,App_tercero,210.18,0.0,0
pp_200721,2024-06-03,P2P,USD,Movil,51.04,0.0,1
pp_200722,2024-12-11,Compra_online,USD,Movil,41.03,1.19,0
pp_200723,2024-11-07,P2P,EUR,Movil,12.53,0.0,1
pp_200724,2024-07-20,P2P,GBP,Movil,79.12,0.0,0
pp_200725,2024-01-16,Compra_online,EUR,Movil,158.3,4.59,1
pp_200726,2024-09-25,Suscripcion,USD,Movil,11.94,0.3,0
pp_200727,2024-10-18,Retirada,GBP,Web,486.35,4.86,0
pp_200728,2024-01-23,Compra_online,EUR,Web,68.69,1.99,1
pp_200729,2024-05-23,P2P,BRL,Movil,149.89,0.0,0
pp_200730,2024-08-29,Remesa,USD,App_tercero,1697.69,84.88,1
pp_200731,2024-03-29,P2P,EUR,Web,35.25,0.0,0
pp_200732,2024-04-23,Compra_online,EUR,Web,217.2,6.3,0
pp_200733,2024-12-14,Compra_online,MXN,App_tercero,40.92,1.19,1
pp_200734,2024-10-25,Compra_online,USD,Web,100.17,2.9,0
pp_200735,2024-11-29,P2P,EUR,Web,101.03,0.0,1
pp_200736,2024-12-07,P2P,EUR,Web,23.03,0.0,1
pp_200737,2024-06-13,Compra_online,USD,Web,45.02,1.31,0
pp_200738,2024-06-23,Retirada,EUR,Web,320.04,3.2,1
pp_200739,2024-02-06,Remesa,BRL,Movil,382.05,19.1,1
pp_200740,2024-08-03,Compra_online,GBP,Web,68.54,1.99,0
pp_200741,2024-08-29,Compra_online,USD,App_tercero,101.71,2.95,0
pp_200742,2024-11-21,Suscripcion,BRL,Movil,71.88,1.8,0
pp_200743,2024-10-09,Compra_online,MXN,Movil,32.89,0.95,0
pp_200744,2024-05-28,P2P,EUR,App_tercero,93.56,0.0,0
pp_200745,2024-05-21,Retirada,USD,Movil,318.48,3.18,0
pp_200746,2024-02-22,Retirada,MXN,Web,129.27,1.29,0
pp_200747,2024-07-05,P2P,EUR,Web,30.58,0.0,0
pp_200748,2024-06-04,Compra_online,EUR,Movil,88.71,2.57,0
pp_200749,2024-04-03,P2P,GBP,Movil,78.05,0.0,0
pp_200750,2024-05-30,Compra_online,EUR,Movil,128.35,3.72,1
pp_200751,2024-11-28,P2P,EUR,Movil,68.13,0.0,0
pp_200752,2024-12-28,Remesa,EUR,Web,67.87,3.39,1
pp_200753,2024-05-27,Compra_online,EUR,App_tercero,47.72,1.38,0
pp_200754,2024-12-07,P2P,MXN,Movil,130.28,0.0,0
pp_200755,2024-08-27,Remesa,MXN,Movil,180.46,9.02,1
pp_200756,2024-12-12,Retirada,MXN,Movil,219.25,2.19,1
pp_200757,2024-06-29,P2P,MXN,Movil,106.35,0.0,0
pp_200758,2024-09-06,Compra_online,USD,Web,49.3,1.43,1
pp_200759,2024-03-16,Remesa,USD,Web,894.67,44.73,0
pp_200760,2024-03-28,P2P,USD,Movil,88.0,0.0,0
pp_200761,2024-05-10,Compra_online,USD,Movil,50.86,1.47,0
pp_200762,2024-09-30,P2P,INR,Web,101.2,0.0,1
pp_200763,2024-05-02,P2P,USD,Web,122.29,0.0,1
pp_200764,2024-05-25,Compra_online,USD,App_tercero,55.49,1.61,0
pp_200765,2024-10-09,P2P,USD,Movil,673.29,0.0,0
pp_200766,2024-06-03,Remesa,BRL,Movil,341.84,17.09,0
pp_200767,2024-04-06,Remesa,USD,Movil,416.37,20.82,1
pp_200768,2024-11-04,P2P,USD,Movil,153.1,0.0,1
pp_200769,2024-01-12,Compra_online,INR,Movil,33.14,0.96,0
pp_200770,2024-07-01,P2P,MXN,Web,56.17,0.0,0
pp_200771,2024-10-25,Remesa,MXN,App_tercero,172.5,8.62,0
pp_200772,2024-11-24,Remesa,USD,Movil,405.03,20.25,0
pp_200773,2024-04-15,Suscripcion,USD,Movil,130.05,3.25,1
pp_200774,2024-11-26,Remesa,USD,App_tercero,192.29,9.61,0
pp_200775,2024-08-09,P2P,USD,Movil,146.73,0.0,0
pp_200776,2024-10-27,Compra_online,EUR,Web,106.21,3.08,0
pp_200777,2024-06-21,Suscripcion,INR,Movil,20.88,0.52,1
pp_200778,2024-11-17,Compra_online,EUR,App_tercero,87.06,2.52,0
pp_200779,2024-10-19,P2P,MXN,Movil,157.63,0.0,0
pp_200780,2024-01-16,Remesa,BRL,Movil,996.65,49.83,1
pp_200781,2024-08-14,P2P,USD,Movil,79.23,0.0,0
pp_200782,2024-11-16,Remesa,INR,Movil,524.04,26.2,1
pp_200783,2024-06-22,Remesa,USD,Movil,374.88,18.74,1
pp_200784,2024-07-15,Remesa,USD,Movil,145.98,7.3,1
pp_200785,2024-09-24,Retirada,MXN,Web,244.17,2.44,0
pp_200786,2024-03-28,P2P,USD,Web,44.3,0.0,0
pp_200787,2024-09-10,Retirada,USD,Movil,459.16,4.59,0
pp_200788,2024-10-12,Compra_online,GBP,App_tercero,61.31,1.78,0
pp_200789,2024-08-03,P2P,EUR,Movil,134.95,0.0,0
pp_200790,2024-09-22,P2P,EUR,Movil,218.16,0.0,1
pp_200791,2024-11-24,P2P,EUR,Movil,30.67,0.0,0
pp_200792,2024-02-23,Remesa,BRL,Movil,240.11,12.01,0
pp_200793,2024-08-01,P2P,MXN,Movil,44.04,0.0,0
pp_200794,2024-09-06,Compra_online,USD,Web,116.56,3.38,0
pp_200795,2024-10-19,Suscripcion,USD,Movil,53.85,1.35,0
pp_200796,2024-08-24,Retirada,EUR,Web,251.85,2.52,0
pp_200797,2024-01-20,Suscripcion,USD,Movil,25.77,0.64,1
pp_200798,2024-03-28,P2P,EUR,Movil,41.05,0.0,0
pp_200799,2024-03-24,Compra_online,EUR,Movil,92.22,2.67,0
pp_200800,2024-09-30,P2P,USD,App_tercero,89.32,0.0,0
pp_200801,2024-07-29,Compra_online,BRL,Movil,127.33,3.69,0
pp_200802,2024-11-27,P2P,USD,Web,50.37,0.0,1
pp_200803,2024-06-16,Compra_online,EUR,Movil,109.24,3.17,0
pp_200804,2024-09-05,Retirada,GBP,Web,182.61,1.83,0
pp_200805,2024-02-24,Compra_online,USD,Web,153.46,4.45,0
pp_200806,2024-05-12,P2P,INR,Movil,76.07,0.0,1
pp_200807,2024-08-29,Retirada,USD,App_tercero,185.25,1.85,0
pp_200808,2024-08-24,P2P,EUR,Web,27.08,0.0,0
pp_200809,2024-10-30,Retirada,EUR,Web,150.87,1.51,0
pp_200810,2024-10-07,Remesa,USD,Web,197.14,9.86,1
pp_200811,2024-07-14,Compra_online,BRL,App_tercero,259.97,7.54,0
pp_200812,2024-06-12,Compra_online,EUR,Movil,37.69,1.09,0
pp_200813,2024-01-07,Compra_online,GBP,Movil,82.16,2.38,0
pp_200814,2024-10-11,Compra_online,USD,Web,206.79,6.0,0
pp_200815,2024-07-07,Remesa,USD,Movil,291.11,14.56,1
pp_200816,2024-12-16,P2P,MXN,Movil,142.53,0.0,0
pp_200817,2024-10-10,Remesa,MXN,Movil,118.29,5.91,0
pp_200818,2024-11-09,P2P,EUR,Web,22.67,0.0,0
pp_200819,2024-06-25,Compra_online,USD,Web,110.74,3.21,0
pp_200820,2024-07-10,P2P,USD,App_tercero,22.56,0.0,0
pp_200821,2024-04-10,Retirada,USD,Web,225.43,2.25,1
pp_200822,2024-11-11,Suscripcion,USD,Web,25.12,0.63,0
pp_200823,2024-10-08,Suscripcion,USD,Web,140.8,3.52,0
pp_200824,2024-03-18,P2P,MXN,Movil,78.38,0.0,0
pp_200825,2024-01-14,Compra_online,EUR,Movil,84.29,2.44,1
pp_200826,2024-11-01,Compra_online,BRL,Movil,50.27,1.46,1
pp_200827,2024-06-28,P2P,GBP,Web,41.79,0.0,0
pp_200828,2024-03-08,Suscripcion,MXN,Movil,33.81,0.85,0
pp_200829,2024-11-19,P2P,EUR,Web,80.94,0.0,0
pp_200830,2024-06-15,Retirada,EUR,Movil,106.51,1.07,0
pp_200831,2024-08-16,Retirada,INR,Web,147.96,1.48,0
pp_200832,2024-06-06,Remesa,USD,Movil,195.9,9.8,0
pp_200833,2024-04-21,Suscripcion,EUR,Movil,20.81,0.52,1
pp_200834,2024-10-02,Compra_online,EUR,Movil,165.82,4.81,0
pp_200835,2024-08-21,Remesa,USD,Web,554.5,27.73,1
pp_200836,2024-07-14,P2P,USD,Movil,124.19,0.0,0
pp_200837,2024-04-09,Suscripcion,USD,Movil,47.22,1.18,1
pp_200838,2024-05-07,P2P,USD,Movil,77.54,0.0,1
pp_200839,2024-04-09,Retirada,BRL,Movil,254.1,2.54,0
pp_200840,2024-05-29,Remesa,MXN,Movil,48.55,2.43,0
pp_200841,2024-11-18,P2P,EUR,Movil,37.06,0.0,0
pp_200842,2024-12-09,Compra_online,USD,Movil,117.49,3.41,0
pp_200843,2024-05-04,Remesa,USD,Movil,191.42,9.57,1
pp_200844,2024-09-14,P2P,GBP,Movil,6.98,0.0,1
pp_200845,2024-01-29,Remesa,INR,Movil,297.83,14.89,0
pp_200846,2024-10-10,Retirada,EUR,Movil,285.28,2.85,0
pp_200847,2024-09-23,Compra_online,USD,Web,144.79,4.2,0
pp_200848,2024-06-23,Suscripcion,EUR,Movil,20.33,0.51,0
pp_200849,2024-12-23,Compra_online,EUR,Movil,74.94,2.17,0
pp_200850,2024-06-08,P2P,EUR,Movil,101.93,0.0,0
pp_200851,2024-11-25,Compra_online,USD,Movil,142.95,4.15,0
pp_200852,2024-10-09,P2P,EUR,Movil,68.52,0.0,0
pp_200853,2024-01-26,Compra_online,MXN,Movil,342.52,9.93,0
pp_200854,2024-05-19,P2P,BRL,Movil,8.38,0.0,0
pp_200855,2024-09-30,Suscripcion,USD,Movil,26.21,0.66,0
pp_200856,2024-07-11,P2P,MXN,Movil,104.09,0.0,1
pp_200857,2024-06-11,Compra_online,BRL,Movil,37.27,1.08,0
pp_200858,2024-08-19,Compra_online,EUR,App_tercero,61.09,1.77,0
pp_200859,2024-12-28,P2P,INR,Movil,58.25,0.0,0
pp_200860,2024-09-26,Compra_online,EUR,Movil,72.04,2.09,0
pp_200861,2024-03-19,Suscripcion,GBP,Movil,23.58,0.59,0
pp_200862,2024-10-09,P2P,USD,Movil,19.27,0.0,0
pp_200863,2024-08-27,P2P,INR,App_tercero,149.51,0.0,0
pp_200864,2024-06-15,Remesa,USD,Web,297.88,14.89,0
pp_200865,2024-06-28,P2P,USD,App_tercero,78.4,0.0,1
pp_200866,2024-02-27,P2P,EUR,Web,64.39,0.0,0
pp_200867,2024-03-17,P2P,EUR,Web,20.99,0.0,0
pp_200868,2024-11-12,Compra_online,EUR,Movil,102.35,2.97,0
pp_200869,2024-07-04,Retirada,EUR,Movil,446.97,4.47,0
pp_200870,2024-05-17,Compra_online,EUR,Web,102.57,2.97,0
pp_200871,2024-09-14,Compra_online,EUR,Movil,125.07,3.63,0
pp_200872,2024-03-05,Retirada,EUR,Movil,139.58,1.4,0
pp_200873,2024-05-01,Remesa,USD,Movil,46.82,2.34,1
pp_200874,2024-01-03,Remesa,EUR,Movil,705.54,35.28,1
pp_200875,2024-04-20,P2P,GBP,Movil,48.92,0.0,0
pp_200876,2024-07-09,Suscripcion,MXN,Movil,14.47,0.36,0
pp_200877,2024-06-18,Suscripcion,USD,Movil,23.23,0.58,0
pp_200878,2024-05-25,P2P,MXN,Web,25.36,0.0,0
pp_200879,2024-03-28,Compra_online,GBP,Movil,31.25,0.91,0
pp_200880,2024-04-27,Compra_online,EUR,Movil,42.6,1.24,0
pp_200881,2024-05-21,Compra_online,USD,Web,197.67,5.73,0
pp_200882,2024-08-22,Remesa,BRL,Movil,981.35,49.07,1
pp_200883,2024-12-31,P2P,USD,Movil,50.83,0.0,0
pp_200884,2024-09-17,Compra_online,USD,Movil,86.9,2.52,0
pp_200885,2024-07-01,P2P,USD,Web,20.18,0.0,0
pp_200886,2024-03-21,Remesa,USD,Web,95.62,4.78,1
pp_200887,2024-06-19,Compra_online,INR,Movil,108.61,3.15,0
pp_200888,2024-07-28,Suscripcion,INR,Movil,25.45,0.64,0
pp_200889,2024-11-17,Compra_online,EUR,Movil,339.18,9.84,0
pp_200890,2024-06-26,P2P,MXN,Web,45.77,0.0,0
pp_200891,2024-08-18,P2P,EUR,Web,54.12,0.0,1
pp_200892,2024-07-21,Remesa,USD,Web,895.27,44.76,1
pp_200893,2024-10-20,Compra_online,MXN,Web,208.79,6.05,0
pp_200894,2024-06-07,Suscripcion,USD,App_tercero,14.16,0.35,0
pp_200895,2024-11-10,P2P,EUR,Web,79.59,0.0,1
pp_200896,2024-01-08,Compra_online,USD,Movil,82.47,2.39,0
pp_200897,2024-04-26,P2P,GBP,Web,47.91,0.0,0
pp_200898,2024-10-08,Remesa,EUR,Movil,747.36,37.37,1
pp_200899,2024-10-24,Retirada,BRL,Movil,318.56,3.19,1
pp_200900,2024-04-01,P2P,USD,Web,31.97,0.0,0
pp_200901,2024-02-07,P2P,BRL,Web,23.29,0.0,0
pp_200902,2024-05-03,P2P,USD,Movil,89.95,0.0,0
pp_200903,2024-03-20,Suscripcion,MXN,Movil,20.57,0.51,0
pp_200904,2024-08-12,Remesa,GBP,Web,283.73,14.19,1
pp_200905,2024-07-13,P2P,MXN,Movil,32.98,0.0,0
pp_200906,2024-07-14,Compra_online,GBP,Movil,62.22,1.8,0
pp_200907,2024-11-17,Compra_online,GBP,Web,202.57,5.87,0
pp_200908,2024-10-13,Compra_online,USD,Movil,49.4,1.43,1
pp_200909,2024-07-11,Compra_online,USD,Web,25.34,0.73,0
pp_200910,2024-06-03,Remesa,USD,Movil,571.28,28.56,1
pp_200911,2024-03-30,Retirada,USD,Web,263.26,2.63,0
pp_200912,2024-07-19,P2P,EUR,Movil,201.61,0.0,0
pp_200913,2024-04-10,Compra_online,EUR,Web,138.72,4.02,1
pp_200914,2024-12-25,P2P,USD,Movil,35.32,0.0,0
pp_200915,2024-08-16,Compra_online,USD,Movil,153.48,4.45,0
pp_200916,2024-06-22,Compra_online,EUR,App_tercero,186.57,5.41,0
pp_200917,2024-02-24,Compra_online,MXN,Movil,53.43,1.55,0
pp_200918,2024-10-01,P2P,INR,Movil,65.52,0.0,0
pp_200919,2024-12-09,P2P,EUR,Web,22.31,0.0,0
pp_200920,2024-12-22,Retirada,EUR,Web,232.95,2.33,0
pp_200921,2024-11-11,Compra_online,USD,Movil,25.65,0.74,0
pp_200922,2024-05-07,Compra_online,USD,Movil,103.09,2.99,0
pp_200923,2024-03-03,Compra_online,MXN,App_tercero,52.91,1.53,0
pp_200924,2024-07-23,Compra_online,MXN,Movil,88.01,2.55,0
pp_200925,2024-04-22,Compra_online,EUR,Movil,100.17,2.9,0
pp_200926,2024-08-29,P2P,BRL,App_tercero,74.13,0.0,1
pp_200927,2024-03-21,Compra_online,BRL,Movil,108.72,3.15,1
pp_200928,2024-09-29,P2P,BRL,Web,111.36,0.0,0
pp_200929,2024-12-06,Compra_online,BRL,Web,13.54,0.39,0
pp_200930,2024-02-07,P2P,GBP,Movil,135.32,0.0,0
pp_200931,2024-01-23,P2P,USD,Web,98.84,0.0,0
pp_200932,2024-04-22,Retirada,INR,Movil,117.93,1.18,0
pp_200933,2024-09-25,Compra_online,MXN,Movil,41.94,1.22,0
pp_200934,2024-03-31,Compra_online,BRL,Movil,94.29,2.73,1
pp_200935,2024-03-11,P2P,EUR,Movil,45.67,0.0,0
pp_200936,2024-09-23,P2P,GBP,Movil,30.29,0.0,1
pp_200937,2024-07-13,Remesa,EUR,Web,199.22,9.96,1
pp_200938,2024-09-30,Suscripcion,BRL,App_tercero,20.59,0.51,0
pp_200939,2024-10-02,Compra_online,USD,Movil,52.6,1.53,0
pp_200940,2024-09-29,P2P,USD,Movil,98.65,0.0,1
pp_200941,2024-01-27,Compra_online,USD,App_tercero,105.21,3.05,0
pp_200942,2024-06-30,Compra_online,EUR,Movil,71.22,2.07,1
pp_200943,2024-02-07,Compra_online,USD,Movil,261.65,7.59,0
pp_200944,2024-01-07,P2P,USD,Movil,111.87,0.0,0
pp_200945,2024-12-01,Compra_online,EUR,Web,85.63,2.48,1
pp_200946,2024-02-10,P2P,EUR,Movil,52.17,0.0,0
pp_200947,2024-04-21,P2P,EUR,Web,56.62,0.0,0
pp_200948,2024-01-15,P2P,BRL,Movil,72.15,0.0,0
pp_200949,2024-10-21,Remesa,BRL,Web,219.35,10.97,1
pp_200950,2024-11-01,P2P,GBP,Web,83.31,0.0,0
pp_200951,2024-05-14,P2P,USD,Web,64.92,0.0,0
pp_200952,2024-12-26,Retirada,BRL,Web,656.01,6.56,0
pp_200953,2024-10-03,Compra_online,MXN,Movil,54.03,1.57,0
pp_200954,2024-03-06,P2P,INR,Movil,21.29,0.0,1
pp_200955,2024-10-14,Compra_online,USD,Web,39.37,1.14,0
pp_200956,2024-08-23,Remesa,GBP,Web,236.5,11.83,0
pp_200957,2024-03-29,P2P,USD,Movil,17.74,0.0,0
pp_200958,2024-12-16,Compra_online,USD,Web,692.3,20.08,1
pp_200959,2024-04-13,Compra_online,USD,Movil,91.82,2.66,0
pp_200960,2024-06-30,Compra_online,USD,App_tercero,126.7,3.67,0
pp_200961,2024-02-01,Suscripcion,BRL,Movil,21.44,0.54,1
pp_200962,2024-04-05,Compra_online,INR,Movil,26.76,0.78,0
pp_200963,2024-09-28,P2P,USD,Movil,78.27,0.0,0
pp_200964,2024-08-12,Suscripcion,BRL,Movil,15.17,0.38,1
pp_200965,2024-11-13,Compra_online,USD,Movil,21.3,0.62,0
pp_200966,2024-08-17,Suscripcion,USD,App_tercero,25.87,0.65,0
pp_200967,2024-08-26,Retirada,INR,Web,143.74,1.44,0
pp_200968,2024-06-25,Remesa,GBP,Movil,404.81,20.24,0
pp_200969,2024-11-19,Retirada,EUR,Web,373.41,3.73,0
pp_200970,2024-07-09,P2P,INR,Movil,125.53,0.0,0
pp_200971,2024-09-06,P2P,MXN,Movil,168.88,0.0,0
pp_200972,2024-08-30,Suscripcion,MXN,Movil,8.83,0.22,0
pp_200973,2024-02-01,P2P,EUR,App_tercero,30.12,0.0,0
pp_200974,2024-04-19,Retirada,EUR,Movil,123.96,1.24,0
pp_200975,2024-04-29,Suscripcion,USD,Web,6.87,0.17,0
pp_200976,2024-10-03,P2P,EUR,Web,20.62,0.0,1
pp_200977,2024-03-23,Remesa,USD,Web,165.16,8.26,1
pp_200978,2024-01-17,Suscripcion,EUR,Movil,13.34,0.33,1
pp_200979,2024-05-09,Compra_online,EUR,Web,82.53,2.39,0
pp_200980,2024-01-09,Suscripcion,INR,Web,49.93,1.25,0
pp_200981,2024-05-10,Compra_online,GBP,Movil,218.84,6.35,1
pp_200982,2024-05-17,Remesa,USD,App_tercero,282.66,14.13,1
pp_200983,2024-10-24,Remesa,MXN,App_tercero,382.11,19.11,0
pp_200984,2024-07-06,Compra_online,EUR,Movil,86.3,2.5,0
pp_200985,2024-09-30,P2P,INR,Movil,78.7,0.0,0
pp_200986,2024-10-02,P2P,USD,Web,28.57,0.0,1
pp_200987,2024-09-27,P2P,MXN,Web,69.04,0.0,0
pp_200988,2024-11-30,P2P,GBP,Movil,26.15,0.0,0
pp_200989,2024-09-06,P2P,USD,Movil,120.1,0.0,0
pp_200990,2024-04-05,P2P,USD,Movil,15.47,0.0,0
pp_200991,2024-11-30,Remesa,USD,Movil,1230.11,61.51,1
pp_200992,2024-12-01,Suscripcion,USD,Movil,89.05,2.23,0
pp_200993,2024-12-18,P2P,USD,Movil,38.76,0.0,0
pp_200994,2024-06-23,P2P,GBP,Web,158.55,0.0,1
pp_200995,2024-05-26,Remesa,EUR,Movil,200.4,10.02,1
pp_200996,2024-06-11,P2P,USD,App_tercero,49.87,0.0,1
pp_200997,2024-02-23,Compra_online,EUR,Movil,54.34,1.58,0
pp_200998,2024-06-23,P2P,BRL,Movil,136.64,0.0,0
pp_200999,2024-11-03,Compra_online,EUR,Web,85.3,2.47,0
pp_201000,2024-01-06,Compra_online,EUR,Movil,39.76,1.15,0
pp_201001,2024-08-07,Compra_online,EUR,Movil,220.36,6.39,0
pp_201002,2024-08-13,Suscripcion,EUR,Movil,10.71,0.27,0
pp_201003,2024-03-05,Suscripcion,BRL,Movil,16.12,0.4,0
pp_201004,2024-12-04,P2P,INR,Movil,20.89,0.0,1
pp_201005,2024-12-07,P2P,GBP,Movil,39.72,0.0,0
pp_201006,2024-01-02,P2P,USD,Movil,23.65,0.0,0
pp_201007,2024-02-16,Retirada,GBP,Web,205.06,2.05,0
pp_201008,2024-03-17,Compra_online,USD,Web,290.93,8.44,0
pp_201009,2024-07-27,P2P,EUR,Web,92.88,0.0,0
pp_201010,2024-01-13,Compra_online,USD,Movil,77.06,2.23,0
pp_201011,2024-05-31,Compra_online,EUR,Movil,162.37,4.71,0
pp_201012,2024-07-20,Retirada,EUR,Movil,253.54,2.54,0
pp_201013,2024-06-06,Suscripcion,USD,Web,39.98,1.0,0
pp_201014,2024-12-24,Compra_online,USD,Movil,148.38,4.3,0
pp_201015,2024-01-26,Compra_online,USD,Web,16.35,0.47,1
pp_201016,2024-03-28,Compra_online,MXN,Web,55.82,1.62,0
pp_201017,2024-06-03,P2P,EUR,Movil,27.96,0.0,0
pp_201018,2024-02-15,P2P,MXN,Movil,25.45,0.0,0
pp_201019,2024-10-18,Remesa,EUR,Web,797.44,39.87,1
pp_201020,2024-09-25,P2P,EUR,Movil,63.23,0.0,0
pp_201021,2024-08-04,Compra_online,USD,Movil,48.35,1.4,0
pp_201022,2024-02-16,P2P,MXN,Movil,69.84,0.0,0
pp_201023,2024-02-17,P2P,GBP,Movil,67.41,0.0,0
pp_201024,2024-03-24,Remesa,GBP,Web,475.15,23.76,1
pp_201025,2024-07-07,Retirada,USD,Movil,200.64,2.01,0
pp_201026,2024-10-31,Remesa,EUR,Movil,158.34,7.92,1
pp_201027,2024-01-06,P2P,USD,Web,67.31,0.0,0
pp_201028,2024-08-01,P2P,EUR,Web,187.11,0.0,1
pp_201029,2024-11-25,Remesa,USD,Web,818.2,40.91,1
pp_201030,2024-10-11,Remesa,EUR,Movil,251.59,12.58,0
pp_201031,2024-01-22,Compra_online,MXN,Movil,60.98,1.77,0
pp_201032,2024-12-22,P2P,USD,Web,171.71,0.0,1
pp_201033,2024-02-06,Remesa,USD,Movil,280.66,14.03,0
pp_201034,2024-02-25,Remesa,GBP,Movil,421.37,21.07,1
pp_201035,2024-04-10,Remesa,GBP,Web,253.44,12.67,0
pp_201036,2024-01-11,Compra_online,GBP,App_tercero,79.92,2.32,0
pp_201037,2024-08-22,Remesa,BRL,Web,609.87,30.49,1
pp_201038,2024-04-16,Retirada,INR,App_tercero,159.74,1.6,0
pp_201039,2024-10-05,Remesa,USD,Web,365.46,18.27,1
pp_201040,2024-05-05,P2P,USD,Movil,79.52,0.0,0
pp_201041,2024-12-07,Compra_online,EUR,Movil,21.02,0.61,0
pp_201042,2024-04-27,Suscripcion,MXN,Web,4.83,0.12,0
pp_201043,2024-03-22,P2P,MXN,Movil,16.3,0.0,1
pp_201044,2024-02-03,Retirada,INR,Movil,72.72,0.73,0
pp_201045,2024-09-26,Remesa,MXN,Web,551.32,27.57,0
pp_201046,2024-08-29,Suscripcion,USD,Movil,19.81,0.5,0
pp_201047,2024-07-09,Retirada,GBP,Movil,256.58,2.57,0
pp_201048,2024-10-09,Remesa,EUR,Movil,203.48,10.17,0
pp_201049,2024-10-30,P2P,MXN,Movil,47.69,0.0,0
pp_201050,2024-05-02,Suscripcion,EUR,Web,45.32,1.13,0
pp_201051,2024-05-08,Compra_online,GBP,Web,25.25,0.73,1
pp_201052,2024-07-08,Compra_online,USD,Web,302.03,8.76,0
pp_201053,2024-10-16,Suscripcion,USD,Movil,29.75,0.74,0
pp_201054,2024-04-09,P2P,BRL,Movil,133.69,0.0,1
pp_201055,2024-05-17,Compra_online,USD,Movil,114.91,3.33,0
pp_201056,2024-11-05,Retirada,USD,Movil,274.54,2.75,0
pp_201057,2024-11-12,P2P,USD,Movil,123.94,0.0,0
pp_201058,2024-04-15,Compra_online,EUR,Movil,787.26,22.83,1
pp_201059,2024-08-24,Suscripcion,GBP,Movil,9.82,0.25,0
pp_201060,2024-06-22,P2P,USD,Web,47.42,0.0,1
pp_201061,2024-02-26,P2P,EUR,Web,102.55,0.0,0
pp_201062,2024-05-10,P2P,USD,Movil,110.2,0.0,0
pp_201063,2024-06-29,P2P,USD,Movil,75.31,0.0,1
pp_201064,2024-09-13,Retirada,EUR,Movil,116.0,1.16,1
pp_201065,2024-10-11,P2P,BRL,Movil,39.54,0.0,0
pp_201066,2024-07-23,P2P,USD,Web,190.71,0.0,0
pp_201067,2024-08-20,Compra_online,USD,Movil,184.92,5.36,1
pp_201068,2024-11-19,Compra_online,USD,Movil,212.71,6.17,0
pp_201069,2024-10-11,Remesa,USD,Movil,307.71,15.39,0
pp_201070,2024-08-23,P2P,EUR,Movil,157.07,0.0,0
pp_201071,2024-11-17,P2P,INR,Movil,78.95,0.0,0
pp_201072,2024-12-19,P2P,EUR,Movil,79.97,0.0,0
pp_201073,2024-11-01,Suscripcion,EUR,Movil,19.2,0.48,1
pp_201074,2024-11-28,P2P,USD,Web,225.62,0.0,0
pp_201075,2024-05-07,Compra_online,EUR,Movil,102.87,2.98,0
pp_201076,2024-01-30,Compra_online,USD,Web,33.52,0.97,1
pp_201077,2024-02-26,Compra_online,USD,Web,498.95,14.47,0
pp_201078,2024-09-26,P2P,GBP,Web,69.13,0.0,1
pp_201079,2024-07-14,Retirada,INR,Movil,204.97,2.05,0
pp_201080,2024-08-12,P2P,GBP,Movil,83.94,0.0,0
pp_201081,2024-05-03,Suscripcion,EUR,Movil,24.37,0.61,0
pp_201082,2024-12-24,Compra_online,USD,Web,47.16,1.37,0
pp_201083,2024-07-28,Compra_online,EUR,Web,196.78,5.71,0
pp_201084,2024-02-22,Compra_online,USD,Movil,119.16,3.46,1
pp_201085,2024-07-01,Suscripcion,BRL,Web,102.65,2.57,0
pp_201086,2024-12-28,Suscripcion,USD,Web,10.21,0.26,1
pp_201087,2024-02-27,Remesa,MXN,App_tercero,706.81,35.34,0
pp_201088,2024-09-22,P2P,BRL,Web,178.01,0.0,1
pp_201089,2024-02-12,Retirada,USD,Movil,693.16,6.93,1
pp_201090,2024-09-27,P2P,INR,Web,51.56,0.0,0
pp_201091,2024-03-21,Compra_online,EUR,Movil,67.57,1.96,0
pp_201092,2024-06-08,Compra_online,EUR,Movil,282.96,8.21,0
pp_201093,2024-07-02,Compra_online,EUR,Web,265.02,7.69,1
pp_201094,2024-09-27,P2P,USD,Movil,74.75,0.0,0
pp_201095,2024-08-20,Compra_online,USD,Movil,280.85,8.14,0
pp_201096,2024-01-28,Compra_online,USD,Movil,79.07,2.29,0
pp_201097,2024-01-19,P2P,USD,Web,50.58,0.0,0
pp_201098,2024-02-12,Compra_online,USD,Web,145.12,4.21,1
pp_201099,2024-07-28,P2P,USD,Web,8.58,0.0,0
pp_201100,2024-02-18,Compra_online,MXN,Movil,177.13,5.14,0
pp_201101,2024-08-10,Retirada,EUR,Movil,283.11,2.83,0
pp_201102,2024-09-21,P2P,EUR,Movil,21.77,0.0,0
pp_201103,2024-06-06,Retirada,INR,Movil,798.27,7.98,0
pp_201104,2024-01-28,P2P,EUR,Movil,174.65,0.0,0
pp_201105,2024-10-06,Compra_online,USD,Web,85.22,2.47,1
pp_201106,2024-07-05,Compra_online,GBP,Movil,50.27,1.46,0
pp_201107,2024-03-30,P2P,EUR,Movil,89.31,0.0,0
pp_201108,2024-08-27,Suscripcion,USD,Movil,5.65,0.14,0
pp_201109,2024-03-10,P2P,EUR,Movil,70.18,0.0,1
pp_201110,2024-09-25,Suscripcion,GBP,Web,24.08,0.6,0
pp_201111,2024-12-02,Suscripcion,MXN,Web,9.24,0.23,0
pp_201112,2024-04-20,Compra_online,USD,Movil,145.04,4.21,1
pp_201113,2024-12-06,Suscripcion,EUR,Movil,52.67,1.32,0
pp_201114,2024-08-30,Suscripcion,GBP,Movil,10.04,0.25,0
pp_201115,2024-12-25,Compra_online,EUR,Movil,154.61,4.48,0
pp_201116,2024-12-22,Suscripcion,EUR,Movil,32.84,0.82,1
pp_201117,2024-07-12,Remesa,GBP,Movil,543.77,27.19,0
pp_201118,2024-11-17,P2P,GBP,Web,103.33,0.0,1
pp_201119,2024-03-12,Compra_online,USD,Movil,50.9,1.48,1
pp_201120,2024-11-04,Compra_online,INR,Movil,133.46,3.87,1
pp_201121,2024-09-04,Compra_online,USD,Movil,46.21,1.34,1
pp_201122,2024-08-31,Suscripcion,EUR,Web,78.95,1.97,1
pp_201123,2024-07-14,Suscripcion,USD,Movil,11.71,0.29,0
pp_201124,2024-02-26,Compra_online,USD,Movil,13.84,0.4,0
pp_201125,2024-04-24,Compra_online,EUR,App_tercero,18.19,0.53,0
pp_201126,2024-02-01,P2P,EUR,Movil,103.39,0.0,0
pp_201127,2024-11-02,Compra_online,GBP,Movil,67.23,1.95,0
pp_201128,2024-03-28,P2P,USD,App_tercero,33.26,0.0,0
pp_201129,2024-05-18,Remesa,USD,Movil,1083.49,54.17,0
pp_201130,2024-02-04,Retirada,GBP,Movil,523.54,5.24,0
pp_201131,2024-11-19,P2P,USD,Web,81.57,0.0,0
pp_201132,2024-01-25,P2P,MXN,Movil,44.19,0.0,0
pp_201133,2024-03-21,Compra_online,USD,Movil,30.77,0.89,0
pp_201134,2024-10-04,Suscripcion,MXN,Movil,21.57,0.54,0
pp_201135,2024-05-22,P2P,BRL,Movil,59.15,0.0,0
pp_201136,2024-12-13,Compra_online,BRL,Web,274.49,7.96,0
pp_201137,2024-12-28,P2P,MXN,Web,41.85,0.0,0
pp_201138,2024-05-03,Retirada,USD,Movil,170.35,1.7,1
pp_201139,2024-09-21,P2P,GBP,Web,259.82,0.0,0
pp_201140,2024-01-04,P2P,BRL,App_tercero,73.33,0.0,0
pp_201141,2024-07-04,Compra_online,MXN,Movil,135.85,3.94,0
pp_201142,2024-11-07,Compra_online,BRL,Movil,23.33,0.68,1
pp_201143,2024-11-05,Compra_online,EUR,Movil,107.86,3.13,0
pp_201144,2024-07-24,Compra_online,EUR,Web,87.2,2.53,0
pp_201145,2024-05-03,P2P,MXN,Web,70.44,0.0,0
pp_201146,2024-07-02,Compra_online,USD,Web,154.64,4.48,0
pp_201147,2024-06-30,Suscripcion,MXN,App_tercero,22.68,0.57,0
pp_201148,2024-11-01,P2P,EUR,Movil,35.53,0.0,0
pp_201149,2024-06-21,Compra_online,GBP,Movil,81.33,2.36,0
pp_201150,2024-06-16,Compra_online,EUR,Movil,55.02,1.6,0
pp_201151,2024-11-18,P2P,INR,Web,69.44,0.0,0
pp_201152,2024-02-20,P2P,BRL,Movil,112.98,0.0,0
pp_201153,2024-11-15,Suscripcion,MXN,Movil,25.42,0.64,0
pp_201154,2024-12-26,P2P,INR,Movil,54.93,0.0,0
pp_201155,2024-04-26,P2P,GBP,Web,50.8,0.0,1
pp_201156,2024-01-31,Compra_online,MXN,Movil,188.24,5.46,1
pp_201157,2024-07-11,P2P,MXN,App_tercero,33.02,0.0,0
pp_201158,2024-07-09,P2P,USD,Web,99.2,0.0,0
pp_201159,2024-07-14,P2P,EUR,Movil,60.52,0.0,0
pp_201160,2024-11-30,Compra_online,EUR,Web,67.85,1.97,1
pp_201161,2024-01-09,P2P,EUR,Movil,56.76,0.0,0
pp_201162,2024-02-14,Compra_online,USD,App_tercero,745.44,21.62,0
pp_201163,2024-07-04,P2P,BRL,Movil,13.27,0.0,0
pp_201164,2024-07-05,Remesa,MXN,Movil,389.79,19.49,0
pp_201165,2024-06-20,Suscripcion,MXN,Movil,17.05,0.43,0
pp_201166,2024-10-22,P2P,GBP,Web,16.19,0.0,0
pp_201167,2024-07-05,Suscripcion,USD,Web,15.13,0.38,0
pp_201168,2024-10-13,Compra_online,BRL,Movil,27.39,0.79,0
pp_201169,2024-11-13,Compra_online,GBP,App_tercero,126.38,3.67,1
pp_201170,2024-09-11,P2P,MXN,Movil,205.81,0.0,0
pp_201171,2024-10-04,Compra_online,BRL,Web,32.54,0.94,0
pp_201172,2024-08-27,P2P,GBP,Movil,361.23,0.0,0
pp_201173,2024-08-31,Remesa,USD,Web,359.1,17.96,1
pp_201174,2024-04-06,Compra_online,EUR,Web,110.85,3.21,0
pp_201175,2024-07-31,Remesa,MXN,Movil,494.68,24.73,1
pp_201176,2024-03-16,Compra_online,EUR,Web,72.11,2.09,1
pp_201177,2024-10-02,P2P,EUR,Web,39.99,0.0,0
pp_201178,2024-02-06,P2P,INR,Movil,133.91,0.0,0
pp_201179,2024-05-05,Retirada,USD,Movil,215.16,2.15,1
pp_201180,2024-07-04,P2P,INR,Web,31.03,0.0,0
pp_201181,2024-03-03,P2P,EUR,Movil,37.78,0.0,0
pp_201182,2024-12-18,P2P,INR,Movil,57.63,0.0,0
pp_201183,2024-01-14,Compra_online,MXN,Movil,363.13,10.53,0
pp_201184,2024-09-13,Remesa,USD,Movil,304.64,15.23,0
pp_201185,2024-02-22,Remesa,USD,Movil,724.82,36.24,1
pp_201186,2024-08-15,Retirada,EUR,Web,107.44,1.07,0
pp_201187,2024-08-13,Remesa,GBP,Movil,268.81,13.44,0
pp_201188,2024-01-06,Compra_online,GBP,Movil,89.45,2.59,0
pp_201189,2024-12-17,Remesa,GBP,Web,289.62,14.48,1
pp_201190,2024-09-03,P2P,USD,App_tercero,9.24,0.0,0
pp_201191,2024-04-03,Suscripcion,EUR,Web,59.64,1.49,0
pp_201192,2024-05-18,P2P,EUR,Movil,176.14,0.0,0
pp_201193,2024-02-28,Suscripcion,USD,Web,67.53,1.69,1
pp_201194,2024-03-07,P2P,MXN,Movil,61.41,0.0,1
pp_201195,2024-12-26,P2P,EUR,Web,105.07,0.0,0
pp_201196,2024-03-14,Remesa,USD,Movil,201.0,10.05,1
pp_201197,2024-11-28,Suscripcion,EUR,Movil,49.29,1.23,0
pp_201198,2024-06-28,P2P,BRL,Movil,96.09,0.0,0
pp_201199,2024-02-14,Suscripcion,MXN,Movil,28.04,0.7,0
pp_201200,2024-04-19,P2P,USD,Web,13.74,0.0,1
pp_201201,2024-01-10,Retirada,USD,Web,701.93,7.02,0
pp_201202,2024-07-17,Compra_online,EUR,Movil,49.65,1.44,0
pp_201203,2024-10-15,Compra_online,USD,Web,92.32,2.68,0
pp_201204,2024-11-20,P2P,MXN,Web,285.77,0.0,1
pp_201205,2024-11-05,Compra_online,USD,Movil,168.05,4.87,0
pp_201206,2024-08-02,P2P,EUR,Web,38.02,0.0,0
pp_201207,2024-08-29,Remesa,EUR,Web,143.34,7.17,1
pp_201208,2024-10-10,Retirada,BRL,Movil,355.69,3.56,0
pp_201209,2024-01-22,Remesa,MXN,Movil,416.38,20.82,1
pp_201210,2024-06-24,P2P,MXN,Movil,134.45,0.0,0
pp_201211,2024-12-24,P2P,EUR,Movil,50.92,0.0,0
pp_201212,2024-01-30,Compra_online,USD,Movil,177.77,5.16,0
pp_201213,2024-08-18,Compra_online,BRL,Web,43.5,1.26,0
pp_201214,2024-04-28,Compra_online,EUR,Movil,53.64,1.56,1
pp_201215,2024-06-04,Compra_online,USD,Movil,84.56,2.45,0
pp_201216,2024-08-12,Remesa,EUR,Web,483.99,24.2,1
pp_201217,2024-12-23,P2P,EUR,Web,144.14,0.0,0
pp_201218,2024-05-14,Compra_online,USD,Movil,128.07,3.71,1
pp_201219,2024-08-11,Compra_online,EUR,Web,95.21,2.76,0
pp_201220,2024-04-17,Remesa,BRL,Movil,390.71,19.54,0
pp_201221,2024-11-19,Compra_online,USD,Movil,198.91,5.77,0
pp_201222,2024-06-26,Suscripcion,USD,Web,12.35,0.31,0
pp_201223,2024-10-27,Compra_online,EUR,Web,140.69,4.08,0
pp_201224,2024-07-02,Compra_online,EUR,Movil,54.75,1.59,0
pp_201225,2024-09-21,Compra_online,EUR,Web,127.81,3.71,0
pp_201226,2024-05-07,Compra_online,EUR,Web,77.05,2.23,0
pp_201227,2024-05-17,P2P,MXN,Web,55.38,0.0,0
pp_201228,2024-04-26,Remesa,USD,Movil,405.69,20.28,1
pp_201229,2024-08-31,Compra_online,EUR,Web,67.86,1.97,0
pp_201230,2024-01-29,Retirada,EUR,Web,177.44,1.77,0
pp_201231,2024-05-03,P2P,EUR,Movil,64.17,0.0,1
pp_201232,2024-06-18,P2P,INR,Web,33.4,0.0,0
pp_201233,2024-01-13,Compra_online,EUR,Movil,179.97,5.22,0
pp_201234,2024-04-08,Suscripcion,EUR,Web,23.35,0.58,0
pp_201235,2024-05-26,P2P,USD,Web,31.71,0.0,0
pp_201236,2024-10-15,Suscripcion,INR,Web,100.87,2.52,0
pp_201237,2024-01-30,P2P,EUR,Movil,207.53,0.0,0
pp_201238,2024-10-18,Compra_online,MXN,Movil,70.45,2.04,0
pp_201239,2024-03-26,P2P,USD,Movil,50.43,0.0,0
pp_201240,2024-09-12,P2P,USD,Movil,28.03,0.0,0
pp_201241,2024-01-16,Suscripcion,EUR,Web,84.22,2.11,0
pp_201242,2024-09-22,Compra_online,USD,Movil,60.31,1.75,0
pp_201243,2024-09-05,P2P,USD,Web,68.26,0.0,0
pp_201244,2024-06-10,Retirada,INR,Movil,250.09,2.5,0
pp_201245,2024-08-17,Compra_online,USD,Movil,31.97,0.93,1
pp_201246,2024-05-29,P2P,INR,Movil,216.21,0.0,0
pp_201247,2024-05-11,Compra_online,GBP,Movil,128.98,3.74,0
pp_201248,2024-03-27,Suscripcion,MXN,App_tercero,12.38,0.31,0
pp_201249,2024-08-08,Suscripcion,MXN,Web,22.9,0.57,0
pp_201250,2024-08-02,Suscripcion,USD,Web,24.73,0.62,0
pp_201251,2024-06-02,Compra_online,USD,Movil,81.28,2.36,0
pp_201252,2024-04-09,P2P,INR,Movil,177.15,0.0,0
pp_201253,2024-09-12,Suscripcion,MXN,App_tercero,16.06,0.4,1
pp_201254,2024-12-17,P2P,MXN,Movil,86.23,0.0,0
pp_201255,2024-05-20,Remesa,MXN,Web,186.65,9.33,0
pp_201256,2024-01-12,Compra_online,INR,Movil,83.14,2.41,0
pp_201257,2024-06-23,P2P,EUR,Movil,38.17,0.0,0
pp_201258,2024-03-24,P2P,EUR,Movil,76.96,0.0,0
pp_201259,2024-07-15,P2P,EUR,Movil,78.53,0.0,0
pp_201260,2024-11-14,P2P,INR,Movil,55.04,0.0,0
pp_201261,2024-03-13,Remesa,MXN,App_tercero,551.63,27.58,1
pp_201262,2024-01-29,Remesa,USD,Web,150.81,7.54,1
pp_201263,2024-01-02,P2P,USD,Movil,38.97,0.0,0
pp_201264,2024-07-08,Remesa,BRL,Web,387.41,19.37,0
pp_201265,2024-09-28,Suscripcion,BRL,Web,21.18,0.53,0
pp_201266,2024-07-15,Compra_online,MXN,Movil,85.86,2.49,0
pp_201267,2024-01-27,Retirada,USD,Web,120.76,1.21,0
pp_201268,2024-07-04,Compra_online,USD,Movil,68.94,2.0,0
pp_201269,2024-12-24,Compra_online,EUR,Movil,68.8,2.0,0
pp_201270,2024-04-07,P2P,GBP,Web,60.48,0.0,0
pp_201271,2024-03-17,P2P,USD,Web,24.24,0.0,0
pp_201272,2024-06-16,Remesa,INR,Web,212.37,10.62,1
pp_201273,2024-03-25,Retirada,INR,Movil,472.61,4.73,0
pp_201274,2024-01-15,P2P,INR,Movil,32.5,0.0,0
pp_201275,2024-02-15,Compra_online,BRL,Movil,148.31,4.3,0
pp_201276,2024-02-15,P2P,USD,Movil,29.17,0.0,0
pp_201277,2024-10-23,Suscripcion,INR,Movil,48.32,1.21,0
pp_201278,2024-10-25,P2P,USD,Movil,25.84,0.0,0
pp_201279,2024-03-24,Retirada,USD,App_tercero,291.04,2.91,0
pp_201280,2024-03-18,Remesa,USD,Web,332.06,16.6,0
pp_201281,2024-04-09,P2P,USD,Movil,19.17,0.0,0
pp_201282,2024-01-29,Remesa,GBP,Movil,128.43,6.42,1
pp_201283,2024-03-26,P2P,USD,Movil,30.23,0.0,1
pp_201284,2024-06-09,P2P,USD,Web,22.5,0.0,0
pp_201285,2024-02-23,Retirada,EUR,Web,126.35,1.26,0
pp_201286,2024-10-06,Remesa,EUR,Web,77.65,3.88,0
pp_201287,2024-05-26,P2P,INR,Web,102.09,0.0,0
pp_201288,2024-06-06,P2P,EUR,Web,116.76,0.0,0
pp_201289,2024-08-31,P2P,EUR,Movil,36.24,0.0,1
pp_201290,2024-04-01,P2P,MXN,Movil,82.54,0.0,0
pp_201291,2024-10-07,P2P,BRL,Web,128.42,0.0,0
pp_201292,2024-11-03,Suscripcion,GBP,Movil,68.71,1.72,0
pp_201293,2024-07-30,Remesa,MXN,Web,987.39,49.37,1
pp_201294,2024-01-08,P2P,EUR,Movil,79.58,0.0,0
pp_201295,2024-12-07,Compra_online,MXN,Movil,107.59,3.12,1
pp_201296,2024-02-21,Compra_online,EUR,Web,68.41,1.98,0
pp_201297,2024-01-03,P2P,INR,App_tercero,36.27,0.0,0
pp_201298,2024-12-30,Compra_online,GBP,Movil,28.13,0.82,0
pp_201299,2024-04-05,P2P,USD,Web,45.56,0.0,0
pp_201300,2024-05-27,Compra_online,EUR,Web,48.31,1.4,1
pp_201301,2024-11-19,Suscripcion,GBP,Movil,8.74,0.22,1
pp_201302,2024-11-24,Retirada,GBP,Movil,174.78,1.75,1
pp_201303,2024-03-04,Compra_online,EUR,Web,61.62,1.79,0
pp_201304,2024-03-09,Remesa,USD,Web,129.45,6.47,1
pp_201305,2024-03-12,P2P,USD,Movil,66.23,0.0,0
pp_201306,2024-12-17,P2P,USD,Movil,86.29,0.0,0
pp_201307,2024-04-20,P2P,USD,Movil,373.2,0.0,0
pp_201308,2024-02-07,Compra_online,GBP,Movil,52.49,1.52,0
pp_201309,2024-04-16,Suscripcion,BRL,Movil,5.5,0.14,0
pp_201310,2024-04-17,P2P,MXN,Web,46.44,0.0,0
pp_201311,2024-11-08,Compra_online,EUR,Movil,44.88,1.3,0
pp_201312,2024-03-17,Suscripcion,USD,Web,46.15,1.15,0
pp_201313,2024-01-09,Compra_online,USD,Movil,82.53,2.39,0
pp_201314,2024-11-05,Compra_online,BRL,App_tercero,107.12,3.11,0
pp_201315,2024-09-16,Remesa,EUR,Web,761.84,38.09,0
pp_201316,2024-03-05,Suscripcion,USD,Movil,22.71,0.57,0
pp_201317,2024-11-30,Remesa,USD,Movil,640.03,32.0,1
pp_201318,2024-08-22,P2P,BRL,Movil,68.75,0.0,0
pp_201319,2024-09-08,P2P,BRL,Web,18.96,0.0,0
pp_201320,2024-10-24,Remesa,EUR,Movil,182.6,9.13,1
pp_201321,2024-10-15,P2P,EUR,Movil,44.61,0.0,0
pp_201322,2024-01-09,Compra_online,USD,Movil,852.65,24.73,0
pp_201323,2024-06-16,P2P,USD,Movil,51.76,0.0,0
pp_201324,2024-08-20,Suscripcion,EUR,App_tercero,33.9,0.85,0
pp_201325,2024-06-05,P2P,BRL,Movil,108.82,0.0,0
pp_201326,2024-02-16,Retirada,GBP,Movil,197.17,1.97,0
pp_201327,2024-07-19,P2P,BRL,Movil,95.44,0.0,0
pp_201328,2024-08-16,Compra_online,EUR,Movil,80.32,2.33,1
pp_201329,2024-02-27,Retirada,EUR,Movil,194.78,1.95,0
pp_201330,2024-09-18,P2P,USD,Web,44.06,0.0,0
pp_201331,2024-11-24,Remesa,USD,Movil,169.68,8.48,0
pp_201332,2024-01-26,Retirada,INR,Movil,106.57,1.07,0
pp_201333,2024-10-28,Compra_online,USD,Movil,152.28,4.42,0
pp_201334,2024-07-11,Compra_online,EUR,Movil,58.89,1.71,1
pp_201335,2024-02-13,Remesa,EUR,Movil,259.37,12.97,1
pp_201336,2024-12-16,P2P,USD,Movil,21.31,0.0,0
pp_201337,2024-11-24,Compra_online,USD,App_tercero,92.73,2.69,0
pp_201338,2024-01-08,P2P,USD,Movil,34.58,0.0,1
pp_201339,2024-12-17,Compra_online,EUR,Movil,67.07,1.95,0
pp_201340,2024-02-12,P2P,EUR,Web,136.14,0.0,0
pp_201341,2024-11-17,Compra_online,USD,Movil,43.95,1.27,0
pp_201342,2024-04-23,Compra_online,MXN,Movil,33.92,0.98,1
pp_201343,2024-08-07,Retirada,BRL,Web,106.81,1.07,1
pp_201344,2024-06-03,P2P,EUR,Movil,36.26,0.0,0
pp_201345,2024-12-01,Remesa,MXN,Web,238.45,11.92,1
pp_201346,2024-07-15,Suscripcion,GBP,Movil,16.39,0.41,0
pp_201347,2024-03-28,P2P,EUR,Web,21.58,0.0,0
pp_201348,2024-03-04,Suscripcion,MXN,Movil,20.94,0.52,0
pp_201349,2024-07-28,P2P,BRL,App_tercero,61.82,0.0,0
pp_201350,2024-05-13,P2P,MXN,Web,39.25,0.0,0
pp_201351,2024-05-09,Compra_online,EUR,Movil,46.64,1.35,0
pp_201352,2024-05-18,Compra_online,BRL,Movil,89.35,2.59,0
pp_201353,2024-04-17,Remesa,USD,Movil,235.36,11.77,1
pp_201354,2024-09-02,Retirada,INR,Web,125.94,1.26,0
pp_201355,2024-09-29,Compra_online,EUR,Web,60.61,1.76,0
pp_201356,2024-05-12,Suscripcion,USD,Movil,20.59,0.51,0
pp_201357,2024-12-18,Remesa,GBP,Web,845.33,42.27,1
pp_201358,2024-06-19,P2P,GBP,Web,62.77,0.0,0
pp_201359,2024-09-03,Compra_online,USD,Movil,278.76,8.08,0
pp_201360,2024-09-18,P2P,USD,Movil,95.71,0.0,0
pp_201361,2024-05-20,P2P,USD,Movil,46.99,0.0,1
pp_201362,2024-03-14,Compra_online,INR,Movil,19.22,0.56,1
pp_201363,2024-04-08,Retirada,EUR,Web,82.04,0.82,0
pp_201364,2024-04-25,P2P,EUR,Movil,142.48,0.0,1
pp_201365,2024-11-19,Suscripcion,USD,Movil,39.35,0.98,0
pp_201366,2024-01-27,P2P,USD,Web,51.98,0.0,0
pp_201367,2024-04-17,P2P,EUR,Movil,57.15,0.0,1
pp_201368,2024-08-10,Suscripcion,BRL,App_tercero,22.33,0.56,0
pp_201369,2024-01-28,Compra_online,USD,App_tercero,78.8,2.29,1
pp_201370,2024-11-25,P2P,EUR,Movil,10.87,0.0,1
pp_201371,2024-10-16,Compra_online,EUR,Movil,251.05,7.28,0
pp_201372,2024-03-21,Compra_online,EUR,App_tercero,22.62,0.66,0
pp_201373,2024-08-13,Remesa,USD,Web,230.17,11.51,1
pp_201374,2024-01-07,Retirada,INR,Movil,124.02,1.24,0
pp_201375,2024-12-26,Remesa,USD,Movil,368.19,18.41,0
pp_201376,2024-05-04,Suscripcion,GBP,Movil,22.25,0.56,0
pp_201377,2024-04-17,Suscripcion,MXN,Web,12.58,0.31,0
pp_201378,2024-07-15,P2P,USD,Movil,136.43,0.0,0
pp_201379,2024-11-26,P2P,BRL,Movil,128.6,0.0,0
pp_201380,2024-07-21,Compra_online,USD,Movil,16.56,0.48,0
pp_201381,2024-07-28,Compra_online,USD,App_tercero,237.78,6.9,0
pp_201382,2024-12-21,Suscripcion,USD,Movil,22.44,0.56,0
pp_201383,2024-09-13,Remesa,USD,Movil,241.81,12.09,1
pp_201384,2024-10-11,Remesa,MXN,Web,416.47,20.82,1
pp_201385,2024-06-03,Retirada,GBP,App_tercero,238.34,2.38,0
pp_201386,2024-04-02,Remesa,EUR,Web,347.53,17.38,0
pp_201387,2024-03-04,Retirada,EUR,Movil,181.26,1.81,0
pp_201388,2024-07-25,Retirada,BRL,App_tercero,57.6,0.58,0
pp_201389,2024-06-14,Remesa,USD,Web,91.37,4.57,0
pp_201390,2024-12-15,Compra_online,EUR,Movil,55.46,1.61,0
pp_201391,2024-03-23,P2P,EUR,Movil,34.92,0.0,1
pp_201392,2024-01-12,Compra_online,USD,Movil,166.5,4.83,0
pp_201393,2024-06-05,Compra_online,USD,Movil,13.41,0.39,0
pp_201394,2024-10-05,Compra_online,MXN,Movil,241.16,6.99,0
pp_201395,2024-01-17,Compra_online,BRL,Web,53.81,1.56,1
pp_201396,2024-11-26,Remesa,USD,Movil,2835.61,141.78,1
pp_201397,2024-02-13,P2P,GBP,Movil,45.26,0.0,0
pp_201398,2024-01-01,Compra_online,USD,Web,72.59,2.11,0
pp_201399,2024-06-10,P2P,EUR,Movil,95.92,0.0,0
pp_201400,2024-01-02,Retirada,MXN,Web,150.29,1.5,0
pp_201401,2024-04-15,Remesa,BRL,Movil,226.73,11.34,0
pp_201402,2024-06-15,Compra_online,BRL,Movil,125.3,3.63,0
pp_201403,2024-07-25,Compra_online,INR,Movil,74.27,2.15,0
pp_201404,2024-06-10,P2P,MXN,Movil,128.28,0.0,0
pp_201405,2024-01-20,P2P,USD,App_tercero,99.02,0.0,0
pp_201406,2024-03-14,P2P,BRL,Movil,133.84,0.0,0
pp_201407,2024-04-17,Compra_online,USD,Movil,39.83,1.16,0
pp_201408,2024-11-08,Remesa,EUR,Movil,580.77,29.04,1
pp_201409,2024-03-05,Compra_online,GBP,Web,309.86,8.99,0
pp_201410,2024-09-12,Compra_online,USD,Movil,58.86,1.71,0
pp_201411,2024-06-25,P2P,GBP,Web,156.9,0.0,0
pp_201412,2024-10-22,P2P,USD,Web,33.52,0.0,0
pp_201413,2024-07-21,P2P,EUR,Web,123.22,0.0,0
pp_201414,2024-08-10,Suscripcion,EUR,Movil,24.25,0.61,0
pp_201415,2024-03-16,Remesa,USD,Web,584.0,29.2,0
pp_201416,2024-04-03,Suscripcion,USD,Web,5.35,0.13,0
pp_201417,2024-04-05,Suscripcion,MXN,Movil,24.66,0.62,0
pp_201418,2024-12-02,P2P,EUR,Movil,44.93,0.0,0
pp_201419,2024-04-14,P2P,MXN,Movil,32.64,0.0,0
pp_201420,2024-09-28,Compra_online,USD,Web,162.54,4.71,0
pp_201421,2024-11-04,Suscripcion,GBP,Movil,25.47,0.64,0
pp_201422,2024-09-07,Suscripcion,EUR,Movil,16.13,0.4,0
pp_201423,2024-09-11,P2P,USD,Movil,16.27,0.0,0
pp_201424,2024-02-16,P2P,GBP,Web,71.8,0.0,0
pp_201425,2024-04-10,P2P,USD,Web,106.37,0.0,0
pp_201426,2024-06-16,P2P,USD,Web,94.8,0.0,0
pp_201427,2024-11-29,P2P,USD,Movil,45.03,0.0,0
pp_201428,2024-10-18,P2P,INR,Movil,40.44,0.0,0
pp_201429,2024-12-11,Suscripcion,INR,Movil,62.38,1.56,0
pp_201430,2024-06-07,Compra_online,EUR,App_tercero,95.78,2.78,0
pp_201431,2024-11-15,Retirada,INR,Web,595.77,5.96,0
pp_201432,2024-01-29,Compra_online,GBP,Movil,43.64,1.27,0
pp_201433,2024-11-05,P2P,USD,Movil,58.93,0.0,0
pp_201434,2024-01-19,P2P,EUR,Movil,81.63,0.0,0
pp_201435,2024-04-21,P2P,USD,Movil,26.46,0.0,1
pp_201436,2024-09-26,Compra_online,GBP,Movil,20.5,0.59,0
pp_201437,2024-12-07,Compra_online,USD,App_tercero,58.18,1.69,0
pp_201438,2024-06-04,Remesa,USD,Web,447.51,22.38,1
pp_201439,2024-04-03,P2P,INR,Movil,57.54,0.0,0
pp_201440,2024-10-24,Suscripcion,USD,Web,23.44,0.59,0
pp_201441,2024-02-01,P2P,GBP,Movil,72.36,0.0,1
pp_201442,2024-05-23,Remesa,BRL,Web,1441.55,72.08,0
pp_201443,2024-06-11,Compra_online,BRL,App_tercero,28.72,0.83,0
pp_201444,2024-03-08,P2P,INR,App_tercero,40.06,0.0,0
pp_201445,2024-07-24,Retirada,USD,Web,311.29,3.11,0
pp_201446,2024-01-15,P2P,EUR,Movil,109.53,0.0,0
pp_201447,2024-11-24,P2P,USD,Web,31.21,0.0,0
pp_201448,2024-02-01,Remesa,BRL,Web,503.94,25.2,0
pp_201449,2024-09-04,Compra_online,USD,Movil,94.66,2.75,0
pp_201450,2024-02-06,Compra_online,GBP,Movil,74.39,2.16,0
pp_201451,2024-05-31,P2P,EUR,Movil,88.34,0.0,0
pp_201452,2024-06-16,Compra_online,EUR,Movil,102.97,2.99,0
pp_201453,2024-01-01,Remesa,EUR,Movil,608.48,30.42,0
pp_201454,2024-10-11,P2P,EUR,Web,90.72,0.0,0
pp_201455,2024-03-17,Suscripcion,INR,Movil,14.87,0.37,0
pp_201456,2024-01-13,Remesa,BRL,Web,148.02,7.4,1
pp_201457,2024-07-30,P2P,MXN,Web,53.44,0.0,0
pp_201458,2024-06-11,Compra_online,MXN,App_tercero,74.15,2.15,1
pp_201459,2024-05-31,P2P,INR,Movil,86.25,0.0,0
pp_201460,2024-07-08,Compra_online,INR,Movil,88.71,2.57,0
pp_201461,2024-12-24,Retirada,USD,Web,79.77,0.8,0
pp_201462,2024-03-26,P2P,MXN,App_tercero,39.5,0.0,0
pp_201463,2024-02-07,Compra_online,USD,Movil,354.18,10.27,1
pp_201464,2024-10-15,Remesa,USD,Movil,190.24,9.51,0
pp_201465,2024-03-13,P2P,MXN,Web,91.02,0.0,1
pp_201466,2024-08-26,P2P,BRL,Web,42.94,0.0,0
pp_201467,2024-04-05,Retirada,MXN,Movil,458.47,4.58,0
pp_201468,2024-12-06,Compra_online,EUR,Web,85.88,2.49,0
pp_201469,2024-09-17,P2P,INR,Movil,112.51,0.0,0
pp_201470,2024-03-10,Compra_online,EUR,Web,108.21,3.14,0
pp_201471,2024-10-28,P2P,EUR,Movil,69.04,0.0,0
pp_201472,2024-10-03,P2P,USD,Movil,44.92,0.0,0
pp_201473,2024-08-09,Compra_online,USD,Movil,64.46,1.87,1
pp_201474,2024-04-25,Compra_online,EUR,Movil,74.0,2.15,0
pp_201475,2024-12-22,Remesa,USD,Movil,166.41,8.32,1
pp_201476,2024-10-15,Compra_online,USD,Movil,89.63,2.6,0
pp_201477,2024-09-08,Retirada,USD,Movil,704.79,7.05,0
pp_201478,2024-03-28,Compra_online,EUR,Movil,98.72,2.86,0
pp_201479,2024-07-28,Compra_online,EUR,Movil,81.02,2.35,0
pp_201480,2024-06-01,P2P,EUR,App_tercero,385.33,0.0,0
pp_201481,2024-10-20,Suscripcion,BRL,Movil,33.68,0.84,0
pp_201482,2024-04-29,Compra_online,GBP,Movil,199.08,5.77,0
pp_201483,2024-01-09,Retirada,USD,Web,184.31,1.84,0
pp_201484,2024-02-19,Compra_online,USD,Web,36.02,1.04,0
pp_201485,2024-12-22,Suscripcion,GBP,Movil,14.55,0.36,0
pp_201486,2024-05-03,Compra_online,EUR,Web,44.32,1.29,0
pp_201487,2024-04-30,Retirada,USD,Movil,303.66,3.04,1
pp_201488,2024-04-21,Retirada,GBP,Movil,67.23,0.67,0
pp_201489,2024-08-10,Remesa,USD,App_tercero,349.81,17.49,0
pp_201490,2024-01-11,Compra_online,USD,App_tercero,11.19,0.32,0
pp_201491,2024-12-11,P2P,USD,Movil,69.75,0.0,1
pp_201492,2024-10-02,Compra_online,USD,Web,205.84,5.97,0
pp_201493,2024-03-14,Remesa,USD,Web,164.13,8.21,1
pp_201494,2024-08-11,P2P,BRL,App_tercero,80.83,0.0,0
pp_201495,2024-12-07,P2P,MXN,Movil,22.8,0.0,1
pp_201496,2024-11-08,Retirada,MXN,Movil,564.86,5.65,0
pp_201497,2024-09-30,Retirada,USD,Movil,90.92,0.91,0
pp_201498,2024-01-25,Compra_online,USD,Movil,117.05,3.39,0
pp_201499,2024-05-07,P2P,MXN,App_tercero,97.34,0.0,1
