transaccion,tipo,importe_eur,pais,es_fraude,disputa,resuelta
TX00001,Compra,63.21,EEUU,0,0,0
TX00002,Suscripcion,31.43,Brasil,0,0,0
TX00003,Compra,74.62,India,0,0,0
TX00004,Compra,195.46,India,0,0,0
TX00005,Compra,28.29,EEUU,0,0,0
TX00006,Compra,28.29,Mexico,0,1,1
TX00007,Suscripcion,207.92,Espana,0,0,0
TX00008,Suscripcion,85.13,Nigeria,0,1,1
TX00009,Suscripcion,21.84,Nigeria,0,0,0
TX00010,Transferencia,66.47,Brasil,0,0,0
TX00011,Compra,21.98,Alemania,0,0,0
TX00012,Compra,21.93,Alemania,0,0,0
TX00013,Compra,47.76,Brasil,0,0,0
TX00014,Compra,4.46,Espana,0,0,0
TX00015,Compra,5.49,EEUU,0,0,0
TX00016,Compra,19.72,Brasil,1,0,0
TX00017,Transferencia,12.01,Brasil,0,0,0
TX00018,Suscripcion,51.71,EEUU,0,0,0
TX00019,Donacion,13.48,Nigeria,0,0,0
TX00020,Donacion,7.74,Espana,0,0,0
TX00021,Transferencia,183.5,Mexico,0,0,0
TX00022,Compra,28.55,Brasil,0,0,0
TX00023,Transferencia,39.42,Brasil,0,0,0
TX00024,Suscripcion,7.64,Brasil,0,0,0
TX00025,Compra,20.11,EEUU,0,0,0
TX00026,Compra,41.35,Espana,0,0,0
TX00027,Suscripcion,10.32,Brasil,0,0,0
TX00028,Compra,55.33,Brasil,0,0,0
TX00029,Transferencia,18.9,Espana,0,0,0
TX00030,Transferencia,26.55,Brasil,0,0,0
TX00031,Compra,18.88,EEUU,0,0,0
TX00032,Compra,280.76,Brasil,0,0,0
TX00033,Compra,36.06,India,0,0,0
TX00034,Compra,11.43,Espana,0,0,0
TX00035,Compra,90.45,Espana,0,0,0
TX00036,Suscripcion,9.56,Alemania,0,0,0
TX00037,Compra,46.05,Brasil,0,0,0
TX00038,Transferencia,4.24,Brasil,0,0,0
TX00039,Compra,8.49,India,0,0,0
TX00040,Donacion,45.45,Alemania,0,0,0
TX00041,Compra,82.46,Nigeria,1,1,0
TX00042,Compra,44.19,Mexico,0,0,0
TX00043,Reembolso,32.23,Mexico,1,1,0
TX00044,Suscripcion,26.28,EEUU,0,0,0
TX00045,Compra,7.2,Espana,0,0,0
TX00046,Suscripcion,16.58,Mexico,0,0,0
TX00047,Compra,22.05,EEUU,0,0,0
TX00048,Compra,117.08,India,0,1,1
TX00049,Compra,53.41,Mexico,0,0,0
TX00050,Compra,5.26,Brasil,0,0,0
TX00051,Suscripcion,52.27,EEUU,0,0,0
TX00052,Compra,23.96,Espana,0,0,0
TX00053,Compra,17.38,Espana,0,0,0
TX00054,Suscripcion,71.73,EEUU,0,0,0
TX00055,Suscripcion,113.76,Espana,0,0,0
TX00056,Compra,101.94,Brasil,0,0,0
TX00057,Transferencia,14.54,India,0,0,0
TX00058,Compra,26.05,India,0,0,0
TX00059,Suscripcion,52.69,Brasil,0,0,0
TX00060,Transferencia,107.03,Espana,0,0,0
TX00061,Donacion,21.6,India,0,0,0
TX00062,Compra,29.84,India,0,1,1
TX00063,Compra,10.84,Espana,0,0,0
TX00064,Compra,9.82,Alemania,0,0,0
TX00065,Compra,89.46,EEUU,0,0,0
TX00066,Compra,162.69,Alemania,0,0,0
TX00067,Reembolso,33.81,Nigeria,0,0,0
TX00068,Compra,110.38,Espana,0,1,0
TX00069,Compra,54.48,India,0,0,0
TX00070,Suscripcion,18.0,Brasil,0,0,0
TX00071,Compra,54.46,Nigeria,0,0,0
TX00072,Suscripcion,198.71,EEUU,0,0,0
TX00073,Compra,35.18,India,0,0,0
TX00074,Compra,204.61,Espana,0,0,0
TX00075,Compra,2.05,EEUU,0,0,0
TX00076,Compra,90.39,Espana,0,0,0
TX00077,Reembolso,40.28,Nigeria,0,0,0
TX00078,Compra,26.34,Alemania,0,0,0
TX00079,Transferencia,40.49,India,0,0,0
TX00080,Compra,4.11,Nigeria,0,0,0
TX00081,Compra,28.74,Espana,0,0,0
TX00082,Reembolso,54.21,EEUU,0,0,0
TX00083,Compra,185.99,Espana,0,0,0
TX00084,Transferencia,20.7,Espana,0,0,0
TX00085,Donacion,15.04,EEUU,0,0,0
TX00086,Transferencia,21.07,EEUU,0,0,0
TX00087,Donacion,100.18,EEUU,0,0,0
TX00088,Compra,52.54,Espana,0,0,0
TX00089,Compra,20.44,Espana,0,0,0
TX00090,Compra,64.37,Espana,0,0,0
TX00091,Suscripcion,40.72,Nigeria,0,1,0
TX00092,Donacion,106.22,Alemania,0,0,0
TX00093,Compra,16.91,Nigeria,0,0,0
TX00094,Transferencia,25.52,EEUU,0,0,0
TX00095,Compra,23.78,EEUU,0,0,0
TX00096,Transferencia,7.32,Alemania,0,0,0
TX00097,Compra,50.69,EEUU,0,0,0
TX00098,Donacion,48.77,EEUU,0,1,1
TX00099,Transferencia,36.8,EEUU,0,0,0
TX00100,Compra,28.27,Espana,0,0,0
TX00101,Compra,7.71,EEUU,0,0,0
TX00102,Compra,23.04,EEUU,0,0,0
TX00103,Compra,25.1,Brasil,0,0,0
TX00104,Compra,15.14,Espana,0,0,0
TX00105,Reembolso,30.65,Espana,0,0,0
TX00106,Transferencia,57.08,Alemania,0,0,0
TX00107,Transferencia,291.43,Espana,0,0,0
TX00108,Compra,44.35,EEUU,0,0,0
TX00109,Reembolso,48.58,India,0,0,0
TX00110,Suscripcion,33.72,Espana,0,0,0
TX00111,Compra,4.43,Espana,0,0,0
TX00112,Suscripcion,35.55,Mexico,0,0,0
TX00113,Transferencia,39.11,EEUU,0,0,0
TX00114,Compra,549.81,Mexico,0,0,0
TX00115,Compra,29.62,Alemania,0,0,0
TX00116,Compra,50.99,Espana,0,0,0
TX00117,Compra,35.23,Mexico,0,0,0
TX00118,Donacion,10.12,Mexico,0,1,1
TX00119,Suscripcion,128.65,Espana,0,0,0
TX00120,Transferencia,83.69,Brasil,0,0,0
TX00121,Compra,87.37,EEUU,0,0,0
TX00122,Compra,13.46,Mexico,0,0,0
TX00123,Transferencia,171.24,Espana,0,0,0
TX00124,Transferencia,7.83,EEUU,0,0,0
TX00125,Compra,69.79,EEUU,0,0,0
TX00126,Transferencia,407.28,Alemania,0,0,0
TX00127,Suscripcion,12.31,Espana,0,0,0
TX00128,Compra,19.63,EEUU,0,0,0
TX00129,Compra,40.84,EEUU,0,0,0
TX00130,Suscripcion,21.03,Alemania,0,0,0
TX00131,Compra,6.65,Mexico,0,0,0
TX00132,Compra,39.47,Brasil,0,0,0
TX00133,Compra,11.38,Alemania,0,0,0
TX00134,Compra,61.62,India,1,1,0
TX00135,Suscripcion,13.31,EEUU,0,0,0
TX00136,Transferencia,201.33,Mexico,0,1,1
TX00137,Compra,15.46,India,0,0,0
TX00138,Reembolso,25.68,Nigeria,1,0,0
TX00139,Reembolso,89.56,India,0,0,0
TX00140,Reembolso,9.45,EEUU,0,0,0
TX00141,Compra,47.0,Espana,0,0,0
TX00142,Compra,154.14,Mexico,0,0,0
TX00143,Donacion,6.24,Alemania,0,0,0
TX00144,Suscripcion,44.84,Mexico,0,0,0
TX00145,Compra,48.71,Mexico,0,0,0
TX00146,Compra,86.49,India,0,0,0
TX00147,Compra,9.39,EEUU,0,0,0
TX00148,Reembolso,8.56,India,0,0,0
TX00149,Transferencia,64.98,EEUU,0,0,0
TX00150,Compra,50.74,EEUU,0,0,0
TX00151,Compra,48.21,EEUU,0,0,0
TX00152,Transferencia,53.58,Alemania,0,0,0
TX00153,Suscripcion,17.32,Espana,0,0,0
TX00154,Compra,47.25,Espana,0,0,0
TX00155,Suscripcion,50.52,Nigeria,1,1,0
TX00156,Donacion,16.68,Espana,0,0,0
TX00157,Compra,284.96,Mexico,0,0,0
TX00158,Transferencia,61.63,Mexico,0,0,0
TX00159,Compra,9.87,Mexico,1,0,0
TX00160,Suscripcion,75.35,Brasil,0,0,0
TX00161,Transferencia,12.53,EEUU,0,0,0
TX00162,Transferencia,86.99,Mexico,0,0,0
TX00163,Suscripcion,130.9,EEUU,0,0,0
TX00164,Compra,14.84,Brasil,1,1,0
TX00165,Reembolso,105.61,Espana,0,0,0
TX00166,Transferencia,57.63,Mexico,0,0,0
TX00167,Compra,90.4,Espana,0,0,0
TX00168,Transferencia,294.85,EEUU,0,0,0
TX00169,Suscripcion,27.94,Espana,0,0,0
TX00170,Compra,15.97,Espana,0,0,0
TX00171,Reembolso,13.76,Alemania,0,0,0
TX00172,Reembolso,14.92,EEUU,0,0,0
TX00173,Compra,33.62,India,0,0,0
TX00174,Donacion,53.26,Nigeria,0,0,0
TX00175,Compra,49.62,Mexico,0,0,0
TX00176,Compra,90.91,Espana,0,0,0
TX00177,Compra,37.13,EEUU,0,0,0
TX00178,Reembolso,181.07,Alemania,0,1,1
TX00179,Transferencia,27.35,EEUU,0,0,0
TX00180,Compra,729.37,Espana,0,0,0
TX00181,Compra,72.84,Mexico,0,0,0
TX00182,Transferencia,14.26,India,0,0,0
TX00183,Compra,11.27,Alemania,0,0,0
TX00184,Reembolso,62.22,Espana,0,0,0
TX00185,Suscripcion,28.62,Brasil,0,0,0
TX00186,Transferencia,80.27,EEUU,0,0,0
TX00187,Donacion,61.59,Espana,0,0,0
TX00188,Compra,33.78,India,0,0,0
TX00189,Donacion,14.42,EEUU,0,0,0
TX00190,Transferencia,6.91,EEUU,0,0,0
TX00191,Transferencia,22.39,Espana,0,0,0
TX00192,Compra,93.88,India,0,0,0
TX00193,Reembolso,46.32,Alemania,0,0,0
TX00194,Compra,9.3,Brasil,0,0,0
TX00195,Compra,44.28,Alemania,0,0,0
TX00196,Compra,55.92,Espana,0,0,0
TX00197,Transferencia,13.84,EEUU,0,0,0
TX00198,Transferencia,43.34,EEUU,1,1,1
TX00199,Suscripcion,39.02,Espana,0,0,0
TX00200,Reembolso,10.41,Mexico,0,0,0
TX00201,Compra,54.25,India,0,0,0
TX00202,Suscripcion,67.82,Espana,0,0,0
TX00203,Compra,120.46,EEUU,0,0,0
TX00204,Reembolso,116.65,Espana,0,0,0
TX00205,Suscripcion,8.04,EEUU,0,0,0
TX00206,Transferencia,13.04,India,0,0,0
TX00207,Suscripcion,64.49,EEUU,0,0,0
TX00208,Compra,64.4,EEUU,0,0,0
TX00209,Compra,64.49,Alemania,0,0,0
TX00210,Suscripcion,2535.14,Espana,0,0,0
TX00211,Compra,68.58,Mexico,0,0,0
TX00212,Compra,127.63,EEUU,0,0,0
TX00213,Compra,104.52,Brasil,0,0,0
TX00214,Suscripcion,74.93,Nigeria,1,0,0
TX00215,Compra,25.87,Alemania,0,0,0
TX00216,Compra,84.34,EEUU,0,0,0
TX00217,Suscripcion,15.64,Alemania,0,0,0
TX00218,Suscripcion,28.21,Espana,0,0,0
TX00219,Compra,21.46,Espana,0,0,0
TX00220,Compra,40.05,Espana,0,0,0
TX00221,Compra,466.9,EEUU,0,0,0
TX00222,Compra,4.69,Mexico,0,0,0
TX00223,Compra,77.86,Brasil,0,0,0
TX00224,Suscripcion,6.21,India,0,0,0
TX00225,Transferencia,21.78,Mexico,0,0,0
TX00226,Transferencia,121.25,Mexico,1,1,1
TX00227,Compra,39.28,Espana,0,0,0
TX00228,Suscripcion,11.18,Espana,0,0,0
TX00229,Compra,16.66,Mexico,0,0,0
TX00230,Donacion,77.29,EEUU,0,0,0
TX00231,Transferencia,16.39,India,0,0,0
TX00232,Compra,46.44,Espana,0,0,0
TX00233,Transferencia,38.48,Espana,0,0,0
TX00234,Compra,17.87,EEUU,0,0,0
TX00235,Transferencia,386.97,EEUU,0,0,0
TX00236,Compra,73.5,Espana,0,0,0
TX00237,Compra,3.94,Alemania,0,0,0
TX00238,Reembolso,44.93,Espana,0,0,0
TX00239,Compra,17.67,Brasil,0,0,0
TX00240,Suscripcion,93.47,EEUU,0,0,0
TX00241,Compra,15.31,Espana,0,0,0
TX00242,Transferencia,32.26,EEUU,0,0,0
TX00243,Transferencia,63.78,Alemania,0,0,0
TX00244,Transferencia,94.85,EEUU,0,0,0
TX00245,Compra,9.77,Alemania,0,0,0
TX00246,Compra,25.33,Espana,0,0,0
TX00247,Compra,21.71,Alemania,0,0,0
TX00248,Compra,17.84,EEUU,0,0,0
TX00249,Transferencia,255.19,Brasil,0,0,0
TX00250,Donacion,57.14,Mexico,0,1,1
TX00251,Reembolso,9.14,India,0,0,0
TX00252,Suscripcion,100.45,EEUU,0,0,0
TX00253,Suscripcion,377.8,Espana,0,0,0
TX00254,Transferencia,113.94,Espana,0,0,0
TX00255,Compra,6.88,Alemania,0,0,0
TX00256,Reembolso,21.48,Mexico,0,0,0
TX00257,Transferencia,147.47,Alemania,0,0,0
TX00258,Transferencia,16.8,EEUU,0,0,0
TX00259,Compra,59.63,EEUU,0,0,0
TX00260,Compra,85.81,Espana,0,0,0
TX00261,Compra,13.2,Nigeria,0,0,0
TX00262,Reembolso,34.28,Brasil,0,0,0
TX00263,Transferencia,1.04,Nigeria,0,0,0
TX00264,Compra,11.86,EEUU,0,0,0
TX00265,Donacion,27.72,Brasil,0,0,0
TX00266,Compra,9.28,Brasil,0,0,0
TX00267,Compra,220.45,EEUU,0,0,0
TX00268,Compra,7.59,India,0,0,0
TX00269,Suscripcion,22.55,Nigeria,0,0,0
TX00270,Reembolso,42.26,India,0,0,0
TX00271,Compra,178.65,Alemania,0,0,0
TX00272,Reembolso,7.54,EEUU,0,0,0
TX00273,Compra,131.56,EEUU,0,0,0
TX00274,Reembolso,37.01,Nigeria,0,0,0
TX00275,Suscripcion,12.43,Espana,0,0,0
TX00276,Suscripcion,60.84,Alemania,0,0,0
TX00277,Compra,45.56,Brasil,0,0,0
TX00278,Donacion,18.91,Brasil,0,0,0
TX00279,Suscripcion,39.52,Nigeria,0,0,0
TX00280,Compra,23.95,EEUU,0,0,0
TX00281,Suscripcion,41.47,EEUU,0,0,0
TX00282,Compra,75.82,Espana,0,0,0
TX00283,Reembolso,209.48,EEUU,0,0,0
TX00284,Compra,9.38,EEUU,0,0,0
TX00285,Suscripcion,382.35,EEUU,0,0,0
TX00286,Transferencia,4.27,India,0,0,0
TX00287,Compra,30.97,Nigeria,1,0,0
TX00288,Compra,69.91,Espana,0,0,0
TX00289,Compra,49.85,EEUU,0,0,0
TX00290,Compra,18.45,India,1,1,0
TX00291,Compra,29.11,Espana,0,0,0
TX00292,Transferencia,21.28,Espana,0,0,0
TX00293,Compra,19.14,Espana,0,0,0
TX00294,Compra,93.18,Brasil,0,0,0
TX00295,Suscripcion,54.2,Espana,0,0,0
TX00296,Compra,17.08,Nigeria,0,0,0
TX00297,Reembolso,98.45,EEUU,0,0,0
TX00298,Reembolso,51.32,Mexico,0,0,0
TX00299,Transferencia,89.49,EEUU,0,0,0
TX00300,Transferencia,73.16,Mexico,1,1,0
TX00301,Reembolso,14.7,Brasil,0,0,0
TX00302,Compra,19.76,Alemania,0,1,1
TX00303,Compra,83.26,Alemania,0,0,0
TX00304,Compra,71.62,Mexico,0,0,0
TX00305,Suscripcion,35.77,India,0,0,0
TX00306,Compra,41.64,Alemania,0,0,0
TX00307,Transferencia,149.22,Alemania,0,0,0
TX00308,Donacion,19.09,Espana,0,0,0
TX00309,Reembolso,66.81,Espana,0,0,0
TX00310,Transferencia,29.3,Espana,0,0,0
TX00311,Compra,28.81,Brasil,0,0,0
TX00312,Suscripcion,122.57,EEUU,0,0,0
TX00313,Transferencia,90.74,EEUU,0,0,0
TX00314,Compra,89.56,India,0,0,0
TX00315,Compra,153.86,India,0,0,0
TX00316,Reembolso,37.45,India,0,0,0
TX00317,Transferencia,77.49,EEUU,0,0,0
TX00318,Suscripcion,26.02,Brasil,0,0,0
TX00319,Reembolso,52.28,EEUU,0,1,1
TX00320,Transferencia,31.72,Espana,0,0,0
TX00321,Transferencia,40.72,Espana,0,0,0
TX00322,Compra,70.43,EEUU,0,0,0
TX00323,Compra,14.88,EEUU,0,0,0
TX00324,Compra,365.63,India,0,0,0
TX00325,Suscripcion,12.1,Espana,0,0,0
TX00326,Transferencia,9.63,Alemania,0,0,0
TX00327,Reembolso,130.83,Mexico,0,0,0
TX00328,Compra,87.43,EEUU,0,0,0
TX00329,Transferencia,72.71,Mexico,0,0,0
TX00330,Transferencia,73.05,EEUU,0,0,0
TX00331,Transferencia,36.11,Brasil,0,0,0
TX00332,Suscripcion,13.64,EEUU,0,0,0
TX00333,Compra,39.78,Espana,0,0,0
TX00334,Transferencia,17.38,Espana,0,0,0
TX00335,Compra,106.98,Mexico,0,0,0
TX00336,Compra,31.13,India,0,0,0
TX00337,Compra,14.76,EEUU,0,0,0
TX00338,Transferencia,25.7,Alemania,0,0,0
TX00339,Donacion,57.64,Brasil,0,0,0
TX00340,Transferencia,19.69,Nigeria,0,0,0
TX00341,Suscripcion,14.81,Alemania,0,0,0
TX00342,Transferencia,47.85,Mexico,0,0,0
TX00343,Transferencia,47.92,Brasil,0,0,0
TX00344,Compra,20.95,India,0,0,0
TX00345,Compra,21.8,EEUU,0,0,0
TX00346,Compra,47.24,EEUU,0,0,0
TX00347,Compra,7.44,Espana,0,0,0
TX00348,Compra,7.78,Alemania,0,0,0
TX00349,Compra,16.61,Alemania,0,0,0
TX00350,Compra,28.94,Espana,0,0,0
TX00351,Donacion,51.52,Mexico,0,0,0
TX00352,Compra,185.47,EEUU,1,0,0
TX00353,Compra,94.01,Espana,0,0,0
TX00354,Compra,30.69,Nigeria,0,0,0
TX00355,Transferencia,35.84,Espana,0,0,0
TX00356,Compra,12.15,Espana,0,0,0
TX00357,Compra,35.86,Brasil,1,1,1
TX00358,Transferencia,26.64,Alemania,0,0,0
TX00359,Compra,52.2,Espana,0,0,0
TX00360,Compra,14.73,Brasil,0,0,0
TX00361,Compra,64.8,Mexico,0,0,0
TX00362,Compra,197.55,Espana,0,0,0
TX00363,Compra,32.47,Espana,0,0,0
TX00364,Compra,56.93,Mexico,1,1,0
TX00365,Suscripcion,78.19,EEUU,0,0,0
TX00366,Transferencia,23.54,Nigeria,1,1,1
TX00367,Transferencia,46.83,Alemania,0,0,0
TX00368,Compra,37.11,Nigeria,0,0,0
TX00369,Donacion,40.75,EEUU,0,0,0
TX00370,Compra,15.64,Nigeria,0,0,0
TX00371,Compra,37.6,EEUU,0,0,0
TX00372,Transferencia,63.29,EEUU,0,0,0
TX00373,Compra,180.6,Espana,0,0,0
TX00374,Compra,105.13,Espana,0,0,0
TX00375,Transferencia,390.92,Brasil,0,0,0
TX00376,Reembolso,15.74,EEUU,0,0,0
TX00377,Compra,95.54,EEUU,0,1,1
TX00378,Suscripcion,44.78,Brasil,0,0,0
TX00379,Donacion,406.99,EEUU,0,0,0
TX00380,Compra,15.04,Mexico,0,0,0
TX00381,Compra,14.53,EEUU,0,0,0
TX00382,Compra,18.93,Alemania,0,0,0
TX00383,Compra,3.54,Alemania,0,0,0
TX00384,Compra,20.53,Mexico,0,0,0
TX00385,Reembolso,15.88,EEUU,0,0,0
TX00386,Suscripcion,43.18,EEUU,0,0,0
TX00387,Transferencia,53.3,Alemania,0,0,0
TX00388,Compra,288.24,EEUU,0,0,0
TX00389,Suscripcion,104.11,Espana,0,0,0
TX00390,Donacion,19.4,Espana,0,0,0
TX00391,Suscripcion,13.62,EEUU,0,0,0
TX00392,Compra,62.87,Mexico,0,0,0
TX00393,Transferencia,8.57,India,0,0,0
TX00394,Compra,274.4,EEUU,0,0,0
TX00395,Compra,133.94,EEUU,0,0,0
TX00396,Compra,21.84,Alemania,0,0,0
TX00397,Transferencia,5.56,Alemania,0,0,0
TX00398,Transferencia,162.27,EEUU,0,0,0
TX00399,Compra,32.27,EEUU,0,0,0
TX00400,Compra,142.82,EEUU,0,0,0
TX00401,Compra,6.34,Nigeria,0,0,0
TX00402,Compra,18.93,Espana,0,0,0
TX00403,Compra,36.81,Nigeria,0,0,0
TX00404,Compra,38.54,Brasil,1,0,0
TX00405,Suscripcion,22.31,Mexico,0,0,0
TX00406,Compra,72.61,Espana,0,0,0
TX00407,Compra,11.31,Mexico,0,0,0
TX00408,Compra,31.29,EEUU,0,0,0
TX00409,Donacion,41.78,Espana,0,0,0
TX00410,Transferencia,64.45,Brasil,0,0,0
TX00411,Transferencia,80.06,Nigeria,1,1,0
TX00412,Compra,10.62,Mexico,0,0,0
TX00413,Transferencia,6.77,Alemania,0,0,0
TX00414,Compra,149.22,Espana,0,0,0
TX00415,Transferencia,52.75,EEUU,0,0,0
TX00416,Reembolso,16.07,Espana,0,0,0
TX00417,Transferencia,201.6,Brasil,0,0,0
TX00418,Reembolso,41.56,Nigeria,0,0,0
TX00419,Suscripcion,133.92,Brasil,0,1,1
TX00420,Compra,39.42,Espana,0,0,0
TX00421,Reembolso,353.13,EEUU,0,0,0
TX00422,Compra,252.36,Mexico,0,0,0
TX00423,Transferencia,27.83,EEUU,0,0,0
TX00424,Compra,106.56,India,0,0,0
TX00425,Compra,74.43,Alemania,0,0,0
TX00426,Compra,164.93,Brasil,0,0,0
TX00427,Compra,12.66,EEUU,0,0,0
TX00428,Compra,77.84,EEUU,0,0,0
TX00429,Transferencia,117.25,Espana,0,0,0
TX00430,Compra,5.29,EEUU,0,0,0
TX00431,Compra,9.96,EEUU,0,0,0
TX00432,Transferencia,3.88,Brasil,0,0,0
TX00433,Compra,27.21,Brasil,0,0,0
TX00434,Suscripcion,80.58,Espana,0,0,0
TX00435,Transferencia,191.06,EEUU,0,0,0
TX00436,Suscripcion,39.71,Espana,0,0,0
TX00437,Transferencia,219.53,Espana,0,0,0
TX00438,Compra,8.02,Alemania,0,0,0
TX00439,Transferencia,5.62,Espana,0,0,0
TX00440,Compra,34.43,EEUU,0,0,0
TX00441,Compra,55.84,Espana,0,0,0
TX00442,Suscripcion,35.31,India,0,0,0
TX00443,Compra,3.77,Mexico,0,0,0
TX00444,Suscripcion,33.18,EEUU,0,0,0
TX00445,Suscripcion,8.72,Mexico,0,0,0
TX00446,Reembolso,76.45,Alemania,0,0,0
TX00447,Reembolso,54.78,Nigeria,0,0,0
TX00448,Compra,13.02,EEUU,1,1,0
TX00449,Compra,20.8,India,0,0,0
TX00450,Transferencia,11.41,Nigeria,0,0,0
TX00451,Compra,34.16,India,0,0,0
TX00452,Transferencia,104.65,Brasil,0,0,0
TX00453,Suscripcion,12.38,Brasil,0,0,0
TX00454,Transferencia,63.72,EEUU,0,0,0
TX00455,Compra,20.42,Alemania,0,0,0
TX00456,Compra,15.3,Mexico,0,0,0
TX00457,Compra,32.53,Brasil,0,0,0
TX00458,Compra,11.72,EEUU,0,0,0
TX00459,Reembolso,19.91,Alemania,0,0,0
TX00460,Compra,9.8,Alemania,0,0,0
TX00461,Compra,317.73,Espana,0,0,0
TX00462,Compra,38.05,India,0,1,1
TX00463,Transferencia,16.95,Mexico,0,0,0
TX00464,Transferencia,46.31,India,0,0,0
TX00465,Compra,32.34,EEUU,0,0,0
TX00466,Compra,28.7,EEUU,0,0,0
TX00467,Compra,71.92,India,0,1,1
TX00468,Compra,84.21,EEUU,0,0,0
TX00469,Transferencia,20.42,India,0,0,0
TX00470,Transferencia,19.43,Mexico,0,0,0
TX00471,Compra,27.04,Mexico,0,0,0
TX00472,Compra,2.91,EEUU,0,0,0
TX00473,Donacion,6.91,Mexico,0,0,0
TX00474,Compra,164.61,EEUU,0,0,0
TX00475,Transferencia,223.51,Espana,0,0,0
TX00476,Compra,27.83,EEUU,0,0,0
TX00477,Compra,69.01,Espana,0,0,0
TX00478,Compra,51.54,Nigeria,1,1,0
TX00479,Transferencia,1082.22,Nigeria,1,1,1
TX00480,Donacion,125.4,EEUU,0,0,0
TX00481,Compra,31.79,Alemania,0,0,0
TX00482,Compra,12.79,EEUU,0,0,0
TX00483,Compra,6.25,Brasil,0,0,0
TX00484,Compra,45.78,Alemania,0,0,0
TX00485,Compra,15.93,Nigeria,0,0,0
TX00486,Compra,7.66,EEUU,0,0,0
TX00487,Suscripcion,17.97,Alemania,0,0,0
TX00488,Compra,11.14,EEUU,0,0,0
TX00489,Compra,234.13,Nigeria,0,0,0
TX00490,Reembolso,96.53,Espana,0,1,1
TX00491,Compra,36.28,Brasil,0,0,0
TX00492,Donacion,186.41,Brasil,0,0,0
TX00493,Compra,39.85,Brasil,0,0,0
TX00494,Reembolso,14.19,Espana,0,0,0
TX00495,Transferencia,195.48,Nigeria,0,0,0
TX00496,Suscripcion,66.21,Espana,0,0,0
TX00497,Donacion,11.69,Brasil,0,0,0
TX00498,Compra,29.68,EEUU,0,0,0
TX00499,Donacion,13.97,EEUU,0,0,0
TX00500,Compra,8.0,Mexico,0,0,0
TX00501,Compra,101.37,EEUU,0,0,0
TX00502,Compra,298.97,Espana,0,0,0
TX00503,Transferencia,7.86,Espana,0,0,0
TX00504,Compra,67.98,EEUU,0,0,0
TX00505,Transferencia,17.89,Alemania,0,0,0
TX00506,Transferencia,21.42,India,0,0,0
TX00507,Suscripcion,19.07,Espana,0,0,0
TX00508,Suscripcion,14.15,EEUU,0,0,0
TX00509,Compra,38.6,Espana,0,0,0
TX00510,Compra,14.67,Espana,0,0,0
TX00511,Compra,49.28,Brasil,0,0,0
TX00512,Compra,34.63,Brasil,0,0,0
TX00513,Compra,28.14,Espana,0,0,0
TX00514,Compra,13.49,EEUU,0,1,1
TX00515,Compra,19.41,Espana,0,0,0
TX00516,Donacion,84.01,India,0,0,0
TX00517,Transferencia,63.5,Nigeria,0,0,0
TX00518,Compra,12.49,Espana,0,1,1
TX00519,Transferencia,40.82,EEUU,0,0,0
TX00520,Compra,83.64,India,0,0,0
TX00521,Compra,5.83,India,0,0,0
TX00522,Transferencia,66.53,EEUU,0,0,0
TX00523,Compra,17.66,Espana,0,0,0
TX00524,Compra,68.56,Espana,0,0,0
TX00525,Donacion,15.81,Mexico,0,0,0
TX00526,Reembolso,5.03,EEUU,0,0,0
TX00527,Transferencia,6.11,Espana,0,0,0
TX00528,Transferencia,38.59,Mexico,0,0,0
TX00529,Transferencia,48.7,Espana,0,0,0
TX00530,Compra,13.53,Alemania,0,0,0
TX00531,Compra,73.88,EEUU,0,0,0
TX00532,Compra,5.88,Espana,0,0,0
TX00533,Compra,34.03,Mexico,0,0,0
TX00534,Transferencia,9.66,EEUU,0,0,0
TX00535,Compra,17.87,Nigeria,0,0,0
TX00536,Donacion,38.56,Mexico,0,0,0
TX00537,Reembolso,14.2,EEUU,0,0,0
TX00538,Suscripcion,23.97,Brasil,0,0,0
TX00539,Transferencia,110.71,EEUU,1,1,0
TX00540,Reembolso,19.4,India,0,0,0
TX00541,Compra,91.77,EEUU,0,0,0
TX00542,Suscripcion,10.56,Mexico,0,0,0
TX00543,Compra,65.55,Espana,0,0,0
TX00544,Suscripcion,178.7,EEUU,0,1,0
TX00545,Compra,2.41,India,0,0,0
TX00546,Reembolso,15.23,Alemania,0,0,0
TX00547,Donacion,69.05,EEUU,0,0,0
TX00548,Compra,29.27,EEUU,0,0,0
TX00549,Compra,55.05,Alemania,0,0,0
TX00550,Donacion,18.83,Nigeria,0,0,0
TX00551,Compra,40.26,Espana,0,0,0
TX00552,Reembolso,30.84,EEUU,0,0,0
TX00553,Transferencia,132.23,EEUU,0,0,0
TX00554,Compra,48.42,India,0,1,1
TX00555,Compra,53.06,Espana,0,0,0
TX00556,Compra,23.26,Espana,0,0,0
TX00557,Suscripcion,21.41,Alemania,0,0,0
TX00558,Compra,22.74,Espana,0,0,0
TX00559,Transferencia,56.48,Mexico,0,0,0
TX00560,Compra,23.03,EEUU,0,0,0
TX00561,Transferencia,50.34,EEUU,0,0,0
TX00562,Reembolso,358.86,EEUU,0,0,0
TX00563,Donacion,95.42,Mexico,0,0,0
TX00564,Compra,25.57,Espana,0,0,0
TX00565,Suscripcion,137.19,Mexico,0,1,1
TX00566,Suscripcion,23.36,Alemania,0,0,0
TX00567,Transferencia,3.89,Alemania,0,0,0
TX00568,Donacion,12.07,Espana,0,0,0
TX00569,Compra,4.67,Espana,0,0,0
TX00570,Compra,24.86,EEUU,0,0,0
TX00571,Reembolso,37.35,EEUU,0,0,0
TX00572,Compra,231.38,EEUU,0,1,1
TX00573,Suscripcion,52.44,Brasil,0,0,0
TX00574,Reembolso,28.76,Espana,0,0,0
TX00575,Compra,91.14,Espana,0,0,0
TX00576,Reembolso,3.21,EEUU,0,0,0
TX00577,Compra,47.43,Brasil,0,0,0
TX00578,Transferencia,85.45,Espana,0,0,0
TX00579,Transferencia,7.2,Brasil,0,0,0
TX00580,Reembolso,128.78,EEUU,0,0,0
TX00581,Compra,53.11,India,0,0,0
TX00582,Compra,23.18,India,0,0,0
TX00583,Transferencia,73.41,EEUU,0,0,0
TX00584,Suscripcion,444.86,EEUU,0,0,0
TX00585,Transferencia,44.7,EEUU,0,0,0
TX00586,Compra,48.09,EEUU,0,0,0
TX00587,Compra,22.08,Brasil,0,0,0
TX00588,Compra,14.37,Alemania,0,0,0
TX00589,Suscripcion,91.23,Brasil,0,0,0
TX00590,Compra,14.27,Alemania,0,0,0
TX00591,Compra,39.6,EEUU,0,0,0
TX00592,Donacion,21.64,Espana,0,0,0
TX00593,Compra,61.98,Alemania,0,0,0
TX00594,Donacion,52.83,EEUU,0,0,0
TX00595,Transferencia,114.58,Brasil,0,0,0
TX00596,Suscripcion,20.88,EEUU,0,0,0
TX00597,Compra,27.2,Espana,0,0,0
TX00598,Compra,12.47,Nigeria,0,0,0
TX00599,Suscripcion,22.45,Espana,0,0,0
TX00600,Suscripcion,55.42,Nigeria,1,0,0
TX00601,Suscripcion,84.16,Nigeria,1,1,1
TX00602,Compra,13.27,Alemania,0,0,0
TX00603,Suscripcion,95.26,Brasil,0,0,0
TX00604,Suscripcion,162.59,Mexico,0,0,0
TX00605,Transferencia,57.67,India,0,0,0
TX00606,Suscripcion,288.44,EEUU,0,0,0
TX00607,Suscripcion,15.62,EEUU,0,0,0
TX00608,Transferencia,9.31,Brasil,0,0,0
TX00609,Compra,5.17,EEUU,0,0,0
TX00610,Compra,189.74,EEUU,1,1,0
TX00611,Compra,75.17,EEUU,0,0,0
TX00612,Compra,34.43,Mexico,1,1,1
TX00613,Compra,49.8,India,0,0,0
TX00614,Compra,10.61,Espana,0,0,0
TX00615,Compra,539.33,Nigeria,0,0,0
TX00616,Compra,42.19,Brasil,0,0,0
TX00617,Suscripcion,41.28,Alemania,0,0,0
TX00618,Donacion,81.32,Mexico,0,0,0
TX00619,Compra,62.12,Alemania,0,0,0
TX00620,Donacion,46.82,Espana,0,0,0
TX00621,Transferencia,15.34,Alemania,0,0,0
TX00622,Compra,61.47,Espana,0,0,0
TX00623,Compra,290.1,India,0,0,0
TX00624,Transferencia,160.77,Nigeria,0,0,0
TX00625,Suscripcion,211.14,EEUU,0,0,0
TX00626,Suscripcion,20.86,Espana,0,0,0
TX00627,Compra,12.32,Alemania,0,0,0
TX00628,Compra,31.87,EEUU,0,0,0
TX00629,Compra,38.91,India,0,0,0
TX00630,Compra,121.95,Espana,0,0,0
TX00631,Compra,5.69,Espana,0,1,0
TX00632,Compra,196.86,Nigeria,0,0,0
TX00633,Suscripcion,30.76,Brasil,0,0,0
TX00634,Reembolso,22.88,India,0,0,0
TX00635,Compra,12.02,EEUU,0,0,0
TX00636,Reembolso,5.93,Brasil,0,0,0
TX00637,Compra,90.51,Brasil,0,0,0
TX00638,Compra,39.67,Brasil,0,0,0
TX00639,Compra,8.86,Brasil,0,0,0
TX00640,Transferencia,8.81,Mexico,0,0,0
TX00641,Donacion,25.3,EEUU,0,0,0
TX00642,Transferencia,229.5,EEUU,0,0,0
TX00643,Compra,27.51,Alemania,0,0,0
TX00644,Transferencia,7.0,EEUU,0,0,0
TX00645,Compra,27.93,Brasil,1,1,1
TX00646,Reembolso,27.11,EEUU,0,0,0
TX00647,Transferencia,1.88,Brasil,0,0,0
TX00648,Compra,34.48,Alemania,0,0,0
TX00649,Transferencia,28.39,Espana,0,0,0
TX00650,Transferencia,78.71,Espana,0,1,1
TX00651,Compra,279.74,Espana,0,0,0
TX00652,Transferencia,126.37,Brasil,0,0,0
TX00653,Compra,27.23,India,0,0,0
TX00654,Suscripcion,10.84,Espana,0,0,0
TX00655,Suscripcion,620.61,Alemania,0,0,0
TX00656,Suscripcion,39.06,EEUU,0,0,0
TX00657,Transferencia,37.16,Mexico,0,0,0
TX00658,Transferencia,35.64,India,0,0,0
TX00659,Compra,45.51,EEUU,0,0,0
TX00660,Suscripcion,31.22,EEUU,0,0,0
TX00661,Compra,19.47,Espana,0,0,0
TX00662,Compra,20.05,Espana,0,0,0
TX00663,Compra,35.3,EEUU,0,0,0
TX00664,Compra,20.13,Espana,0,0,0
TX00665,Transferencia,16.71,Brasil,0,1,1
TX00666,Compra,41.14,EEUU,0,0,0
TX00667,Suscripcion,27.65,Mexico,0,0,0
TX00668,Compra,191.41,Espana,0,0,0
TX00669,Compra,1.98,EEUU,0,0,0
TX00670,Transferencia,121.59,Brasil,0,0,0
TX00671,Compra,144.13,Nigeria,0,1,1
TX00672,Compra,3.74,Espana,0,0,0
TX00673,Suscripcion,25.1,India,0,0,0
TX00674,Compra,24.32,Mexico,0,0,0
TX00675,Suscripcion,7.78,Mexico,0,0,0
TX00676,Compra,15.56,Mexico,0,0,0
TX00677,Compra,10.79,Espana,0,0,0
TX00678,Suscripcion,251.51,Espana,0,0,0
TX00679,Compra,102.44,Brasil,0,0,0
TX00680,Compra,148.22,EEUU,0,0,0
TX00681,Compra,80.95,India,0,0,0
TX00682,Compra,10.57,EEUU,0,0,0
TX00683,Suscripcion,20.55,Espana,0,0,0
TX00684,Compra,62.7,Alemania,0,0,0
TX00685,Suscripcion,9.54,EEUU,0,0,0
TX00686,Reembolso,80.18,Mexico,0,0,0
TX00687,Compra,28.1,Brasil,0,0,0
TX00688,Reembolso,24.23,India,0,0,0
TX00689,Compra,80.0,Alemania,0,0,0
TX00690,Donacion,59.66,Brasil,0,0,0
TX00691,Compra,24.6,Brasil,0,0,0
TX00692,Transferencia,131.01,Nigeria,0,0,0
TX00693,Compra,11.14,EEUU,0,0,0
TX00694,Compra,72.06,Espana,0,0,0
TX00695,Transferencia,70.27,EEUU,0,0,0
TX00696,Suscripcion,26.04,Espana,0,0,0
TX00697,Compra,52.39,Brasil,0,0,0
TX00698,Compra,9.24,Brasil,0,0,0
TX00699,Suscripcion,101.13,Brasil,0,0,0
TX00700,Transferencia,29.86,Espana,0,0,0
TX00701,Donacion,20.59,Alemania,0,0,0
TX00702,Suscripcion,116.04,EEUU,0,0,0
TX00703,Donacion,16.86,Brasil,1,1,0
TX00704,Suscripcion,7.77,Mexico,1,1,0
TX00705,Compra,6.6,EEUU,0,0,0
TX00706,Compra,71.28,Espana,0,0,0
TX00707,Suscripcion,8.95,Espana,0,0,0
TX00708,Transferencia,252.21,India,0,0,0
TX00709,Compra,3.71,India,0,0,0
TX00710,Compra,236.54,Brasil,0,0,0
TX00711,Donacion,46.16,Espana,0,0,0
TX00712,Transferencia,32.9,EEUU,0,0,0
TX00713,Compra,20.1,Alemania,0,0,0
TX00714,Compra,56.77,Alemania,0,0,0
TX00715,Compra,35.11,Espana,0,0,0
TX00716,Compra,123.18,Espana,0,0,0
TX00717,Compra,41.5,Alemania,0,0,0
TX00718,Compra,43.18,EEUU,0,0,0
TX00719,Suscripcion,24.53,EEUU,0,0,0
TX00720,Compra,34.38,Espana,0,0,0
TX00721,Suscripcion,51.35,Mexico,0,0,0
TX00722,Reembolso,5.58,India,0,0,0
TX00723,Compra,8.31,Nigeria,0,0,0
TX00724,Transferencia,82.9,Mexico,0,0,0
TX00725,Compra,44.17,Mexico,0,0,0
TX00726,Reembolso,29.89,Espana,0,0,0
TX00727,Compra,37.35,Mexico,0,0,0
TX00728,Transferencia,53.64,EEUU,0,0,0
TX00729,Transferencia,20.21,Brasil,0,0,0
TX00730,Compra,15.55,EEUU,0,0,0
TX00731,Compra,45.4,EEUU,0,0,0
TX00732,Transferencia,12.48,Espana,0,0,0
TX00733,Suscripcion,57.34,EEUU,0,0,0
TX00734,Compra,5.62,Espana,0,0,0
TX00735,Transferencia,113.53,Espana,0,0,0
TX00736,Compra,61.55,Nigeria,0,0,0
TX00737,Suscripcion,48.5,EEUU,0,0,0
TX00738,Compra,107.87,Mexico,0,0,0
TX00739,Reembolso,228.61,India,0,0,0
TX00740,Compra,111.7,Nigeria,1,1,1
TX00741,Compra,4.83,Mexico,0,0,0
TX00742,Compra,8.96,Alemania,0,0,0
TX00743,Compra,18.41,EEUU,0,0,0
TX00744,Transferencia,37.66,EEUU,0,0,0
TX00745,Compra,64.68,EEUU,0,0,0
TX00746,Suscripcion,16.47,Brasil,0,0,0
TX00747,Compra,44.95,Brasil,0,0,0
TX00748,Compra,15.94,EEUU,0,0,0
TX00749,Compra,18.68,Espana,0,0,0
TX00750,Compra,7.79,Brasil,0,0,0
TX00751,Compra,13.26,Espana,0,0,0
TX00752,Compra,8.27,Mexico,0,0,0
TX00753,Compra,12.51,Brasil,0,0,0
TX00754,Compra,116.63,Brasil,0,0,0
TX00755,Transferencia,12.88,Alemania,0,0,0
TX00756,Transferencia,662.23,India,0,0,0
TX00757,Compra,62.97,Mexico,0,0,0
TX00758,Compra,44.85,Alemania,0,0,0
TX00759,Donacion,14.24,Brasil,0,0,0
TX00760,Transferencia,79.07,Espana,0,0,0
TX00761,Transferencia,19.43,Espana,0,0,0
TX00762,Compra,41.85,EEUU,0,0,0
TX00763,Suscripcion,611.61,EEUU,0,0,0
TX00764,Suscripcion,32.93,Brasil,0,0,0
TX00765,Transferencia,129.57,India,0,0,0
TX00766,Donacion,16.89,Espana,0,0,0
TX00767,Compra,35.22,Espana,0,0,0
TX00768,Compra,256.69,Nigeria,0,0,0
TX00769,Suscripcion,18.36,Espana,0,0,0
TX00770,Suscripcion,268.73,Mexico,0,0,0
TX00771,Compra,79.72,Mexico,0,0,0
TX00772,Compra,19.71,Mexico,0,0,0
TX00773,Compra,73.38,Espana,0,0,0
TX00774,Compra,106.68,Espana,0,0,0
TX00775,Suscripcion,72.53,Espana,0,0,0
TX00776,Transferencia,6.51,Mexico,0,0,0
TX00777,Compra,16.45,Mexico,0,0,0
TX00778,Compra,27.87,EEUU,0,0,0
TX00779,Compra,33.72,Brasil,0,0,0
TX00780,Compra,72.44,Alemania,0,0,0
TX00781,Transferencia,44.5,Espana,0,0,0
TX00782,Donacion,8.42,Mexico,0,0,0
TX00783,Suscripcion,55.6,Brasil,0,0,0
TX00784,Compra,71.64,EEUU,0,0,0
TX00785,Reembolso,67.75,EEUU,0,0,0
TX00786,Suscripcion,120.16,Brasil,0,0,0
TX00787,Suscripcion,91.59,India,0,0,0
TX00788,Compra,60.65,Alemania,0,0,0
TX00789,Compra,33.88,Mexico,0,0,0
TX00790,Compra,5.89,Alemania,0,0,0
TX00791,Compra,58.71,EEUU,0,0,0
TX00792,Compra,45.99,Brasil,0,0,0
TX00793,Compra,49.34,EEUU,0,0,0
TX00794,Compra,8.99,Espana,0,0,0
TX00795,Suscripcion,11.14,Brasil,0,1,1
TX00796,Compra,116.57,Mexico,0,0,0
TX00797,Compra,35.04,EEUU,0,0,0
TX00798,Donacion,77.45,India,0,0,0
TX00799,Donacion,37.76,Espana,0,0,0
TX00800,Suscripcion,37.82,EEUU,0,0,0
TX00801,Donacion,102.73,Espana,0,0,0
TX00802,Transferencia,20.75,Alemania,0,0,0
TX00803,Donacion,40.68,Brasil,1,1,1
TX00804,Compra,22.01,EEUU,0,0,0
TX00805,Compra,22.69,Brasil,0,0,0
TX00806,Compra,26.05,EEUU,0,0,0
TX00807,Compra,46.73,Alemania,0,0,0
TX00808,Compra,21.61,EEUU,0,0,0
TX00809,Transferencia,145.67,EEUU,0,0,0
TX00810,Suscripcion,13.68,Nigeria,0,0,0
TX00811,Transferencia,29.8,EEUU,0,0,0
TX00812,Compra,22.56,Espana,0,0,0
TX00813,Suscripcion,179.77,Mexico,0,0,0
TX00814,Transferencia,45.43,Nigeria,0,0,0
TX00815,Compra,113.87,EEUU,0,0,0
TX00816,Transferencia,7.14,Espana,0,0,0
TX00817,Compra,49.09,EEUU,0,0,0
TX00818,Compra,97.38,Mexico,0,0,0
TX00819,Reembolso,40.07,Espana,0,0,0
TX00820,Compra,118.16,Brasil,0,0,0
TX00821,Compra,20.72,Nigeria,0,0,0
TX00822,Reembolso,172.48,EEUU,0,0,0
TX00823,Suscripcion,458.88,EEUU,0,0,0
TX00824,Compra,24.55,EEUU,0,0,0
TX00825,Compra,22.42,Espana,0,0,0
TX00826,Compra,181.04,India,0,0,0
TX00827,Transferencia,208.0,EEUU,0,0,0
TX00828,Compra,20.59,EEUU,0,1,0
TX00829,Compra,23.05,Brasil,0,0,0
TX00830,Donacion,26.84,EEUU,0,0,0
TX00831,Transferencia,8.34,Brasil,0,0,0
TX00832,Compra,13.32,Espana,0,0,0
TX00833,Transferencia,12.13,Alemania,0,0,0
TX00834,Transferencia,15.73,Nigeria,0,0,0
TX00835,Compra,35.23,Brasil,0,0,0
TX00836,Compra,47.35,Nigeria,0,0,0
TX00837,Suscripcion,201.45,Espana,0,0,0
TX00838,Compra,12.2,Mexico,0,1,1
TX00839,Transferencia,108.07,Brasil,1,1,0
TX00840,Compra,28.92,Mexico,0,0,0
TX00841,Compra,34.66,EEUU,0,0,0
TX00842,Compra,76.88,EEUU,0,0,0
TX00843,Compra,10.64,Espana,0,0,0
TX00844,Compra,55.74,EEUU,0,0,0
TX00845,Compra,43.95,Espana,0,0,0
TX00846,Suscripcion,62.91,Alemania,0,0,0
TX00847,Donacion,50.3,Espana,0,0,0
TX00848,Suscripcion,545.02,Espana,0,0,0
TX00849,Reembolso,18.15,Mexico,1,1,0
TX00850,Compra,20.41,Brasil,0,0,0
TX00851,Donacion,18.44,India,0,0,0
TX00852,Compra,19.87,Mexico,0,0,0
TX00853,Donacion,18.15,EEUU,0,0,0
TX00854,Donacion,135.36,Alemania,0,0,0
TX00855,Suscripcion,174.61,Mexico,0,0,0
TX00856,Donacion,19.53,Espana,0,0,0
TX00857,Transferencia,14.65,Mexico,0,0,0
TX00858,Compra,61.47,India,0,0,0
TX00859,Compra,19.94,EEUU,0,0,0
TX00860,Transferencia,73.42,EEUU,0,0,0
TX00861,Compra,45.75,Espana,0,0,0
TX00862,Transferencia,6.91,Espana,0,0,0
TX00863,Donacion,200.79,EEUU,0,0,0
TX00864,Compra,263.87,Brasil,0,0,0
TX00865,Suscripcion,18.65,Espana,0,0,0
TX00866,Reembolso,23.89,Nigeria,1,1,1
TX00867,Donacion,50.12,Alemania,0,0,0
TX00868,Donacion,52.87,Mexico,0,0,0
TX00869,Transferencia,75.52,Alemania,0,0,0
TX00870,Donacion,334.03,Espana,0,0,0
TX00871,Suscripcion,30.13,Mexico,0,0,0
TX00872,Compra,15.21,Brasil,0,0,0
TX00873,Compra,8.03,Alemania,0,0,0
TX00874,Suscripcion,16.38,Alemania,0,1,1
TX00875,Compra,35.29,EEUU,0,0,0
TX00876,Transferencia,263.49,Nigeria,0,0,0
TX00877,Transferencia,20.71,Espana,0,0,0
TX00878,Compra,46.81,India,0,0,0
TX00879,Transferencia,35.94,Nigeria,1,1,0
TX00880,Suscripcion,135.26,Espana,0,0,0
TX00881,Compra,589.71,Alemania,0,1,1
TX00882,Compra,20.41,Espana,0,0,0
TX00883,Compra,21.36,EEUU,0,0,0
TX00884,Compra,115.42,Mexico,0,0,0
TX00885,Reembolso,77.48,Mexico,0,0,0
TX00886,Compra,279.05,Nigeria,0,0,0
TX00887,Transferencia,69.57,Brasil,0,0,0
TX00888,Compra,24.65,Mexico,0,0,0
TX00889,Compra,70.09,Alemania,0,0,0
TX00890,Suscripcion,123.91,Nigeria,0,0,0
TX00891,Suscripcion,90.25,Espana,0,0,0
TX00892,Compra,63.94,Nigeria,1,0,0
TX00893,Compra,118.31,Espana,0,0,0
TX00894,Compra,132.45,Alemania,0,0,0
TX00895,Compra,167.4,EEUU,0,0,0
TX00896,Transferencia,74.71,Espana,0,0,0
TX00897,Compra,30.45,EEUU,0,0,0
TX00898,Compra,43.01,Brasil,0,0,0
TX00899,Compra,137.99,EEUU,0,0,0
TX00900,Reembolso,14.9,Espana,0,0,0
TX00901,Donacion,54.9,Brasil,0,0,0
TX00902,Compra,23.74,India,0,0,0
TX00903,Suscripcion,37.77,EEUU,0,0,0
TX00904,Compra,149.35,Espana,0,0,0
TX00905,Compra,45.16,EEUU,0,0,0
TX00906,Suscripcion,38.52,Espana,0,0,0
TX00907,Reembolso,8.2,Alemania,0,0,0
TX00908,Donacion,83.17,Alemania,1,1,0
TX00909,Transferencia,74.44,Mexico,0,0,0
TX00910,Compra,395.27,EEUU,0,0,0
TX00911,Suscripcion,26.09,Alemania,0,0,0
TX00912,Compra,46.58,Mexico,0,0,0
TX00913,Transferencia,48.15,Alemania,0,0,0
TX00914,Compra,207.51,Brasil,0,0,0
TX00915,Transferencia,32.96,Alemania,0,0,0
TX00916,Compra,49.75,Brasil,0,0,0
TX00917,Compra,71.43,EEUU,0,0,0
TX00918,Reembolso,44.94,Nigeria,0,0,0
TX00919,Compra,22.4,Mexico,0,0,0
TX00920,Transferencia,45.31,Brasil,0,0,0
TX00921,Compra,119.22,EEUU,0,0,0
TX00922,Compra,11.83,Brasil,1,0,0
TX00923,Compra,42.36,Mexico,1,1,0
TX00924,Compra,16.94,Espana,0,0,0
TX00925,Reembolso,136.26,Espana,0,0,0
TX00926,Compra,6.85,Brasil,0,0,0
TX00927,Donacion,19.79,Alemania,1,1,0
TX00928,Transferencia,55.42,Mexico,0,0,0
TX00929,Compra,204.81,EEUU,0,0,0
TX00930,Transferencia,34.04,Brasil,0,0,0
TX00931,Transferencia,19.87,Espana,0,0,0
TX00932,Suscripcion,289.82,EEUU,0,0,0
TX00933,Compra,7.44,Espana,0,0,0
TX00934,Compra,3.26,Espana,0,0,0
TX00935,Reembolso,59.38,Espana,0,0,0
TX00936,Donacion,21.07,EEUU,0,0,0
TX00937,Reembolso,11.9,Espana,0,0,0
TX00938,Compra,79.77,EEUU,0,0,0
TX00939,Suscripcion,47.86,Mexico,0,0,0
TX00940,Compra,19.68,Mexico,0,0,0
TX00941,Compra,8.95,EEUU,0,0,0
TX00942,Compra,95.56,India,0,0,0
TX00943,Transferencia,74.83,Espana,0,0,0
TX00944,Compra,32.82,Mexico,0,0,0
TX00945,Compra,279.02,Espana,0,0,0
TX00946,Reembolso,11.28,Espana,0,0,0
TX00947,Compra,6.83,Mexico,0,0,0
TX00948,Compra,17.1,Mexico,0,0,0
TX00949,Compra,34.81,India,0,0,0
TX00950,Donacion,47.83,Mexico,0,0,0
TX00951,Transferencia,28.07,Nigeria,0,0,0
TX00952,Compra,53.91,Espana,0,0,0
TX00953,Suscripcion,9.24,Espana,0,0,0
TX00954,Suscripcion,179.14,Espana,0,0,0
TX00955,Compra,33.44,Espana,0,0,0
TX00956,Transferencia,125.09,Mexico,0,1,0
TX00957,Suscripcion,53.36,Brasil,0,0,0
TX00958,Transferencia,60.49,Espana,0,0,0
TX00959,Compra,68.49,Nigeria,0,0,0
TX00960,Reembolso,59.89,India,0,0,0
TX00961,Transferencia,74.22,EEUU,0,0,0
TX00962,Compra,157.92,Espana,0,0,0
TX00963,Compra,45.43,Espana,0,0,0
TX00964,Compra,79.83,Espana,0,0,0
TX00965,Compra,33.16,Espana,0,0,0
TX00966,Suscripcion,178.42,Mexico,0,0,0
TX00967,Compra,17.39,EEUU,0,0,0
TX00968,Compra,265.35,EEUU,0,0,0
TX00969,Transferencia,35.02,Nigeria,1,1,0
TX00970,Compra,7.58,Brasil,0,0,0
TX00971,Donacion,42.14,Nigeria,0,0,0
TX00972,Compra,17.3,Espana,0,0,0
TX00973,Compra,92.27,EEUU,0,0,0
TX00974,Compra,17.85,Mexico,0,0,0
TX00975,Compra,22.4,Espana,0,0,0
TX00976,Compra,4.58,Espana,0,0,0
TX00977,Suscripcion,22.25,Brasil,0,0,0
TX00978,Donacion,2.54,Brasil,0,0,0
TX00979,Compra,6.41,EEUU,0,0,0
TX00980,Transferencia,84.48,Mexico,0,0,0
TX00981,Suscripcion,86.87,EEUU,0,0,0
TX00982,Suscripcion,58.44,Espana,0,0,0
TX00983,Compra,12.63,EEUU,0,0,0
TX00984,Compra,34.73,Espana,0,0,0
TX00985,Compra,36.45,Espana,0,0,0
TX00986,Suscripcion,10.23,Nigeria,0,0,0
TX00987,Suscripcion,191.28,Brasil,0,0,0
TX00988,Compra,96.07,Alemania,0,0,0
TX00989,Compra,28.7,EEUU,0,0,0
TX00990,Reembolso,37.7,EEUU,0,0,0
TX00991,Suscripcion,46.03,EEUU,0,0,0
TX00992,Donacion,3.87,Espana,0,0,0
TX00993,Suscripcion,27.89,Espana,0,0,0
TX00994,Compra,17.28,Alemania,0,0,0
TX00995,Transferencia,12.16,Brasil,0,0,0
TX00996,Transferencia,26.86,Mexico,0,0,0
TX00997,Compra,264.4,Mexico,0,0,0
TX00998,Transferencia,74.06,India,0,0,0
TX00999,Suscripcion,19.53,Espana,0,1,1
TX01000,Compra,68.71,EEUU,0,0,0
TX01001,Suscripcion,170.59,EEUU,0,0,0
TX01002,Transferencia,101.2,Alemania,0,0,0
TX01003,Donacion,39.08,Nigeria,0,0,0
TX01004,Compra,17.96,EEUU,0,0,0
TX01005,Compra,78.89,India,0,0,0
TX01006,Transferencia,56.42,India,0,0,0
TX01007,Compra,97.98,EEUU,1,1,0
TX01008,Suscripcion,73.6,EEUU,0,0,0
TX01009,Suscripcion,116.11,EEUU,0,0,0
TX01010,Compra,20.31,Nigeria,0,0,0
TX01011,Transferencia,155.89,Espana,0,0,0
TX01012,Transferencia,45.48,Alemania,1,1,0
TX01013,Compra,358.81,EEUU,0,0,0
TX01014,Donacion,17.15,Alemania,0,0,0
TX01015,Suscripcion,247.04,EEUU,0,0,0
TX01016,Transferencia,45.5,Mexico,0,0,0
TX01017,Suscripcion,17.88,India,0,0,0
TX01018,Compra,21.49,Alemania,0,0,0
TX01019,Reembolso,25.73,India,1,0,0
TX01020,Transferencia,58.36,Espana,0,0,0
TX01021,Suscripcion,65.05,Brasil,0,0,0
TX01022,Reembolso,19.47,Espana,0,0,0
TX01023,Compra,35.63,EEUU,0,0,0
TX01024,Suscripcion,386.25,Mexico,0,0,0
TX01025,Compra,244.76,EEUU,0,0,0
TX01026,Compra,59.14,Mexico,0,0,0
TX01027,Compra,38.16,Nigeria,0,0,0
TX01028,Donacion,41.76,Espana,0,0,0
TX01029,Reembolso,71.87,Brasil,0,0,0
TX01030,Suscripcion,11.88,EEUU,0,0,0
TX01031,Suscripcion,27.57,Espana,0,0,0
TX01032,Transferencia,5.84,Espana,0,0,0
TX01033,Donacion,56.78,Nigeria,0,0,0
TX01034,Compra,74.58,India,0,0,0
TX01035,Compra,21.51,India,0,0,0
TX01036,Compra,206.72,Nigeria,1,1,0
TX01037,Suscripcion,9.5,Espana,0,0,0
TX01038,Suscripcion,7.31,EEUU,0,0,0
TX01039,Compra,46.85,Brasil,0,0,0
TX01040,Compra,115.79,Mexico,0,0,0
TX01041,Suscripcion,233.3,EEUU,1,1,1
TX01042,Compra,22.09,EEUU,0,1,1
TX01043,Suscripcion,119.89,Brasil,0,0,0
TX01044,Donacion,35.08,Mexico,0,0,0
TX01045,Compra,30.27,Espana,0,0,0
TX01046,Compra,96.74,Mexico,1,1,0
TX01047,Suscripcion,75.01,Mexico,0,0,0
TX01048,Suscripcion,6.46,Mexico,1,1,0
TX01049,Transferencia,185.71,Espana,0,0,0
TX01050,Donacion,167.02,Alemania,1,1,0
TX01051,Compra,18.39,Espana,0,0,0
TX01052,Transferencia,56.56,EEUU,0,0,0
TX01053,Suscripcion,63.02,Alemania,0,0,0
TX01054,Reembolso,48.75,Mexico,0,0,0
TX01055,Compra,19.98,EEUU,1,1,1
TX01056,Suscripcion,17.48,Brasil,0,0,0
TX01057,Transferencia,35.58,Mexico,0,0,0
TX01058,Compra,132.95,Alemania,0,0,0
TX01059,Compra,66.55,Alemania,0,0,0
TX01060,Reembolso,24.34,Brasil,0,0,0
TX01061,Compra,85.53,Mexico,0,0,0
TX01062,Compra,1.59,Espana,0,0,0
TX01063,Compra,129.5,EEUU,0,0,0
TX01064,Reembolso,5.4,EEUU,0,0,0
TX01065,Transferencia,24.56,Brasil,0,0,0
TX01066,Suscripcion,10.68,Mexico,0,0,0
TX01067,Compra,8.81,EEUU,0,0,0
TX01068,Transferencia,131.22,Espana,0,0,0
TX01069,Transferencia,21.88,Mexico,0,0,0
TX01070,Suscripcion,53.58,EEUU,0,0,0
TX01071,Reembolso,34.76,Alemania,0,0,0
TX01072,Compra,61.85,Espana,0,0,0
TX01073,Transferencia,39.83,Mexico,0,0,0
TX01074,Compra,8.92,Nigeria,0,0,0
TX01075,Transferencia,109.5,Espana,0,0,0
TX01076,Compra,21.26,Mexico,0,0,0
TX01077,Compra,6.6,Espana,0,1,1
TX01078,Compra,22.85,Brasil,0,0,0
TX01079,Transferencia,190.73,Mexico,0,0,0
TX01080,Compra,93.25,EEUU,0,0,0
TX01081,Suscripcion,24.94,Mexico,0,0,0
TX01082,Compra,24.92,India,0,0,0
TX01083,Compra,25.69,Espana,0,0,0
TX01084,Suscripcion,359.4,Espana,0,0,0
TX01085,Compra,55.71,India,0,0,0
TX01086,Compra,58.74,Mexico,0,0,0
TX01087,Transferencia,113.67,India,0,0,0
TX01088,Compra,47.59,Brasil,0,0,0
TX01089,Compra,27.52,Alemania,0,0,0
TX01090,Compra,29.49,EEUU,0,0,0
TX01091,Donacion,33.83,Alemania,0,0,0
TX01092,Transferencia,35.13,India,0,0,0
TX01093,Transferencia,81.48,Mexico,0,0,0
TX01094,Transferencia,38.75,Espana,0,0,0
TX01095,Compra,81.93,EEUU,0,0,0
TX01096,Compra,33.49,Espana,0,0,0
TX01097,Suscripcion,39.9,EEUU,0,0,0
TX01098,Compra,4.06,EEUU,0,0,0
TX01099,Compra,100.28,Mexico,0,0,0
TX01100,Compra,53.58,Mexico,0,0,0
TX01101,Compra,109.71,EEUU,0,0,0
TX01102,Donacion,1.51,Brasil,0,0,0
TX01103,Compra,364.02,Espana,0,0,0
TX01104,Transferencia,31.39,Espana,0,0,0
TX01105,Compra,123.84,Espana,0,0,0
TX01106,Donacion,11.66,Mexico,0,0,0
TX01107,Compra,71.81,Espana,0,0,0
TX01108,Compra,11.49,EEUU,0,0,0
TX01109,Suscripcion,18.43,EEUU,0,0,0
TX01110,Suscripcion,300.5,Alemania,0,0,0
TX01111,Compra,29.67,Espana,0,0,0
TX01112,Compra,46.49,Brasil,0,0,0
TX01113,Compra,95.3,Brasil,0,0,0
TX01114,Compra,63.13,Alemania,0,0,0
TX01115,Compra,43.18,Nigeria,0,0,0
TX01116,Compra,54.68,Espana,0,0,0
TX01117,Compra,514.79,Espana,0,0,0
TX01118,Compra,34.35,India,0,0,0
TX01119,Transferencia,45.66,EEUU,0,0,0
TX01120,Donacion,116.25,Mexico,0,0,0
TX01121,Transferencia,123.48,Brasil,0,0,0
TX01122,Compra,135.06,Brasil,0,0,0
TX01123,Compra,73.89,Nigeria,0,0,0
TX01124,Donacion,10.41,Nigeria,0,0,0
TX01125,Compra,220.69,Alemania,0,0,0
TX01126,Compra,10.37,EEUU,0,0,0
TX01127,Transferencia,51.05,India,0,0,0
TX01128,Transferencia,15.96,Espana,0,0,0
TX01129,Transferencia,34.11,EEUU,0,0,0
TX01130,Compra,52.54,India,0,0,0
TX01131,Compra,52.12,EEUU,0,0,0
TX01132,Donacion,58.21,EEUU,0,0,0
TX01133,Compra,215.96,Espana,0,0,0
TX01134,Transferencia,60.27,India,0,1,1
TX01135,Suscripcion,27.98,Mexico,0,0,0
TX01136,Transferencia,105.69,Brasil,0,0,0
TX01137,Compra,135.42,EEUU,0,0,0
TX01138,Compra,9.48,Alemania,0,0,0
TX01139,Transferencia,70.61,Alemania,0,1,1
TX01140,Reembolso,79.15,EEUU,0,0,0
TX01141,Donacion,26.38,EEUU,0,0,0
TX01142,Compra,166.21,Espana,0,0,0
TX01143,Compra,31.03,Nigeria,0,0,0
TX01144,Donacion,42.02,Brasil,0,0,0
TX01145,Suscripcion,30.25,Nigeria,0,0,0
TX01146,Reembolso,37.23,EEUU,0,0,0
TX01147,Compra,10.96,Alemania,0,1,1
TX01148,Transferencia,7.51,Alemania,0,0,0
TX01149,Suscripcion,211.44,Brasil,0,0,0
TX01150,Transferencia,14.42,Nigeria,0,0,0
TX01151,Compra,12.3,EEUU,0,0,0
TX01152,Compra,3.43,Espana,0,0,0
TX01153,Transferencia,18.12,Brasil,0,0,0
TX01154,Compra,8.54,Alemania,0,0,0
TX01155,Compra,222.79,Mexico,0,0,0
TX01156,Donacion,111.14,Espana,0,0,0
TX01157,Compra,17.17,Mexico,0,0,0
TX01158,Suscripcion,436.02,EEUU,0,0,0
TX01159,Compra,107.76,EEUU,0,0,0
TX01160,Transferencia,25.6,Brasil,0,0,0
TX01161,Donacion,2.34,Alemania,0,0,0
TX01162,Compra,454.88,EEUU,0,1,1
TX01163,Compra,7.94,EEUU,0,0,0
TX01164,Compra,5.99,EEUU,0,0,0
TX01165,Compra,112.71,Espana,0,0,0
TX01166,Suscripcion,535.78,Alemania,0,0,0
TX01167,Reembolso,167.79,India,0,0,0
TX01168,Compra,68.05,EEUU,0,0,0
TX01169,Compra,70.4,Alemania,0,0,0
TX01170,Compra,93.57,India,0,0,0
TX01171,Suscripcion,84.34,India,0,0,0
TX01172,Compra,49.86,Espana,0,0,0
TX01173,Transferencia,41.04,Nigeria,0,0,0
TX01174,Transferencia,34.16,EEUU,0,0,0
TX01175,Transferencia,15.97,EEUU,0,0,0
TX01176,Compra,26.88,Espana,0,0,0
TX01177,Suscripcion,5.68,Mexico,0,0,0
TX01178,Compra,32.85,Espana,0,0,0
TX01179,Compra,12.34,EEUU,0,0,0
TX01180,Reembolso,10.87,EEUU,0,0,0
TX01181,Suscripcion,44.61,Alemania,0,0,0
TX01182,Compra,169.22,India,0,0,0
TX01183,Compra,100.5,EEUU,0,0,0
TX01184,Compra,6.5,India,0,0,0
TX01185,Compra,12.32,India,1,0,0
TX01186,Compra,103.01,Alemania,0,0,0
TX01187,Compra,12.42,Espana,1,1,0
TX01188,Compra,28.59,Brasil,0,0,0
TX01189,Suscripcion,67.02,Nigeria,0,0,0
TX01190,Transferencia,12.61,Brasil,0,0,0
TX01191,Transferencia,41.1,EEUU,0,0,0
TX01192,Compra,8.44,Mexico,0,0,0
TX01193,Donacion,18.89,Brasil,0,0,0
TX01194,Suscripcion,52.03,Mexico,0,0,0
TX01195,Suscripcion,6.35,Espana,0,0,0
TX01196,Suscripcion,59.41,EEUU,0,0,0
TX01197,Donacion,35.82,Alemania,0,0,0
TX01198,Transferencia,67.2,India,0,0,0
TX01199,Compra,46.82,Espana,1,1,0
TX01200,Transferencia,164.11,Nigeria,1,1,0
TX01201,Suscripcion,42.0,EEUU,0,0,0
TX01202,Suscripcion,22.82,Brasil,0,0,0
TX01203,Transferencia,41.87,Alemania,0,0,0
TX01204,Compra,66.53,Alemania,0,1,1
TX01205,Compra,38.62,Nigeria,0,0,0
TX01206,Reembolso,38.27,EEUU,0,0,0
TX01207,Transferencia,16.91,India,0,0,0
TX01208,Transferencia,17.65,Espana,0,0,0
TX01209,Compra,7.82,Brasil,0,0,0
TX01210,Compra,250.77,Alemania,0,0,0
TX01211,Reembolso,9.32,Brasil,0,0,0
TX01212,Transferencia,17.08,EEUU,0,0,0
TX01213,Suscripcion,16.61,India,0,0,0
TX01214,Compra,97.95,Espana,0,0,0
TX01215,Transferencia,26.46,Espana,0,0,0
TX01216,Compra,144.39,Alemania,0,0,0
TX01217,Suscripcion,17.45,Mexico,0,0,0
TX01218,Compra,49.74,India,1,0,0
TX01219,Compra,14.6,EEUU,0,0,0
TX01220,Transferencia,387.48,Espana,1,0,0
TX01221,Donacion,9.91,India,0,0,0
TX01222,Compra,51.46,Mexico,0,0,0
TX01223,Suscripcion,73.49,Espana,0,0,0
TX01224,Compra,57.7,Alemania,0,0,0
TX01225,Compra,29.85,Mexico,0,1,0
TX01226,Compra,31.73,Brasil,0,0,0
TX01227,Compra,38.41,EEUU,0,0,0
TX01228,Transferencia,31.13,Alemania,0,0,0
TX01229,Compra,105.66,Alemania,0,0,0
TX01230,Compra,416.37,Brasil,0,0,0
TX01231,Reembolso,19.82,Espana,0,0,0
TX01232,Compra,8.11,India,0,0,0
TX01233,Suscripcion,33.21,Brasil,1,0,0
TX01234,Compra,624.96,Brasil,0,0,0
TX01235,Transferencia,15.12,EEUU,0,0,0
TX01236,Compra,222.08,India,0,0,0
TX01237,Compra,231.71,Alemania,1,0,0
TX01238,Compra,19.91,Espana,0,0,0
TX01239,Compra,68.43,EEUU,0,0,0
TX01240,Compra,219.47,India,0,0,0
TX01241,Transferencia,24.12,Espana,0,0,0
TX01242,Reembolso,29.26,Nigeria,1,0,0
TX01243,Suscripcion,19.3,Brasil,0,0,0
TX01244,Transferencia,11.99,Brasil,0,0,0
TX01245,Compra,17.92,EEUU,0,0,0
TX01246,Compra,9.52,EEUU,0,0,0
TX01247,Compra,38.0,Nigeria,1,1,1
TX01248,Compra,15.69,EEUU,0,0,0
TX01249,Transferencia,47.33,Alemania,0,0,0
TX01250,Transferencia,6.61,EEUU,0,0,0
TX01251,Compra,52.67,Espana,0,0,0
TX01252,Compra,91.55,Espana,0,0,0
TX01253,Suscripcion,4.08,Mexico,0,0,0
TX01254,Suscripcion,55.23,Nigeria,1,0,0
TX01255,Compra,141.24,EEUU,0,0,0
TX01256,Reembolso,9.67,EEUU,0,0,0
TX01257,Donacion,230.4,EEUU,0,0,0
TX01258,Compra,58.03,Mexico,0,0,0
TX01259,Compra,16.85,EEUU,0,0,0
TX01260,Transferencia,34.42,India,0,0,0
TX01261,Donacion,67.64,Mexico,0,0,0
TX01262,Reembolso,39.79,Mexico,0,0,0
TX01263,Compra,66.2,Espana,0,0,0
TX01264,Compra,13.29,Nigeria,1,1,0
TX01265,Transferencia,44.09,EEUU,0,0,0
TX01266,Transferencia,7.73,Espana,0,0,0
TX01267,Compra,32.38,Brasil,0,0,0
TX01268,Reembolso,13.54,Brasil,0,0,0
TX01269,Transferencia,16.3,EEUU,0,0,0
TX01270,Suscripcion,142.55,EEUU,0,1,1
TX01271,Reembolso,121.56,Alemania,0,0,0
TX01272,Suscripcion,71.53,Espana,0,0,0
TX01273,Compra,11.01,Alemania,0,0,0
TX01274,Transferencia,25.84,Brasil,1,0,0
TX01275,Compra,138.99,EEUU,0,1,0
TX01276,Transferencia,42.77,EEUU,0,0,0
TX01277,Compra,469.31,EEUU,0,0,0
TX01278,Transferencia,56.41,Alemania,0,0,0
TX01279,Compra,45.21,Mexico,0,0,0
TX01280,Compra,26.05,EEUU,0,0,0
TX01281,Compra,42.39,Brasil,0,0,0
TX01282,Compra,30.95,Nigeria,0,0,0
TX01283,Suscripcion,79.75,EEUU,0,0,0
TX01284,Suscripcion,104.83,India,0,0,0
TX01285,Transferencia,15.42,EEUU,0,0,0
TX01286,Compra,8.46,Espana,0,0,0
TX01287,Compra,4.86,Espana,0,1,1
TX01288,Compra,63.99,EEUU,0,0,0
TX01289,Compra,10.87,Espana,0,0,0
TX01290,Reembolso,3.43,Espana,0,0,0
TX01291,Compra,56.12,India,0,0,0
TX01292,Compra,568.1,India,0,0,0
TX01293,Compra,36.35,Alemania,0,0,0
TX01294,Compra,92.05,Espana,0,0,0
TX01295,Transferencia,40.05,Espana,0,0,0
TX01296,Transferencia,32.83,Espana,0,0,0
TX01297,Compra,100.58,Alemania,0,1,0
TX01298,Compra,26.59,India,0,0,0
TX01299,Compra,49.11,EEUU,0,0,0
TX01300,Compra,52.14,Espana,0,0,0
TX01301,Compra,17.55,Mexico,0,0,0
TX01302,Donacion,108.99,EEUU,0,0,0
TX01303,Transferencia,30.19,EEUU,0,0,0
TX01304,Transferencia,15.94,Brasil,0,0,0
TX01305,Compra,66.03,Alemania,0,0,0
TX01306,Compra,13.62,Espana,0,0,0
TX01307,Transferencia,37.75,Espana,0,0,0
TX01308,Transferencia,36.23,Nigeria,0,0,0
TX01309,Suscripcion,120.84,EEUU,0,0,0
TX01310,Compra,61.69,Espana,0,0,0
TX01311,Transferencia,35.6,Espana,0,0,0
TX01312,Compra,89.98,Espana,0,0,0
TX01313,Reembolso,168.89,EEUU,0,0,0
TX01314,Transferencia,67.6,Alemania,0,0,0
TX01315,Transferencia,37.02,EEUU,0,0,0
TX01316,Compra,8.64,EEUU,0,0,0
TX01317,Transferencia,11.34,Brasil,0,0,0
TX01318,Compra,26.16,Mexico,1,1,1
TX01319,Compra,18.72,India,0,0,0
TX01320,Compra,29.79,India,0,0,0
TX01321,Transferencia,38.95,Espana,0,0,0
TX01322,Compra,65.54,Alemania,0,0,0
TX01323,Compra,33.87,EEUU,0,0,0
TX01324,Reembolso,62.5,Nigeria,0,0,0
TX01325,Compra,39.29,Mexico,0,0,0
TX01326,Transferencia,4.17,Nigeria,0,0,0
TX01327,Compra,13.02,Alemania,0,0,0
TX01328,Compra,31.23,EEUU,0,0,0
TX01329,Suscripcion,9.67,Mexico,0,0,0
TX01330,Compra,70.8,Nigeria,0,0,0
TX01331,Compra,197.12,India,0,0,0
TX01332,Transferencia,139.86,Espana,0,0,0
TX01333,Transferencia,28.94,Brasil,0,0,0
TX01334,Transferencia,188.63,EEUU,0,0,0
TX01335,Compra,43.1,Espana,0,0,0
TX01336,Compra,25.26,EEUU,0,0,0
TX01337,Suscripcion,18.64,EEUU,0,0,0
TX01338,Transferencia,26.24,Alemania,0,0,0
TX01339,Suscripcion,23.88,EEUU,0,0,0
TX01340,Suscripcion,44.14,Alemania,0,1,1
TX01341,Suscripcion,43.67,Espana,0,0,0
TX01342,Compra,36.72,EEUU,0,0,0
TX01343,Compra,59.18,EEUU,0,0,0
TX01344,Suscripcion,135.6,EEUU,0,0,0
TX01345,Compra,104.01,Espana,0,0,0
TX01346,Compra,7.15,Espana,0,1,0
TX01347,Reembolso,2.2,Mexico,0,0,0
TX01348,Reembolso,102.28,EEUU,0,1,1
TX01349,Compra,8.14,EEUU,0,0,0
TX01350,Compra,28.58,EEUU,0,0,0
TX01351,Compra,10.1,India,0,0,0
TX01352,Suscripcion,5.04,India,0,0,0
TX01353,Reembolso,66.39,Mexico,0,1,1
TX01354,Compra,84.36,EEUU,0,0,0
TX01355,Compra,19.41,Espana,0,0,0
TX01356,Reembolso,2.12,Nigeria,0,0,0
TX01357,Compra,20.07,Espana,0,0,0
TX01358,Transferencia,56.32,EEUU,0,0,0
TX01359,Donacion,7.19,EEUU,0,0,0
TX01360,Compra,44.78,EEUU,0,1,0
TX01361,Transferencia,35.99,Espana,0,0,0
TX01362,Compra,69.22,Alemania,0,0,0
TX01363,Compra,41.74,Espana,0,0,0
TX01364,Suscripcion,12.55,Brasil,0,0,0
TX01365,Compra,136.49,Espana,0,1,1
TX01366,Donacion,30.74,Espana,0,0,0
TX01367,Transferencia,35.52,India,0,0,0
TX01368,Compra,13.11,Espana,0,0,0
TX01369,Compra,22.47,Alemania,0,0,0
TX01370,Compra,13.83,Mexico,0,0,0
TX01371,Compra,30.26,Espana,0,0,0
TX01372,Compra,240.54,Nigeria,0,0,0
TX01373,Compra,8.09,EEUU,0,0,0
TX01374,Compra,6.2,India,0,1,1
TX01375,Suscripcion,184.62,Espana,0,0,0
TX01376,Transferencia,29.07,India,0,0,0
TX01377,Suscripcion,17.53,Espana,0,0,0
TX01378,Compra,114.88,Mexico,0,0,0
TX01379,Compra,18.8,Alemania,0,0,0
TX01380,Transferencia,272.77,Nigeria,0,0,0
TX01381,Compra,77.15,India,0,0,0
TX01382,Compra,21.4,Alemania,0,0,0
TX01383,Suscripcion,392.7,India,0,0,0
TX01384,Suscripcion,18.8,Espana,0,0,0
TX01385,Transferencia,82.79,EEUU,0,0,0
TX01386,Compra,50.87,EEUU,0,0,0
TX01387,Suscripcion,153.23,EEUU,0,0,0
TX01388,Transferencia,203.91,EEUU,0,0,0
TX01389,Suscripcion,37.91,Mexico,0,0,0
TX01390,Suscripcion,15.98,Espana,0,0,0
TX01391,Suscripcion,60.7,Brasil,0,0,0
TX01392,Transferencia,17.37,Espana,0,0,0
TX01393,Compra,335.2,EEUU,0,0,0
TX01394,Transferencia,42.53,Mexico,0,0,0
TX01395,Transferencia,24.49,Alemania,0,0,0
TX01396,Suscripcion,44.84,Alemania,0,0,0
TX01397,Compra,8.32,Brasil,0,0,0
TX01398,Compra,12.57,Espana,0,0,0
TX01399,Reembolso,137.07,Mexico,0,0,0
TX01400,Suscripcion,17.77,Espana,0,0,0
TX01401,Reembolso,11.57,EEUU,0,0,0
TX01402,Suscripcion,66.04,EEUU,0,0,0
TX01403,Transferencia,134.87,Espana,0,0,0
TX01404,Transferencia,80.71,EEUU,0,0,0
TX01405,Reembolso,109.47,Nigeria,0,0,0
TX01406,Transferencia,15.92,Nigeria,0,0,0
TX01407,Transferencia,7.66,EEUU,0,0,0
TX01408,Compra,190.85,Espana,0,0,0
TX01409,Compra,25.66,Espana,0,0,0
TX01410,Suscripcion,27.77,EEUU,0,0,0
TX01411,Compra,157.75,Nigeria,0,0,0
TX01412,Compra,67.48,Espana,0,0,0
TX01413,Compra,60.43,Alemania,0,0,0
TX01414,Compra,396.03,Espana,0,1,0
TX01415,Compra,18.03,Nigeria,1,1,1
TX01416,Compra,101.56,EEUU,0,0,0
TX01417,Reembolso,38.97,Alemania,0,0,0
TX01418,Transferencia,49.18,EEUU,0,0,0
TX01419,Compra,196.63,Brasil,0,0,0
TX01420,Compra,63.98,Espana,0,0,0
TX01421,Transferencia,66.16,Espana,0,0,0
TX01422,Compra,119.08,Nigeria,0,0,0
TX01423,Suscripcion,24.5,India,0,0,0
TX01424,Transferencia,14.54,India,0,0,0
TX01425,Suscripcion,11.6,Brasil,0,0,0
TX01426,Compra,4.21,Alemania,0,0,0
TX01427,Transferencia,351.37,Espana,0,1,1
TX01428,Compra,10.88,EEUU,0,0,0
TX01429,Donacion,28.69,EEUU,0,0,0
TX01430,Transferencia,26.99,Brasil,0,0,0
TX01431,Compra,51.32,EEUU,0,0,0
TX01432,Compra,89.78,Espana,0,0,0
TX01433,Compra,94.3,Brasil,0,0,0
TX01434,Transferencia,19.27,Alemania,0,1,1
TX01435,Compra,30.45,EEUU,0,0,0
TX01436,Transferencia,49.94,Espana,0,1,1
TX01437,Compra,27.84,Espana,0,0,0
TX01438,Transferencia,214.45,EEUU,0,0,0
TX01439,Suscripcion,62.81,EEUU,0,0,0
TX01440,Suscripcion,82.14,Brasil,1,1,1
TX01441,Suscripcion,75.88,Brasil,0,0,0
TX01442,Compra,133.06,Brasil,0,0,0
TX01443,Compra,44.66,EEUU,0,0,0
TX01444,Transferencia,8.79,Alemania,0,0,0
TX01445,Compra,56.81,Espana,0,0,0
TX01446,Compra,17.88,EEUU,0,0,0
TX01447,Compra,20.46,Alemania,0,0,0
TX01448,Compra,69.76,Espana,0,0,0
TX01449,Compra,142.9,Espana,0,0,0
TX01450,Reembolso,37.46,India,0,0,0
TX01451,Compra,51.4,EEUU,0,0,0
TX01452,Transferencia,238.04,Brasil,0,0,0
TX01453,Compra,47.7,Espana,0,0,0
TX01454,Transferencia,640.25,Brasil,0,0,0
TX01455,Compra,68.17,EEUU,0,0,0
TX01456,Reembolso,5.28,Espana,0,0,0
TX01457,Reembolso,83.82,Brasil,0,0,0
TX01458,Compra,55.66,EEUU,0,0,0
TX01459,Reembolso,151.22,EEUU,0,0,0
TX01460,Donacion,76.75,Espana,0,0,0
TX01461,Suscripcion,31.43,Espana,0,0,0
TX01462,Suscripcion,9.52,EEUU,0,0,0
TX01463,Compra,29.08,Espana,0,0,0
TX01464,Transferencia,14.36,India,0,0,0
TX01465,Compra,19.33,Espana,0,0,0
TX01466,Compra,69.93,Mexico,0,0,0
TX01467,Donacion,229.73,Espana,0,0,0
TX01468,Compra,56.49,EEUU,0,0,0
TX01469,Suscripcion,9.82,India,1,1,1
TX01470,Suscripcion,59.68,Espana,0,0,0
TX01471,Reembolso,136.5,Nigeria,0,0,0
TX01472,Donacion,18.71,Espana,0,0,0
TX01473,Compra,31.58,Alemania,0,0,0
TX01474,Compra,37.19,Mexico,0,0,0
TX01475,Compra,15.43,India,1,0,0
TX01476,Compra,74.67,Mexico,0,0,0
TX01477,Compra,32.04,Mexico,0,0,0
TX01478,Compra,58.06,Espana,0,0,0
TX01479,Suscripcion,13.79,Espana,0,1,1
TX01480,Transferencia,22.62,India,0,0,0
TX01481,Compra,81.01,EEUU,0,0,0
TX01482,Transferencia,24.29,EEUU,0,0,0
TX01483,Compra,244.61,Alemania,0,0,0
TX01484,Compra,23.58,EEUU,0,0,0
TX01485,Suscripcion,46.86,Nigeria,0,0,0
TX01486,Transferencia,102.09,Alemania,0,0,0
TX01487,Suscripcion,7.69,Brasil,1,1,0
TX01488,Compra,5.28,India,0,0,0
TX01489,Suscripcion,6.83,Espana,0,0,0
TX01490,Transferencia,146.77,EEUU,0,0,0
TX01491,Transferencia,19.94,EEUU,0,0,0
TX01492,Transferencia,610.34,EEUU,0,0,0
TX01493,Reembolso,19.67,Alemania,0,0,0
TX01494,Transferencia,44.84,India,0,0,0
TX01495,Transferencia,199.6,EEUU,0,0,0
TX01496,Donacion,332.52,EEUU,0,0,0
TX01497,Suscripcion,353.42,Nigeria,0,0,0
TX01498,Compra,138.27,EEUU,0,0,0
TX01499,Suscripcion,112.9,Mexico,0,0,0
TX01500,Compra,70.23,EEUU,0,0,0
