producto,almacen,proveedor,stock,roturas_stock,lead_time,coste_usd
Juguete,DC-Centro,Soylent,402,0,6.9,13.46
Portatil,DC-Este,Acme,440,2,3.6,10.63
Cafe,DC-Este,Soylent,413,2,10.3,11.41
Camiseta,DC-Sur,Soylent,408,0,2.6,18.39
Juguete,DC-Este,Soylent,431,3,7.2,4.75
Pilas,DC-Sur,Initech,415,1,3.9,12.6
TV,DC-Sur,Acme,423,2,9.2,4.9
Juguete,DC-Este,Acme,382,0,4.4,13.89
Cafe,DC-Oeste,Initech,392,7,22.4,20.43
Camiseta,DC-Oeste,Umbrella,460,3,7.3,13.91
Portatil,DC-Sur,Globex,385,6,12.1,19.82
Cafe,DC-Este,Acme,423,4,14.6,6.96
Cafe,DC-Oeste,Globex,442,1,5.3,11.59
TV,DC-Este,Initech,426,2,5.7,10.07
Detergente,DC-Este,Umbrella,405,6,11.5,9.56
Camiseta,DC-Este,Umbrella,411,1,6.3,6.42
Cereales,DC-Norte,Umbrella,430,1,3.5,8.62
Cafe,DC-Este,Initech,383,1,2.5,5.0
Detergente,DC-Norte,Soylent,399,2,6.8,3.14
Cereales,DC-Sur,Soylent,441,0,4.5,6.95
Camiseta,DC-Oeste,Globex,415,3,9.0,20.1
Leche,DC-Oeste,Soylent,447,0,4.8,14.69
Pilas,DC-Oeste,Soylent,403,4,14.2,4.46
Detergente,DC-Oeste,Umbrella,402,1,3.7,8.8
Agua,DC-Oeste,Umbrella,458,2,3.0,21.2
Leche,DC-Oeste,Globex,428,1,5.7,8.51
Pilas,DC-Oeste,Acme,414,2,8.6,3.92
TV,DC-Sur,Globex,422,2,9.4,74.15
Juguete,DC-Este,Globex,416,3,6.3,10.66
Portatil,DC-Centro,Initech,441,3,14.7,4.8
Agua,DC-Norte,Initech,442,1,6.0,13.97
TV,DC-Centro,Globex,443,0,5.2,11.38
Camiseta,DC-Centro,Globex,413,3,7.3,3.55
TV,DC-Este,Globex,405,1,3.3,13.13
Juguete,DC-Este,Soylent,419,2,10.4,26.76
Camiseta,DC-Este,Initech,409,3,11.4,10.11
Agua,DC-Oeste,Globex,410,3,6.6,2.34
Juguete,DC-Sur,Umbrella,406,1,3.6,16.02
Cereales,DC-Oeste,Umbrella,414,3,6.9,19.73
Portatil,DC-Sur,Soylent,411,6,14.3,7.62
Agua,DC-Sur,Soylent,414,4,8.1,7.67
Cereales,DC-Centro,Acme,429,2,9.2,74.16
Pilas,DC-Centro,Acme,393,6,10.0,7.2
Agua,DC-Sur,Acme,399,0,3.3,4.97
Pilas,DC-Sur,Soylent,403,1,5.5,12.43
Camiseta,DC-Oeste,Soylent,423,4,8.7,19.3
Cereales,DC-Oeste,Soylent,397,0,2.8,18.65
Portatil,DC-Centro,Umbrella,415,2,11.0,1.69
Juguete,DC-Este,Soylent,450,0,2.9,7.18
Cafe,DC-Sur,Umbrella,414,2,4.7,30.64
TV,DC-Oeste,Acme,426,3,10.8,15.82
Leche,DC-Centro,Acme,403,2,5.7,4.53
Portatil,DC-Oeste,Acme,395,4,6.8,32.91
Cereales,DC-Sur,Globex,415,5,15.6,26.36
Cafe,DC-Sur,Globex,414,2,9.9,9.61
Portatil,DC-Norte,Initech,425,4,5.9,24.62
Cereales,DC-Este,Initech,438,2,10.2,60.33
Detergente,DC-Norte,Initech,414,1,6.0,5.24
Detergente,DC-Centro,Globex,422,0,5.4,19.0
Pilas,DC-Oeste,Globex,432,2,6.2,59.67
Portatil,DC-Centro,Initech,451,0,5.1,20.54
Detergente,DC-Sur,Initech,423,0,4.3,6.66
Cereales,DC-Norte,Soylent,416,1,4.8,14.75
Pilas,DC-Norte,Initech,440,1,4.6,36.45
Cereales,DC-Norte,Soylent,403,1,3.6,5.41
Pilas,DC-Centro,Umbrella,457,4,8.5,11.89
Portatil,DC-Sur,Globex,417,4,9.1,10.03
Cafe,DC-Oeste,Initech,446,1,5.5,7.35
Juguete,DC-Oeste,Globex,402,4,16.2,14.78
Agua,DC-Centro,Globex,375,7,11.8,11.24
Cafe,DC-Norte,Globex,417,0,8.4,20.38
Camiseta,DC-Este,Umbrella,414,5,9.7,30.35
Cereales,DC-Centro,Acme,397,0,3.0,4.4
Camiseta,DC-Centro,Initech,440,6,11.2,12.86
Cafe,DC-Sur,Acme,397,1,4.4,11.68
Pilas,DC-Oeste,Acme,406,4,14.4,14.34
Agua,DC-Centro,Acme,415,6,21.6,12.03
Agua,DC-Centro,Globex,378,6,18.1,5.56
Leche,DC-Norte,Soylent,414,2,8.6,39.01
Agua,DC-Norte,Globex,400,3,9.2,54.85
Juguete,DC-Este,Globex,405,4,9.5,18.87
Agua,DC-Sur,Acme,450,0,5.3,19.66
Cafe,DC-Este,Globex,403,0,8.3,13.53
Leche,DC-Norte,Acme,404,1,4.0,26.45
Cafe,DC-Oeste,Soylent,441,2,14.3,1.73
Cafe,DC-Norte,Initech,441,3,9.1,12.14
TV,DC-Sur,Acme,397,2,11.7,7.71
Leche,DC-Norte,Soylent,412,2,6.5,13.69
Cafe,DC-Sur,Initech,406,0,4.9,29.2
TV,DC-Sur,Umbrella,439,1,3.1,12.37
TV,DC-Sur,Acme,424,0,4.5,9.13
Leche,DC-Sur,Acme,407,0,5.9,3.96
Camiseta,DC-Sur,Umbrella,427,1,9.3,11.16
Pilas,DC-Oeste,Umbrella,416,5,7.7,20.86
Juguete,DC-Este,Acme,424,1,7.2,6.22
Pilas,DC-Centro,Umbrella,431,3,9.0,2.45
Agua,DC-Este,Globex,423,0,5.9,75.14
Juguete,DC-Sur,Initech,402,1,9.0,15.93
Agua,DC-Oeste,Initech,405,2,7.1,10.2
Cafe,DC-Norte,Initech,390,2,6.9,37.07
Cereales,DC-Oeste,Globex,443,3,4.3,13.64
Leche,DC-Sur,Umbrella,430,4,5.3,35.36
Juguete,DC-Oeste,Soylent,426,1,2.3,33.02
Juguete,DC-Oeste,Umbrella,424,1,4.0,4.39
Cafe,DC-Sur,Acme,406,3,10.6,17.6
Camiseta,DC-Oeste,Initech,403,1,4.2,48.44
TV,DC-Centro,Umbrella,403,5,7.7,5.48
Cafe,DC-Centro,Soylent,435,1,4.0,5.53
Detergente,DC-Oeste,Acme,379,3,9.8,6.34
TV,DC-Norte,Globex,426,1,8.0,24.84
Leche,DC-Sur,Globex,411,0,3.2,15.29
TV,DC-Centro,Soylent,457,6,10.1,2.59
Camiseta,DC-Norte,Acme,418,3,11.7,16.0
TV,DC-Oeste,Initech,386,1,4.1,9.96
Leche,DC-Norte,Umbrella,416,0,5.5,11.14
Camiseta,DC-Este,Acme,399,2,3.7,6.24
Pilas,DC-Centro,Globex,424,0,9.6,16.1
Juguete,DC-Oeste,Soylent,420,3,6.4,28.23
Juguete,DC-Sur,Soylent,388,1,6.4,7.29
Agua,DC-Oeste,Umbrella,411,3,5.9,3.17
Pilas,DC-Sur,Soylent,415,5,12.0,9.56
Pilas,DC-Oeste,Soylent,433,4,17.3,22.31
TV,DC-Norte,Acme,421,4,11.8,8.7
Juguete,DC-Norte,Initech,450,2,9.7,3.68
Leche,DC-Norte,Umbrella,430,0,4.9,22.43
Portatil,DC-Este,Acme,463,3,4.6,37.8
Portatil,DC-Sur,Initech,402,1,4.3,12.38
Camiseta,DC-Norte,Acme,428,1,5.3,3.37
Juguete,DC-Este,Acme,410,0,5.0,9.45
Juguete,DC-Sur,Soylent,423,2,8.7,13.75
Portatil,DC-Oeste,Initech,394,2,2.8,6.37
Juguete,DC-Este,Umbrella,429,1,5.2,19.43
TV,DC-Centro,Umbrella,414,2,2.2,5.89
Detergente,DC-Este,Initech,437,5,9.8,12.43
Cereales,DC-Este,Soylent,412,0,5.2,10.15
Pilas,DC-Sur,Globex,424,3,14.1,19.94
Agua,DC-Oeste,Acme,387,4,9.0,12.04
Camiseta,DC-Centro,Soylent,413,0,2.2,10.41
Detergente,DC-Norte,Initech,413,0,3.0,6.41
Portatil,DC-Norte,Acme,389,1,5.1,12.53
Pilas,DC-Este,Umbrella,389,6,17.5,9.89
Juguete,DC-Sur,Globex,422,2,3.8,6.07
Agua,DC-Sur,Umbrella,440,1,7.0,13.84
Juguete,DC-Norte,Initech,408,1,10.6,16.3
Leche,DC-Centro,Acme,430,6,11.9,9.29
Leche,DC-Oeste,Initech,409,3,5.9,25.67
Agua,DC-Centro,Acme,428,1,3.6,15.05
Agua,DC-Oeste,Soylent,424,3,6.3,4.36
Portatil,DC-Norte,Globex,432,3,10.2,35.51
Agua,DC-Oeste,Soylent,446,4,8.8,22.5
TV,DC-Sur,Soylent,434,0,2.4,27.15
Juguete,DC-Este,Initech,400,0,2.7,16.78
Detergente,DC-Este,Globex,407,1,2.8,1.88
Cafe,DC-Norte,Acme,427,3,10.4,29.2
Agua,DC-Sur,Acme,400,3,3.2,12.79
Camiseta,DC-Centro,Umbrella,475,0,3.0,16.16
Leche,DC-Sur,Acme,419,4,6.6,18.77
TV,DC-Este,Initech,422,5,10.2,57.34
Pilas,DC-Este,Soylent,378,3,13.3,7.87
Cafe,DC-Sur,Soylent,425,2,3.3,8.03
Detergente,DC-Sur,Soylent,403,5,17.0,6.17
Cafe,DC-Este,Globex,441,2,2.3,5.18
Agua,DC-Centro,Acme,420,1,4.9,5.25
Portatil,DC-Norte,Initech,405,3,8.4,2.77
Leche,DC-Norte,Globex,427,1,3.5,17.14
Leche,DC-Sur,Umbrella,440,1,5.4,59.75
Pilas,DC-Norte,Initech,434,0,5.0,62.88
Portatil,DC-Este,Initech,428,0,2.5,6.16
Juguete,DC-Este,Initech,400,3,6.1,9.8
Cereales,DC-Sur,Soylent,423,1,4.3,32.68
TV,DC-Sur,Initech,452,2,4.0,17.22
Leche,DC-Sur,Acme,409,1,5.0,13.57
Camiseta,DC-Centro,Initech,436,3,11.7,9.92
Leche,DC-Norte,Soylent,410,1,10.4,31.27
Cafe,DC-Sur,Initech,414,1,1.7,5.16
Leche,DC-Oeste,Umbrella,417,6,9.4,17.9
Leche,DC-Oeste,Umbrella,459,1,3.5,16.05
Cereales,DC-Este,Soylent,393,1,14.4,12.61
Cereales,DC-Norte,Acme,380,0,3.6,22.88
Detergente,DC-Sur,Acme,420,3,8.8,12.52
Juguete,DC-Oeste,Globex,417,2,5.0,7.94
Camiseta,DC-Norte,Soylent,414,3,7.7,13.12
Leche,DC-Este,Initech,448,1,5.1,3.41
Leche,DC-Centro,Soylent,413,2,3.2,19.89
TV,DC-Norte,Globex,417,2,4.0,24.4
Cereales,DC-Norte,Soylent,380,0,2.3,7.2
Camiseta,DC-Centro,Soylent,461,3,10.8,5.96
Pilas,DC-Norte,Globex,468,1,9.2,7.42
Detergente,DC-Este,Acme,419,2,7.3,11.58
Juguete,DC-Este,Initech,425,4,7.5,14.48
Portatil,DC-Centro,Globex,410,1,3.7,44.36
Juguete,DC-Sur,Umbrella,414,3,6.8,40.1
Cafe,DC-Oeste,Acme,434,1,4.5,23.69
Leche,DC-Sur,Umbrella,379,3,16.1,13.42
Detergente,DC-Norte,Acme,425,2,7.6,5.8
Cafe,DC-Oeste,Initech,424,1,4.2,46.7
Camiseta,DC-Centro,Initech,439,1,5.2,9.99
Portatil,DC-Centro,Soylent,385,0,6.1,15.26
Cereales,DC-Oeste,Umbrella,452,1,5.0,20.12
Detergente,DC-Este,Acme,408,0,3.6,12.8
Detergente,DC-Oeste,Initech,396,1,7.8,30.6
Leche,DC-Norte,Globex,425,2,9.4,17.54
Agua,DC-Este,Initech,460,2,9.8,26.87
Detergente,DC-Centro,Globex,425,5,8.8,17.42
TV,DC-Oeste,Acme,386,1,3.6,11.82
Portatil,DC-Sur,Initech,427,4,8.8,12.93
Portatil,DC-Sur,Initech,438,3,8.8,11.59
TV,DC-Norte,Acme,461,3,7.9,4.36
Pilas,DC-Sur,Initech,399,2,10.3,5.47
TV,DC-Oeste,Globex,368,3,4.3,22.03
TV,DC-Oeste,Initech,421,2,5.3,4.45
Portatil,DC-Sur,Umbrella,459,4,9.8,8.82
Juguete,DC-Oeste,Soylent,419,1,6.0,5.26
Portatil,DC-Norte,Globex,465,0,4.6,8.45
Agua,DC-Este,Umbrella,440,3,7.3,10.76
Leche,DC-Norte,Acme,394,0,11.8,8.8
Cafe,DC-Norte,Globex,428,1,4.4,3.89
Juguete,DC-Oeste,Soylent,377,3,16.4,10.5
Cereales,DC-Este,Soylent,451,1,4.2,5.66
Cafe,DC-Oeste,Acme,402,5,5.9,7.32
Leche,DC-Centro,Acme,441,4,13.1,22.03
Agua,DC-Oeste,Globex,411,3,6.3,26.16
Agua,DC-Oeste,Initech,423,3,10.2,4.27
Cereales,DC-Oeste,Acme,428,1,2.9,42.73
Juguete,DC-Este,Initech,426,3,4.9,8.1
Pilas,DC-Oeste,Umbrella,470,4,6.8,7.53
TV,DC-Este,Soylent,426,1,2.7,5.97
Juguete,DC-Sur,Initech,427,0,3.1,12.74
Pilas,DC-Centro,Soylent,400,3,9.0,59.46
Agua,DC-Este,Initech,426,1,5.5,3.55
Portatil,DC-Sur,Umbrella,421,1,4.9,2.35
Leche,DC-Este,Acme,430,1,5.0,15.1
Cereales,DC-Este,Umbrella,417,6,14.7,19.21
Leche,DC-Centro,Acme,399,5,10.2,12.71
Camiseta,DC-Norte,Acme,413,2,8.6,19.62
Camiseta,DC-Norte,Soylent,414,0,6.0,4.93
Juguete,DC-Este,Umbrella,419,2,2.7,5.72
Agua,DC-Oeste,Initech,443,1,6.3,13.45
Agua,DC-Sur,Umbrella,420,2,5.3,49.72
TV,DC-Oeste,Soylent,383,0,2.4,19.08
TV,DC-Oeste,Acme,424,4,15.3,19.8
TV,DC-Este,Soylent,423,6,9.9,5.16
Portatil,DC-Este,Globex,374,1,8.2,17.08
Cafe,DC-Este,Globex,371,0,2.3,4.73
Detergente,DC-Este,Initech,422,3,11.2,50.11
Cafe,DC-Norte,Soylent,443,3,5.2,5.42
Leche,DC-Este,Initech,385,3,5.0,6.44
Cafe,DC-Norte,Initech,394,1,7.7,3.75
Portatil,DC-Norte,Globex,421,0,6.8,13.05
Leche,DC-Este,Initech,395,1,3.0,12.62
Cafe,DC-Centro,Globex,423,1,5.5,40.88
Portatil,DC-Sur,Acme,428,1,3.0,22.67
Detergente,DC-Oeste,Soylent,419,0,3.2,6.47
Cafe,DC-Norte,Initech,399,1,7.9,24.5
Portatil,DC-Sur,Globex,469,2,6.3,4.5
TV,DC-Centro,Umbrella,434,3,13.3,6.86
Agua,DC-Oeste,Initech,414,2,3.8,13.39
TV,DC-Oeste,Acme,389,2,14.2,4.93
Agua,DC-Norte,Acme,439,0,4.4,28.55
Cereales,DC-Este,Umbrella,423,6,4.8,75.45
Cereales,DC-Centro,Globex,455,1,3.9,9.63
Cereales,DC-Norte,Initech,407,3,7.4,7.23
Detergente,DC-Centro,Globex,404,1,9.1,10.98
TV,DC-Este,Acme,442,1,4.3,7.8
Agua,DC-Este,Globex,414,5,12.8,15.02
Portatil,DC-Norte,Acme,439,0,3.6,4.23
Leche,DC-Este,Globex,434,3,6.5,15.72
Portatil,DC-Sur,Umbrella,424,3,8.3,56.23
Leche,DC-Oeste,Soylent,439,3,10.2,2.46
Camiseta,DC-Norte,Umbrella,379,4,12.1,4.78
Portatil,DC-Centro,Umbrella,395,2,5.6,8.53
Cafe,DC-Sur,Soylent,423,1,8.3,18.79
Cafe,DC-Norte,Soylent,395,2,8.4,24.84
Juguete,DC-Este,Initech,414,1,4.0,23.29
TV,DC-Este,Initech,447,1,5.7,3.15
Leche,DC-Este,Umbrella,411,2,3.7,7.1
Leche,DC-Este,Umbrella,419,1,4.9,5.93
TV,DC-Centro,Acme,412,4,5.9,11.56
Detergente,DC-Sur,Acme,424,2,8.2,12.36
Juguete,DC-Oeste,Initech,418,1,4.9,4.07
Detergente,DC-Centro,Initech,424,4,10.1,8.57
Detergente,DC-Centro,Acme,435,1,2.9,19.38
Detergente,DC-Oeste,Acme,411,2,5.0,7.37
TV,DC-Oeste,Globex,424,0,4.6,10.38
Detergente,DC-Este,Globex,432,3,9.9,47.35
Cafe,DC-Centro,Acme,439,1,5.3,59.86
Cereales,DC-Norte,Globex,426,6,4.8,2.16
Camiseta,DC-Oeste,Soylent,394,0,3.2,13.34
Leche,DC-Oeste,Initech,415,4,8.6,125.67
Leche,DC-Sur,Initech,421,1,2.5,17.87
Camiseta,DC-Norte,Acme,407,2,8.8,12.36
TV,DC-Norte,Umbrella,461,2,5.9,34.82
Portatil,DC-Oeste,Acme,418,2,4.7,14.5
TV,DC-Este,Globex,427,3,5.2,21.48
Leche,DC-Sur,Umbrella,415,0,5.3,10.3
Leche,DC-Norte,Globex,450,1,5.3,14.34
Camiseta,DC-Oeste,Soylent,424,0,2.0,17.14
Detergente,DC-Norte,Globex,426,1,10.3,24.35
TV,DC-Sur,Soylent,416,1,3.4,8.62
Agua,DC-Sur,Soylent,453,2,3.6,8.44
Camiseta,DC-Centro,Globex,399,1,5.5,2.61
Cafe,DC-Oeste,Globex,401,4,9.2,8.94
Leche,DC-Sur,Soylent,408,2,7.1,26.11
Camiseta,DC-Centro,Umbrella,425,1,3.7,17.65
TV,DC-Centro,Soylent,427,2,12.4,5.49
Leche,DC-Norte,Initech,387,2,5.6,2.66
Portatil,DC-Norte,Soylent,421,6,14.8,10.87
Camiseta,DC-Centro,Umbrella,407,3,7.9,25.51
Juguete,DC-Norte,Initech,440,0,8.0,8.31
Leche,DC-Sur,Acme,429,0,4.2,3.83
TV,DC-Este,Acme,448,0,2.4,7.6
Cereales,DC-Sur,Umbrella,424,1,3.9,15.81
Agua,DC-Centro,Soylent,431,4,9.4,32.92
Pilas,DC-Centro,Globex,407,1,6.9,9.92
Detergente,DC-Sur,Umbrella,374,2,3.2,28.33
Pilas,DC-Norte,Initech,450,5,14.6,25.93
TV,DC-Norte,Initech,402,2,6.5,4.75
Cafe,DC-Centro,Acme,445,5,7.0,33.13
Cafe,DC-Oeste,Initech,430,1,8.4,15.43
Cereales,DC-Norte,Umbrella,436,3,4.4,4.64
Detergente,DC-Sur,Initech,409,2,11.8,49.83
Juguete,DC-Norte,Umbrella,428,0,2.7,11.02
Cereales,DC-Sur,Globex,408,4,8.5,2.57
Pilas,DC-Centro,Acme,436,8,19.7,6.92
Cereales,DC-Norte,Initech,394,1,2.3,5.69
Pilas,DC-Sur,Umbrella,434,1,2.9,7.06
Leche,DC-Centro,Soylent,401,4,9.8,8.53
Cafe,DC-Oeste,Acme,409,1,2.4,9.92
Leche,DC-Sur,Globex,428,1,8.1,9.62
Agua,DC-Oeste,Umbrella,403,3,6.4,11.27
Detergente,DC-Oeste,Globex,406,2,8.4,19.49
Juguete,DC-Este,Globex,412,1,4.5,6.7
Pilas,DC-Norte,Initech,450,1,5.6,31.34
Juguete,DC-Sur,Initech,413,2,6.6,4.57
Pilas,DC-Oeste,Umbrella,380,5,9.7,19.93
TV,DC-Este,Soylent,391,1,3.7,45.36
Cereales,DC-Centro,Umbrella,409,3,4.8,10.57
Agua,DC-Sur,Soylent,447,0,4.9,14.22
Cafe,DC-Oeste,Globex,445,1,1.2,5.62
Pilas,DC-Norte,Acme,436,5,11.3,8.09
Juguete,DC-Este,Umbrella,431,1,2.7,42.7
Agua,DC-Oeste,Umbrella,431,4,13.3,22.17
Portatil,DC-Norte,Soylent,420,3,8.6,17.03
Portatil,DC-Oeste,Globex,421,4,7.8,2.58
Leche,DC-Sur,Globex,409,2,3.7,6.87
Cafe,DC-Sur,Soylent,445,1,8.8,48.97
TV,DC-Sur,Globex,466,3,5.9,16.92
Juguete,DC-Este,Initech,429,2,6.7,18.7
Cereales,DC-Sur,Acme,409,3,13.8,13.96
Cereales,DC-Norte,Umbrella,394,3,5.6,7.46
Juguete,DC-Oeste,Acme,435,3,12.4,15.9
Detergente,DC-Centro,Umbrella,405,3,5.3,3.58
TV,DC-Norte,Initech,398,0,3.5,3.37
Agua,DC-Norte,Globex,433,0,3.1,6.77
Pilas,DC-Sur,Soylent,444,2,7.1,14.21
Detergente,DC-Este,Initech,398,1,9.1,3.47
Pilas,DC-Oeste,Acme,423,3,8.5,13.49
Pilas,DC-Este,Soylent,433,2,10.5,5.5
Detergente,DC-Oeste,Globex,426,2,8.0,6.12
Leche,DC-Oeste,Initech,442,0,3.0,34.46
Portatil,DC-Este,Soylent,432,1,7.1,12.55
Pilas,DC-Norte,Initech,443,2,4.5,5.91
Detergente,DC-Oeste,Initech,432,1,6.5,14.15
Detergente,DC-Este,Globex,447,2,5.2,3.76
Camiseta,DC-Oeste,Umbrella,392,3,4.9,16.54
Leche,DC-Centro,Soylent,448,2,5.4,29.54
Cafe,DC-Norte,Globex,428,5,13.1,20.68
Camiseta,DC-Sur,Initech,405,0,2.1,68.45
Camiseta,DC-Oeste,Globex,408,0,3.2,2.58
Juguete,DC-Centro,Umbrella,414,2,3.4,13.48
Portatil,DC-Sur,Soylent,412,2,5.2,4.16
Detergente,DC-Sur,Umbrella,421,3,8.2,10.61
Portatil,DC-Oeste,Acme,447,1,1.5,12.2
TV,DC-Este,Soylent,420,1,5.0,75.48
Juguete,DC-Oeste,Umbrella,384,0,8.8,11.61
Cafe,DC-Centro,Initech,425,4,10.2,11.44
Portatil,DC-Sur,Soylent,415,1,2.5,27.22
Cereales,DC-Oeste,Soylent,400,3,9.9,11.68
Pilas,DC-Este,Globex,429,5,8.9,52.72
TV,DC-Oeste,Initech,418,3,10.9,20.82
Leche,DC-Norte,Acme,435,1,5.8,23.64
Cafe,DC-Este,Umbrella,409,4,6.8,2.73
TV,DC-Centro,Globex,455,4,9.0,59.63
Pilas,DC-Sur,Umbrella,377,2,6.5,7.21
Juguete,DC-Oeste,Acme,415,0,2.6,12.09
Pilas,DC-Este,Acme,443,0,3.5,7.23
Camiseta,DC-Norte,Soylent,398,2,5.9,5.37
Pilas,DC-Este,Acme,382,3,13.0,4.66
Camiseta,DC-Norte,Umbrella,457,4,7.8,13.23
Juguete,DC-Centro,Initech,393,3,4.1,2.52
Agua,DC-Sur,Initech,411,2,4.2,10.03
Camiseta,DC-Centro,Soylent,427,1,4.3,28.4
Leche,DC-Oeste,Umbrella,391,2,5.3,20.2
Pilas,DC-Este,Umbrella,377,1,5.5,17.22
Pilas,DC-Norte,Acme,367,0,5.3,5.95
Leche,DC-Norte,Umbrella,439,0,5.4,3.43
Cereales,DC-Este,Globex,417,0,2.6,28.03
Detergente,DC-Este,Acme,420,2,2.7,8.51
Agua,DC-Oeste,Globex,445,1,4.6,11.4
Cafe,DC-Centro,Soylent,437,0,3.2,10.4
Camiseta,DC-Norte,Initech,405,4,5.3,20.86
Leche,DC-Oeste,Soylent,389,0,8.8,53.23
Juguete,DC-Centro,Initech,411,4,10.7,39.25
Camiseta,DC-Oeste,Soylent,414,2,8.8,1.89
Detergente,DC-Norte,Umbrella,441,0,6.1,9.52
Juguete,DC-Este,Globex,441,4,8.0,4.15
TV,DC-Este,Initech,409,0,5.9,25.81
Pilas,DC-Centro,Acme,403,2,5.5,12.22
TV,DC-Sur,Globex,400,2,8.1,19.78
Camiseta,DC-Centro,Acme,407,0,5.1,8.89
Detergente,DC-Sur,Globex,413,0,2.6,5.3
Agua,DC-Oeste,Globex,451,0,5.0,6.08
Camiseta,DC-Oeste,Soylent,410,0,2.4,3.57
Leche,DC-Norte,Initech,467,2,4.9,4.43
Portatil,DC-Sur,Initech,408,2,7.2,3.75
Camiseta,DC-Norte,Globex,409,1,6.8,5.32
Pilas,DC-Este,Umbrella,438,1,6.1,5.08
Pilas,DC-Sur,Umbrella,428,3,5.5,16.7
Camiseta,DC-Centro,Acme,383,4,6.9,16.18
Juguete,DC-Este,Acme,400,3,8.0,16.68
Portatil,DC-Este,Soylent,422,3,4.9,31.19
Leche,DC-Centro,Globex,468,0,3.2,11.44
Camiseta,DC-Este,Acme,445,2,7.1,6.52
Juguete,DC-Sur,Acme,444,1,3.5,71.46
Pilas,DC-Norte,Globex,421,1,3.8,25.14
Pilas,DC-Este,Soylent,401,3,9.3,13.76
Detergente,DC-Sur,Acme,407,2,6.9,13.02
Camiseta,DC-Oeste,Soylent,414,7,11.9,15.36
Portatil,DC-Sur,Initech,397,4,10.0,10.36
Cereales,DC-Norte,Soylent,398,2,6.1,13.5
Portatil,DC-Sur,Umbrella,420,4,9.4,18.17
Pilas,DC-Centro,Umbrella,435,0,3.4,6.81
Pilas,DC-Norte,Soylent,397,0,5.5,3.3
TV,DC-Oeste,Umbrella,387,1,6.2,2.32
Pilas,DC-Centro,Initech,415,1,5.1,24.79
Leche,DC-Sur,Globex,467,0,9.1,3.43
Cafe,DC-Norte,Umbrella,371,3,7.2,17.68
Camiseta,DC-Oeste,Umbrella,414,2,7.0,4.84
Portatil,DC-Centro,Soylent,395,4,12.7,4.9
Cafe,DC-Oeste,Initech,413,0,6.1,6.86
Juguete,DC-Sur,Globex,411,2,10.3,14.23
Cereales,DC-Oeste,Soylent,400,5,10.5,4.35
Leche,DC-Este,Soylent,448,3,8.5,7.44
Portatil,DC-Centro,Initech,440,6,12.4,11.93
Cafe,DC-Oeste,Globex,410,6,6.5,4.63
Cereales,DC-Sur,Initech,428,2,7.2,38.19
TV,DC-Sur,Globex,396,1,4.4,3.07
Leche,DC-Oeste,Initech,440,3,4.9,10.23
Leche,DC-Sur,Soylent,394,7,7.0,33.72
TV,DC-Norte,Soylent,404,2,5.2,4.22
Camiseta,DC-Norte,Acme,428,3,7.7,11.16
TV,DC-Norte,Umbrella,432,3,6.2,13.55
Leche,DC-Este,Initech,441,3,10.5,6.39
Leche,DC-Oeste,Acme,418,2,6.0,11.45
Cafe,DC-Este,Umbrella,399,4,9.9,19.09
Pilas,DC-Sur,Initech,448,1,2.8,8.38
Cereales,DC-Este,Globex,431,0,4.1,22.45
TV,DC-Sur,Umbrella,431,1,7.0,16.68
Cereales,DC-Sur,Soylent,378,0,4.9,7.64
TV,DC-Centro,Acme,404,1,6.0,30.02
Juguete,DC-Norte,Umbrella,386,3,5.8,6.73
Leche,DC-Sur,Umbrella,408,0,5.7,24.16
Pilas,DC-Centro,Soylent,452,0,2.8,6.83
Cafe,DC-Norte,Initech,419,1,6.6,9.46
Pilas,DC-Sur,Globex,408,4,13.5,10.7
Pilas,DC-Sur,Soylent,401,2,6.3,15.97
Pilas,DC-Este,Globex,423,1,6.3,1.77
Cereales,DC-Este,Initech,423,3,14.1,17.57
TV,DC-Norte,Umbrella,400,5,19.2,11.22
Agua,DC-Sur,Globex,454,1,3.8,15.31
Juguete,DC-Oeste,Acme,412,3,14.7,18.21
Portatil,DC-Este,Acme,410,4,5.8,16.69
Pilas,DC-Norte,Soylent,434,1,3.3,2.45
Camiseta,DC-Sur,Initech,447,1,9.1,5.21
Cereales,DC-Sur,Soylent,405,1,3.1,15.9
Cafe,DC-Oeste,Soylent,403,1,5.6,14.29
Portatil,DC-Norte,Soylent,454,2,5.2,6.48
Agua,DC-Sur,Acme,411,1,6.4,21.98
Camiseta,DC-Este,Acme,417,1,3.1,9.92
Agua,DC-Oeste,Soylent,411,1,2.7,24.74
Portatil,DC-Norte,Acme,424,5,9.0,32.07
Pilas,DC-Oeste,Initech,440,2,10.9,15.22
Camiseta,DC-Este,Soylent,416,3,11.3,19.0
Agua,DC-Norte,Acme,412,1,2.6,7.49
Cafe,DC-Oeste,Globex,461,3,4.4,24.87
TV,DC-Centro,Soylent,435,8,17.6,14.51
Leche,DC-Este,Soylent,443,0,3.9,9.62
TV,DC-Este,Initech,375,0,2.6,4.59
Portatil,DC-Este,Umbrella,430,1,4.7,8.26
Cereales,DC-Centro,Umbrella,435,0,2.0,5.01
Leche,DC-Centro,Initech,428,0,2.4,22.4
Juguete,DC-Sur,Initech,435,0,4.6,32.34
Cafe,DC-Oeste,Initech,401,2,4.6,25.36
Juguete,DC-Sur,Umbrella,435,2,2.3,89.02
Camiseta,DC-Oeste,Initech,416,8,11.2,8.43
Leche,DC-Centro,Acme,450,1,4.9,19.63
Juguete,DC-Centro,Soylent,432,2,5.1,4.73
Juguete,DC-Sur,Soylent,417,3,5.0,10.4
Agua,DC-Norte,Globex,401,0,6.1,3.74
TV,DC-Sur,Globex,404,5,14.4,19.19
Agua,DC-Oeste,Soylent,443,2,8.1,9.17
Leche,DC-Sur,Acme,397,1,6.3,2.35
Leche,DC-Este,Umbrella,426,1,3.4,7.04
Portatil,DC-Oeste,Umbrella,424,0,4.0,51.14
Agua,DC-Oeste,Acme,429,2,5.1,16.92
Detergente,DC-Norte,Umbrella,450,1,4.9,22.54
TV,DC-Centro,Initech,410,2,8.0,13.47
Leche,DC-Oeste,Soylent,426,0,2.5,10.54
Portatil,DC-Centro,Soylent,418,4,9.4,12.34
Agua,DC-Sur,Acme,411,1,5.4,14.83
TV,DC-Este,Umbrella,387,1,3.1,5.07
Agua,DC-Norte,Globex,443,2,6.4,22.43
Juguete,DC-Centro,Globex,416,1,5.4,29.89
Portatil,DC-Oeste,Umbrella,432,0,4.1,10.41
TV,DC-Centro,Globex,428,2,4.8,8.02
Pilas,DC-Oeste,Acme,402,1,10.1,6.73
Camiseta,DC-Centro,Acme,409,2,14.0,49.77
Camiseta,DC-Oeste,Umbrella,445,3,6.4,8.48
TV,DC-Sur,Globex,416,2,9.6,20.55
Agua,DC-Oeste,Acme,421,2,8.6,10.47
Portatil,DC-Oeste,Acme,376,3,10.1,10.03
Camiseta,DC-Este,Initech,393,1,5.8,6.61
Portatil,DC-Oeste,Initech,422,3,9.0,5.61
Camiseta,DC-Este,Acme,426,3,7.6,22.02
Juguete,DC-Norte,Umbrella,413,2,4.2,5.51
Agua,DC-Este,Soylent,455,3,9.0,17.64
Juguete,DC-Sur,Soylent,425,1,4.4,13.1
Camiseta,DC-Este,Acme,430,3,13.2,22.24
Pilas,DC-Norte,Acme,426,1,4.0,7.48
Pilas,DC-Sur,Acme,422,1,4.7,28.91
Juguete,DC-Centro,Umbrella,421,4,3.9,10.88
Pilas,DC-Centro,Initech,439,6,14.0,96.87
Camiseta,DC-Este,Acme,387,2,13.1,3.35
TV,DC-Este,Acme,429,0,6.4,85.04
Juguete,DC-Norte,Globex,406,0,4.4,11.01
Cereales,DC-Norte,Umbrella,411,1,7.1,14.56
Agua,DC-Oeste,Acme,455,0,4.0,7.51
Pilas,DC-Norte,Globex,410,1,5.1,3.47
Pilas,DC-Oeste,Soylent,410,4,8.3,7.98
Leche,DC-Sur,Acme,435,2,5.1,9.09
Detergente,DC-Este,Acme,387,1,6.3,14.1
Juguete,DC-Sur,Globex,421,2,8.4,29.87
Cafe,DC-Norte,Umbrella,404,2,8.5,14.19
Pilas,DC-Sur,Acme,416,2,4.8,14.39
Agua,DC-Sur,Soylent,391,2,4.3,16.57
Cereales,DC-Sur,Acme,404,5,8.5,2.99
Pilas,DC-Norte,Soylent,420,2,6.0,3.22
Cereales,DC-Sur,Initech,380,3,9.1,3.68
Camiseta,DC-Oeste,Initech,393,0,4.3,9.04
Camiseta,DC-Norte,Soylent,392,2,5.0,2.73
Detergente,DC-Sur,Umbrella,416,2,9.4,7.02
TV,DC-Norte,Acme,405,1,4.9,4.08
Cafe,DC-Centro,Acme,424,0,1.2,18.0
Leche,DC-Oeste,Initech,410,2,9.0,17.29
Detergente,DC-Sur,Soylent,391,0,7.4,9.58
Portatil,DC-Centro,Acme,389,0,4.9,2.66
Leche,DC-Centro,Acme,445,1,14.1,10.08
Juguete,DC-Norte,Umbrella,432,0,3.5,15.85
Agua,DC-Centro,Globex,428,0,6.4,23.3
Portatil,DC-Oeste,Initech,419,1,5.9,49.54
Portatil,DC-Oeste,Initech,407,0,2.5,29.81
Detergente,DC-Este,Globex,456,5,5.4,13.9
TV,DC-Oeste,Acme,419,2,11.0,9.7
Detergente,DC-Centro,Umbrella,426,0,5.6,6.72
Juguete,DC-Oeste,Umbrella,405,2,5.4,36.04
Pilas,DC-Norte,Initech,444,5,11.8,13.92
Pilas,DC-Este,Umbrella,421,1,3.1,20.17
TV,DC-Centro,Globex,413,2,10.3,7.6
Juguete,DC-Este,Acme,385,1,2.3,4.51
TV,DC-Centro,Globex,458,4,10.4,8.84
Cereales,DC-Norte,Soylent,393,1,3.1,9.56
Pilas,DC-Este,Initech,436,2,4.1,14.2
Portatil,DC-Sur,Umbrella,447,2,3.2,6.75
Cafe,DC-Centro,Soylent,450,4,8.9,12.43
Agua,DC-Sur,Umbrella,394,2,6.4,31.25
Juguete,DC-Este,Acme,401,2,9.3,3.2
Leche,DC-Sur,Acme,436,2,6.9,2.24
TV,DC-Sur,Acme,408,3,5.0,33.01
Agua,DC-Este,Umbrella,436,0,8.5,3.78
Leche,DC-Norte,Soylent,403,6,7.1,8.99
Agua,DC-Sur,Acme,368,1,6.7,19.82
Cafe,DC-Sur,Soylent,418,1,4.9,11.62
Leche,DC-Norte,Umbrella,394,3,6.2,11.49
Detergente,DC-Sur,Soylent,437,1,5.4,12.91
Camiseta,DC-Sur,Umbrella,424,1,5.2,91.37
Detergente,DC-Sur,Umbrella,440,1,6.7,50.63
Pilas,DC-Oeste,Initech,387,5,18.4,6.99
Camiseta,DC-Norte,Umbrella,453,0,4.3,28.24
Detergente,DC-Sur,Umbrella,442,4,14.1,18.25
Camiseta,DC-Norte,Globex,459,2,8.8,11.99
Camiseta,DC-Centro,Acme,461,5,5.6,5.89
Portatil,DC-Centro,Initech,412,4,3.4,17.48
TV,DC-Sur,Initech,406,0,2.8,9.54
TV,DC-Norte,Initech,432,2,4.9,8.99
Portatil,DC-Norte,Globex,457,0,6.1,6.6
Agua,DC-Norte,Umbrella,439,1,10.9,27.11
Cereales,DC-Oeste,Acme,381,1,10.0,6.59
Agua,DC-Centro,Soylent,407,4,5.5,6.62
Leche,DC-Norte,Umbrella,413,3,4.9,22.7
Leche,DC-Norte,Globex,416,1,5.5,10.85
Camiseta,DC-Oeste,Umbrella,402,1,6.3,11.09
Detergente,DC-Oeste,Umbrella,436,0,4.2,27.84
Detergente,DC-Norte,Globex,426,2,6.8,34.85
TV,DC-Este,Initech,435,2,6.5,2.22
Juguete,DC-Norte,Initech,379,1,6.6,10.99
Agua,DC-Norte,Acme,418,5,12.7,3.94
Pilas,DC-Oeste,Acme,411,3,12.0,8.94
Cafe,DC-Oeste,Initech,378,4,7.9,12.12
Detergente,DC-Norte,Soylent,448,3,7.5,9.17
Cafe,DC-Norte,Umbrella,426,5,17.5,5.36
Camiseta,DC-Norte,Soylent,415,1,1.5,5.15
Cafe,DC-Oeste,Umbrella,415,4,10.2,21.81
Pilas,DC-Norte,Initech,429,5,19.9,41.59
Portatil,DC-Norte,Acme,412,1,5.3,2.34
Pilas,DC-Sur,Acme,415,4,7.4,9.37
Cafe,DC-Este,Soylent,452,1,6.2,21.88
Pilas,DC-Centro,Acme,425,0,7.2,11.87
Cereales,DC-Este,Initech,445,3,10.5,5.0
Camiseta,DC-Sur,Soylent,419,5,13.5,8.31
Agua,DC-Centro,Umbrella,386,3,5.6,15.51
Portatil,DC-Norte,Acme,419,5,9.7,9.53
Detergente,DC-Sur,Globex,423,3,10.3,11.72
Leche,DC-Norte,Acme,447,0,5.4,12.0
Agua,DC-Oeste,Umbrella,441,2,7.6,8.01
Leche,DC-Sur,Soylent,421,3,8.0,23.41
Camiseta,DC-Oeste,Umbrella,418,0,2.6,8.31
Portatil,DC-Sur,Globex,408,1,8.4,5.45
TV,DC-Sur,Initech,394,0,2.2,72.51
Detergente,DC-Oeste,Acme,437,3,9.3,11.45
Cereales,DC-Centro,Soylent,403,4,7.5,1.52
TV,DC-Este,Initech,410,4,10.6,33.24
Camiseta,DC-Norte,Umbrella,419,2,1.4,33.16
Agua,DC-Sur,Soylent,449,1,10.8,17.56
Cereales,DC-Norte,Initech,375,5,10.2,20.19
Pilas,DC-Oeste,Soylent,433,6,14.2,68.57
Cafe,DC-Norte,Globex,399,0,2.7,5.64
Cereales,DC-Oeste,Globex,394,6,8.8,13.55
Camiseta,DC-Norte,Acme,426,0,2.2,58.9
Juguete,DC-Este,Acme,449,4,8.6,69.77
Cafe,DC-Este,Globex,422,5,11.2,9.09
Leche,DC-Este,Soylent,414,2,4.2,60.83
Detergente,DC-Este,Globex,449,2,5.5,23.15
Leche,DC-Este,Acme,427,0,6.4,40.29
Cereales,DC-Este,Globex,417,1,2.8,22.55
Leche,DC-Oeste,Globex,471,2,8.3,15.55
Camiseta,DC-Sur,Soylent,425,1,2.3,71.34
Pilas,DC-Norte,Initech,407,2,5.7,7.98
Agua,DC-Este,Acme,424,7,14.5,55.8
Detergente,DC-Oeste,Soylent,397,0,7.0,63.34
Leche,DC-Oeste,Globex,421,2,3.1,36.25
Leche,DC-Oeste,Globex,409,3,3.6,11.5
Cereales,DC-Sur,Initech,462,1,2.5,14.81
Agua,DC-Norte,Acme,424,1,8.6,4.39
TV,DC-Sur,Acme,464,0,3.2,8.48
Leche,DC-Centro,Umbrella,422,0,9.8,20.02
Camiseta,DC-Oeste,Acme,405,2,6.9,3.89
Juguete,DC-Centro,Initech,431,1,2.2,9.6
Detergente,DC-Este,Umbrella,422,3,2.3,57.73
Leche,DC-Este,Umbrella,415,1,3.9,10.77
Camiseta,DC-Sur,Globex,420,1,5.8,27.85
Camiseta,DC-Norte,Globex,403,4,11.5,19.17
Detergente,DC-Centro,Acme,432,4,8.0,9.52
TV,DC-Norte,Umbrella,412,5,8.9,10.76
Camiseta,DC-Sur,Globex,398,3,5.4,13.92
Juguete,DC-Este,Initech,411,0,2.6,2.36
Camiseta,DC-Norte,Globex,438,3,8.5,25.99
Camiseta,DC-Norte,Globex,439,3,6.6,11.08
Camiseta,DC-Este,Umbrella,411,1,4.7,26.72
Pilas,DC-Centro,Umbrella,404,1,6.5,16.62
Pilas,DC-Este,Soylent,420,0,4.3,10.7
TV,DC-Norte,Initech,421,0,4.4,14.27
Leche,DC-Centro,Umbrella,445,3,7.8,14.31
Camiseta,DC-Centro,Acme,424,1,8.2,39.68
Agua,DC-Este,Initech,425,0,2.6,12.81
Leche,DC-Norte,Initech,412,1,5.6,15.34
TV,DC-Sur,Umbrella,418,2,4.9,4.44
Portatil,DC-Norte,Initech,446,3,13.1,11.73
Leche,DC-Oeste,Umbrella,404,3,9.5,39.0
Leche,DC-Sur,Globex,417,1,9.0,17.17
Cafe,DC-Centro,Soylent,421,0,4.6,5.13
Cereales,DC-Sur,Globex,406,1,3.5,5.59
Cafe,DC-Centro,Umbrella,376,1,4.2,6.73
Juguete,DC-Centro,Umbrella,413,2,11.1,27.1
Pilas,DC-Sur,Globex,409,0,3.3,24.56
Pilas,DC-Centro,Acme,409,7,15.8,0.77
Cereales,DC-Centro,Acme,415,3,6.7,11.41
Detergente,DC-Oeste,Acme,424,3,15.2,13.71
Detergente,DC-Norte,Umbrella,404,1,11.2,5.64
TV,DC-Norte,Initech,433,3,2.2,8.91
Cereales,DC-Oeste,Umbrella,387,2,4.4,35.33
Leche,DC-Sur,Initech,381,2,7.8,16.9
Detergente,DC-Este,Globex,435,2,4.7,8.17
Camiseta,DC-Este,Soylent,443,4,8.7,10.49
Agua,DC-Este,Initech,443,7,19.4,10.15
Leche,DC-Oeste,Acme,402,4,14.3,15.27
Juguete,DC-Oeste,Umbrella,467,1,4.7,3.88
Camiseta,DC-Centro,Globex,401,1,16.5,7.13
Camiseta,DC-Este,Acme,427,3,5.1,27.89
Cereales,DC-Sur,Globex,393,2,6.0,11.5
TV,DC-Sur,Soylent,404,1,8.1,6.17
Juguete,DC-Este,Umbrella,415,4,6.8,6.38
Detergente,DC-Este,Umbrella,402,6,13.9,21.69
Cereales,DC-Este,Soylent,414,9,15.8,8.05
Detergente,DC-Oeste,Umbrella,404,4,8.7,18.33
Cereales,DC-Oeste,Initech,409,4,3.0,7.38
Cereales,DC-Oeste,Globex,420,3,14.0,4.93
Cereales,DC-Norte,Acme,445,6,14.3,14.81
TV,DC-Sur,Soylent,412,3,6.6,11.27
Cereales,DC-Sur,Initech,409,0,2.6,21.08
Portatil,DC-Centro,Acme,432,0,2.5,24.71
Agua,DC-Oeste,Acme,415,3,3.4,9.15
Detergente,DC-Norte,Soylent,431,1,6.3,16.11
Leche,DC-Norte,Initech,408,6,13.7,8.93
Cafe,DC-Sur,Acme,408,0,10.7,20.22
Juguete,DC-Oeste,Acme,434,1,11.6,14.68
Pilas,DC-Centro,Initech,429,2,8.7,7.4
TV,DC-Oeste,Umbrella,453,1,7.4,6.92
Leche,DC-Este,Acme,435,3,7.3,15.1
Camiseta,DC-Oeste,Globex,406,1,3.7,30.87
Portatil,DC-Este,Initech,410,0,3.8,25.05
Pilas,DC-Este,Acme,449,1,5.7,5.73
Cafe,DC-Centro,Soylent,428,1,5.3,6.23
Leche,DC-Sur,Globex,375,1,7.3,7.01
Pilas,DC-Oeste,Acme,419,5,12.2,7.56
Leche,DC-Este,Globex,399,1,3.8,2.85
Portatil,DC-Oeste,Globex,409,0,5.6,22.92
Cafe,DC-Sur,Umbrella,418,3,10.2,8.46
Camiseta,DC-Sur,Globex,456,1,10.0,17.63
Cereales,DC-Norte,Umbrella,432,1,7.9,9.46
Detergente,DC-Sur,Initech,437,1,7.8,11.96
Camiseta,DC-Centro,Umbrella,437,3,6.6,7.04
Cereales,DC-Este,Soylent,428,4,7.1,11.91
TV,DC-Norte,Acme,424,7,16.6,6.07
Agua,DC-Centro,Initech,418,0,3.3,11.98
Juguete,DC-Oeste,Initech,386,1,6.3,39.09
Juguete,DC-Este,Soylent,408,1,4.1,18.48
Detergente,DC-Sur,Umbrella,394,4,9.5,15.38
Cafe,DC-Este,Acme,439,6,6.9,4.24
Portatil,DC-Oeste,Umbrella,390,0,5.3,19.18
Cafe,DC-Norte,Globex,447,0,6.1,20.73
Portatil,DC-Norte,Umbrella,418,4,9.7,15.1
Cafe,DC-Norte,Initech,429,7,18.8,14.46
Agua,DC-Sur,Acme,442,3,5.8,10.89
TV,DC-Centro,Umbrella,384,3,9.0,20.48
TV,DC-Centro,Acme,374,4,5.8,37.25
Cereales,DC-Este,Acme,395,4,14.1,15.87
Pilas,DC-Sur,Globex,413,6,14.0,5.6
TV,DC-Norte,Globex,426,4,5.3,5.95
TV,DC-Norte,Initech,433,3,6.3,21.78
Camiseta,DC-Oeste,Soylent,434,1,3.8,5.64
Camiseta,DC-Oeste,Acme,428,2,10.7,14.31
Cereales,DC-Norte,Soylent,407,3,10.7,9.24
Pilas,DC-Norte,Initech,434,2,6.3,5.17
Detergente,DC-Sur,Acme,381,5,9.7,23.71
Camiseta,DC-Centro,Acme,428,0,5.8,21.44
Detergente,DC-Oeste,Soylent,394,1,6.1,4.12
Leche,DC-Centro,Umbrella,416,4,10.4,17.91
Camiseta,DC-Sur,Globex,412,0,4.3,15.93
Agua,DC-Norte,Umbrella,432,2,8.1,23.81
Pilas,DC-Centro,Soylent,377,1,4.6,13.92
Cereales,DC-Norte,Globex,418,5,15.8,38.15
Leche,DC-Norte,Umbrella,428,1,6.6,11.01
Pilas,DC-Este,Globex,421,3,6.2,9.8
Agua,DC-Centro,Acme,419,2,6.0,5.59
Pilas,DC-Centro,Umbrella,431,3,3.7,5.77
Agua,DC-Norte,Globex,433,1,3.5,5.37
Agua,DC-Sur,Globex,409,3,12.7,14.51
Detergente,DC-Este,Globex,429,0,4.1,9.82
Cafe,DC-Norte,Umbrella,426,0,5.1,15.87
Leche,DC-Oeste,Initech,449,2,6.5,4.63
Pilas,DC-Oeste,Umbrella,418,0,6.6,6.14
Portatil,DC-Este,Soylent,430,2,6.9,6.06
Leche,DC-Sur,Umbrella,404,3,9.0,69.09
Cafe,DC-Norte,Globex,404,3,12.7,10.67
Leche,DC-Centro,Acme,400,1,6.6,11.55
TV,DC-Este,Umbrella,452,1,2.7,11.45
Portatil,DC-Sur,Umbrella,436,5,8.6,42.19
Cafe,DC-Centro,Globex,443,0,6.6,3.35
Detergente,DC-Oeste,Acme,411,0,5.5,11.61
Pilas,DC-Oeste,Acme,388,4,5.0,3.33
Juguete,DC-Centro,Soylent,425,1,13.9,1.82
Cafe,DC-Este,Umbrella,400,5,6.4,6.77
Cereales,DC-Oeste,Acme,378,0,4.3,16.94
Pilas,DC-Norte,Acme,443,4,8.2,6.44
Cafe,DC-Centro,Initech,374,3,11.9,16.72
TV,DC-Centro,Initech,441,3,3.8,13.27
Juguete,DC-Oeste,Acme,411,3,12.6,10.9
TV,DC-Este,Soylent,406,1,3.2,33.51
Juguete,DC-Norte,Acme,434,0,7.3,7.56
Cereales,DC-Este,Globex,425,2,9.8,16.52
Pilas,DC-Sur,Umbrella,430,2,4.6,2.88
Detergente,DC-Sur,Soylent,411,1,3.5,13.18
TV,DC-Oeste,Globex,394,3,5.3,9.92
TV,DC-Oeste,Soylent,427,4,13.0,4.73
Agua,DC-Oeste,Globex,390,4,8.4,16.76
Juguete,DC-Sur,Umbrella,424,1,3.3,6.75
Camiseta,DC-Este,Umbrella,438,8,15.8,48.7
Pilas,DC-Este,Initech,442,4,5.0,1.74
Juguete,DC-Oeste,Globex,435,2,7.7,14.86
Agua,DC-Norte,Initech,407,5,9.9,12.61
Leche,DC-Este,Globex,409,4,9.6,9.73
Juguete,DC-Sur,Initech,398,1,5.3,7.98
Detergente,DC-Centro,Umbrella,399,3,8.3,12.87
Pilas,DC-Centro,Soylent,420,1,8.0,28.5
Agua,DC-Centro,Initech,402,3,7.1,3.2
Leche,DC-Norte,Globex,436,3,15.7,6.39
Portatil,DC-Oeste,Globex,453,0,4.6,5.26
Agua,DC-Sur,Umbrella,428,1,3.9,5.06
Portatil,DC-Norte,Globex,397,3,8.4,16.03
Pilas,DC-Sur,Acme,425,4,8.5,19.52
TV,DC-Sur,Soylent,409,6,9.5,28.56
Agua,DC-Oeste,Initech,414,1,3.6,19.77
Cereales,DC-Centro,Soylent,407,1,8.8,21.09
Portatil,DC-Oeste,Umbrella,411,1,2.5,3.94
Detergente,DC-Norte,Initech,405,2,5.5,39.92
Cereales,DC-Norte,Initech,406,0,2.5,10.3
Cafe,DC-Norte,Acme,390,1,4.2,27.84
Cafe,DC-Oeste,Umbrella,452,4,12.5,4.05
Leche,DC-Sur,Globex,463,1,3.9,10.04
TV,DC-Sur,Acme,408,3,8.2,25.9
Pilas,DC-Este,Acme,408,1,2.4,12.46
Agua,DC-Norte,Soylent,396,2,2.9,6.66
Camiseta,DC-Sur,Soylent,416,1,4.9,34.74
Detergente,DC-Este,Soylent,395,0,3.2,4.77
Portatil,DC-Sur,Acme,428,3,6.4,11.99
Pilas,DC-Norte,Globex,389,2,6.1,20.33
Cereales,DC-Centro,Initech,455,0,3.7,65.14
Cafe,DC-Norte,Soylent,411,2,7.0,8.44
Detergente,DC-Oeste,Globex,422,0,2.5,9.77
Camiseta,DC-Sur,Umbrella,431,7,17.3,8.54
Agua,DC-Sur,Soylent,406,3,11.8,14.74
Leche,DC-Oeste,Initech,417,2,4.3,19.5
Camiseta,DC-Oeste,Umbrella,424,1,10.0,29.21
Detergente,DC-Centro,Umbrella,431,2,7.8,22.31
Camiseta,DC-Sur,Initech,431,6,7.8,8.18
Detergente,DC-Sur,Soylent,439,2,3.6,23.35
Detergente,DC-Centro,Acme,413,0,3.6,13.11
Juguete,DC-Este,Initech,416,1,4.1,22.11
Portatil,DC-Centro,Initech,409,2,8.3,23.15
Cafe,DC-Norte,Initech,399,2,5.0,44.88
Juguete,DC-Sur,Umbrella,434,2,3.8,9.17
Agua,DC-Oeste,Globex,382,4,11.2,7.87
Juguete,DC-Norte,Acme,453,1,3.7,17.42
TV,DC-Sur,Soylent,433,3,7.6,31.38
TV,DC-Centro,Soylent,433,1,4.4,12.76
Cafe,DC-Norte,Globex,413,0,2.9,33.05
Camiseta,DC-Sur,Initech,396,4,11.7,21.16
Portatil,DC-Este,Acme,404,3,3.5,10.37
Cafe,DC-Este,Soylent,414,5,12.2,19.12
Detergente,DC-Oeste,Soylent,391,2,6.2,8.6
Cereales,DC-Sur,Initech,452,2,6.4,14.74
Portatil,DC-Este,Globex,402,5,9.8,5.16
Portatil,DC-Centro,Acme,453,2,9.0,11.54
Detergente,DC-Sur,Globex,439,2,7.6,27.11
Detergente,DC-Centro,Globex,398,4,5.2,22.5
Leche,DC-Centro,Acme,390,4,8.6,20.02
Cafe,DC-Este,Acme,440,2,9.5,15.33
Detergente,DC-Sur,Soylent,387,1,2.8,13.84
TV,DC-Norte,Soylent,415,2,6.4,4.42
Agua,DC-Este,Acme,407,0,1.8,10.33
Cereales,DC-Este,Umbrella,378,5,8.1,14.1
Cafe,DC-Sur,Soylent,425,1,3.5,4.96
Pilas,DC-Sur,Umbrella,420,4,8.4,3.0
TV,DC-Centro,Acme,417,1,6.0,30.06
Camiseta,DC-Sur,Soylent,434,2,7.7,12.69
Detergente,DC-Centro,Globex,412,1,13.8,14.41
Pilas,DC-Este,Acme,383,2,4.0,19.0
Detergente,DC-Oeste,Initech,418,2,6.1,5.55
Portatil,DC-Norte,Umbrella,416,2,6.9,8.82
TV,DC-Este,Acme,425,0,3.3,40.58
Portatil,DC-Sur,Acme,415,2,10.0,8.24
Leche,DC-Norte,Soylent,427,2,12.8,9.85
Portatil,DC-Oeste,Soylent,396,1,7.2,7.13
Leche,DC-Oeste,Soylent,404,5,14.5,6.73
Leche,DC-Centro,Initech,434,3,8.6,29.5
Pilas,DC-Norte,Soylent,420,2,6.9,1.68
Detergente,DC-Centro,Acme,445,3,10.2,8.45
Camiseta,DC-Este,Soylent,436,1,6.0,14.59
Portatil,DC-Norte,Globex,425,1,5.7,47.34
TV,DC-Este,Soylent,421,1,8.5,4.91
Leche,DC-Centro,Initech,415,7,16.1,4.29
Detergente,DC-Norte,Globex,417,1,3.9,6.12
Cereales,DC-Centro,Acme,403,0,3.2,21.36
Cafe,DC-Norte,Acme,425,1,7.6,13.47
Pilas,DC-Centro,Umbrella,404,1,2.0,3.84
Camiseta,DC-Oeste,Globex,442,2,5.2,13.19
Juguete,DC-Centro,Umbrella,405,2,6.2,42.15
Pilas,DC-Oeste,Globex,430,1,4.8,15.05
Cereales,DC-Centro,Globex,419,3,12.3,13.9
Cafe,DC-Norte,Initech,427,7,11.9,14.58
Cereales,DC-Norte,Umbrella,419,6,15.4,16.97
Portatil,DC-Norte,Initech,454,1,6.5,4.42
Leche,DC-Sur,Globex,417,3,7.0,10.12
Camiseta,DC-Este,Acme,425,2,4.9,10.55
Agua,DC-Norte,Globex,400,2,11.1,8.27
Leche,DC-Oeste,Initech,404,0,2.7,21.09
Agua,DC-Norte,Umbrella,410,0,5.2,7.34
Cafe,DC-Sur,Umbrella,422,2,11.3,9.13
Detergente,DC-Oeste,Initech,422,2,5.9,4.45
Juguete,DC-Sur,Umbrella,413,1,4.8,16.49
TV,DC-Oeste,Soylent,427,2,4.3,25.88
Leche,DC-Centro,Acme,437,4,3.9,9.13
Camiseta,DC-Este,Acme,398,0,4.8,23.24
Cereales,DC-Este,Acme,456,2,8.1,10.83
Camiseta,DC-Sur,Umbrella,415,3,6.5,1.61
Cafe,DC-Este,Umbrella,430,5,12.7,11.69
Agua,DC-Sur,Globex,425,1,2.8,10.59
Cereales,DC-Sur,Globex,477,1,4.5,13.23
TV,DC-Sur,Acme,429,1,3.3,14.92
TV,DC-Este,Soylent,433,1,4.3,7.05
Leche,DC-Sur,Globex,430,4,4.6,39.53
Cafe,DC-Este,Globex,449,2,8.2,11.55
Detergente,DC-Sur,Umbrella,410,5,8.7,10.38
Cafe,DC-Norte,Soylent,434,2,8.4,22.1
Agua,DC-Sur,Acme,402,7,9.8,12.36
Camiseta,DC-Oeste,Globex,407,4,10.6,94.89
TV,DC-Sur,Soylent,403,2,7.8,10.3
Camiseta,DC-Centro,Soylent,411,3,9.4,16.14
Camiseta,DC-Sur,Acme,441,1,5.6,6.69
Camiseta,DC-Oeste,Soylent,397,0,3.1,24.45
TV,DC-Oeste,Soylent,427,0,4.4,15.6
Pilas,DC-Este,Soylent,427,2,12.5,9.29
Portatil,DC-Norte,Globex,412,1,3.5,6.06
Agua,DC-Sur,Acme,440,2,5.2,4.27
Pilas,DC-Este,Soylent,464,1,3.2,17.03
Agua,DC-Norte,Soylent,437,1,10.1,4.02
Cereales,DC-Sur,Globex,450,3,6.2,34.7
Cafe,DC-Centro,Acme,387,2,5.3,4.44
Cafe,DC-Sur,Umbrella,441,2,2.1,10.56
Juguete,DC-Oeste,Globex,401,2,6.4,6.02
Cafe,DC-Oeste,Acme,444,2,10.8,12.51
TV,DC-Centro,Soylent,466,2,8.8,12.44
Detergente,DC-Este,Acme,396,2,4.5,17.39
Leche,DC-Norte,Acme,424,0,3.9,3.59
Juguete,DC-Sur,Acme,372,0,6.7,6.61
Leche,DC-Oeste,Umbrella,458,0,2.7,26.48
Agua,DC-Este,Acme,441,1,8.3,20.63
Leche,DC-Centro,Umbrella,422,1,3.4,1.65
Leche,DC-Oeste,Soylent,420,1,4.0,16.47
Juguete,DC-Centro,Umbrella,431,0,3.9,5.33
Cereales,DC-Sur,Soylent,436,3,9.0,7.59
Camiseta,DC-Norte,Soylent,396,1,3.8,10.16
Cafe,DC-Oeste,Umbrella,398,1,4.0,42.35
Cafe,DC-Oeste,Globex,426,1,13.1,5.29
TV,DC-Sur,Initech,384,1,8.6,3.96
Juguete,DC-Este,Acme,405,2,6.7,17.47
TV,DC-Norte,Initech,420,1,6.7,11.91
Detergente,DC-Oeste,Acme,436,0,2.0,32.0
Detergente,DC-Norte,Acme,423,2,7.1,9.19
TV,DC-Oeste,Soylent,388,4,11.8,32.09
Juguete,DC-Norte,Acme,444,0,4.0,12.34
TV,DC-Centro,Acme,389,0,2.8,18.6
Cafe,DC-Oeste,Umbrella,405,1,2.0,44.66
Pilas,DC-Norte,Initech,394,2,3.3,10.66
Portatil,DC-Este,Umbrella,390,1,2.7,28.1
Leche,DC-Centro,Acme,412,2,7.4,7.46
Portatil,DC-Centro,Soylent,403,2,8.4,14.61
Juguete,DC-Este,Umbrella,404,2,8.7,3.84
Portatil,DC-Norte,Umbrella,446,3,4.7,8.14
Detergente,DC-Sur,Globex,446,1,10.9,5.23
Agua,DC-Este,Acme,394,3,2.0,32.35
Leche,DC-Norte,Soylent,397,2,4.4,48.96
Camiseta,DC-Este,Umbrella,436,2,5.1,9.17
Juguete,DC-Este,Umbrella,420,0,8.7,6.56
Leche,DC-Oeste,Soylent,459,1,2.8,4.26
Portatil,DC-Norte,Acme,465,2,6.3,15.05
Detergente,DC-Sur,Globex,414,1,10.0,7.52
Cereales,DC-Oeste,Umbrella,420,2,9.2,7.85
Pilas,DC-Este,Globex,419,3,4.5,44.87
Camiseta,DC-Este,Initech,442,2,7.8,9.61
Pilas,DC-Este,Acme,410,1,4.7,19.48
Leche,DC-Norte,Initech,424,0,4.8,12.71
Detergente,DC-Norte,Initech,439,2,5.7,4.12
Detergente,DC-Oeste,Initech,410,5,13.8,2.78
Portatil,DC-Sur,Acme,408,4,13.5,17.99
Cafe,DC-Oeste,Acme,418,3,9.9,47.62
Portatil,DC-Centro,Soylent,422,1,3.4,15.67
Cafe,DC-Este,Globex,412,3,9.8,20.07
Cafe,DC-Este,Globex,405,1,5.7,5.91
Camiseta,DC-Este,Soylent,418,5,8.3,27.44
Portatil,DC-Oeste,Soylent,401,1,4.3,27.17
Cereales,DC-Oeste,Initech,437,2,9.0,6.98
TV,DC-Este,Soylent,424,2,9.2,18.85
TV,DC-Oeste,Umbrella,435,3,6.8,2.96
Portatil,DC-Norte,Globex,444,1,8.4,21.74
Portatil,DC-Norte,Soylent,446,0,3.2,7.71
Pilas,DC-Oeste,Umbrella,433,3,8.3,4.56
Camiseta,DC-Este,Umbrella,451,1,4.5,16.81
Portatil,DC-Oeste,Umbrella,399,5,12.1,2.95
Pilas,DC-Oeste,Umbrella,386,0,5.2,16.02
Cafe,DC-Oeste,Initech,413,1,2.7,4.92
Detergente,DC-Centro,Umbrella,422,1,11.9,4.15
Detergente,DC-Norte,Initech,432,0,6.6,12.78
Cafe,DC-Sur,Initech,430,5,9.0,10.61
Juguete,DC-Sur,Umbrella,392,2,6.4,39.07
Pilas,DC-Centro,Globex,438,0,2.8,4.36
Pilas,DC-Oeste,Umbrella,408,1,5.3,36.6
Cafe,DC-Centro,Umbrella,407,2,6.4,4.9
Cereales,DC-Centro,Umbrella,436,3,9.2,25.42
Agua,DC-Este,Globex,385,6,6.8,29.51
Leche,DC-Norte,Acme,390,4,5.3,15.76
Cafe,DC-Sur,Acme,458,2,5.5,6.47
Portatil,DC-Oeste,Initech,439,2,8.9,3.6
Portatil,DC-Sur,Initech,412,3,9.5,2.56
Camiseta,DC-Sur,Globex,447,1,3.7,53.62
Cafe,DC-Norte,Soylent,398,0,6.6,9.61
Camiseta,DC-Sur,Acme,419,2,9.4,5.03
Cafe,DC-Sur,Initech,463,2,13.6,4.88
Pilas,DC-Centro,Acme,422,1,11.8,13.93
Leche,DC-Norte,Globex,380,0,2.9,8.88
Pilas,DC-Este,Globex,433,2,6.2,2.62
Agua,DC-Oeste,Soylent,442,1,2.9,24.33
Detergente,DC-Sur,Soylent,408,4,13.1,15.93
TV,DC-Oeste,Globex,413,1,7.0,53.09
Cafe,DC-Este,Initech,419,1,9.5,30.35
Agua,DC-Oeste,Acme,395,1,3.9,1.02
Detergente,DC-Este,Umbrella,427,1,4.5,37.85
Juguete,DC-Centro,Soylent,442,3,7.6,32.01
Leche,DC-Sur,Umbrella,421,7,11.3,6.76
Camiseta,DC-Este,Initech,398,0,2.4,8.62
Camiseta,DC-Oeste,Soylent,409,2,10.7,16.93
Pilas,DC-Sur,Umbrella,402,2,7.1,5.41
Portatil,DC-Centro,Initech,483,2,2.2,10.03
Detergente,DC-Sur,Acme,439,4,8.9,27.11
Juguete,DC-Este,Initech,408,5,9.2,18.43
Agua,DC-Centro,Soylent,396,1,6.5,7.15
Leche,DC-Oeste,Globex,428,5,4.7,27.61
Detergente,DC-Centro,Acme,460,0,4.0,15.52
Juguete,DC-Centro,Umbrella,397,0,8.0,15.1
TV,DC-Norte,Soylent,443,2,3.1,8.07
Cafe,DC-Centro,Globex,384,6,12.4,12.12
Camiseta,DC-Centro,Initech,414,0,4.1,6.56
Agua,DC-Sur,Globex,429,1,10.1,2.58
Camiseta,DC-Oeste,Soylent,464,0,9.1,9.74
Agua,DC-Sur,Soylent,410,1,7.4,11.05
Pilas,DC-Sur,Globex,375,2,10.5,13.6
Portatil,DC-Este,Initech,393,3,3.7,32.13
Agua,DC-Sur,Globex,411,4,10.2,7.23
Camiseta,DC-Norte,Soylent,439,4,10.0,9.08
Pilas,DC-Norte,Soylent,412,4,10.0,22.49
Agua,DC-Este,Umbrella,396,2,8.2,6.67
TV,DC-Oeste,Umbrella,432,2,3.7,13.78
Portatil,DC-Oeste,Acme,412,2,5.2,8.79
Agua,DC-Sur,Soylent,427,2,10.7,10.03
Pilas,DC-Sur,Umbrella,414,2,5.3,22.34
Detergente,DC-Sur,Globex,452,1,3.7,9.04
Cereales,DC-Oeste,Initech,399,7,17.2,22.93
Juguete,DC-Centro,Globex,443,3,2.5,2.56
Cereales,DC-Norte,Initech,429,1,4.9,3.88
Cereales,DC-Centro,Umbrella,449,4,8.7,1.91
Leche,DC-Centro,Acme,389,3,18.0,4.79
TV,DC-Oeste,Globex,435,3,5.6,53.81
Detergente,DC-Centro,Globex,426,1,5.4,12.01
Cafe,DC-Este,Globex,439,0,6.1,6.84
Agua,DC-Sur,Initech,387,1,3.7,22.79
Juguete,DC-Este,Umbrella,399,1,3.2,25.51
Portatil,DC-Norte,Globex,423,1,10.2,4.59
Detergente,DC-Sur,Globex,430,4,6.6,89.89
Camiseta,DC-Centro,Acme,402,0,2.4,15.2
Cafe,DC-Norte,Acme,444,3,3.6,16.81
Leche,DC-Sur,Umbrella,389,5,13.3,18.13
Leche,DC-Centro,Umbrella,428,3,11.7,18.1
Detergente,DC-Este,Soylent,457,1,4.1,7.41
Pilas,DC-Sur,Acme,423,3,8.1,66.02
Cereales,DC-Centro,Soylent,429,1,2.9,9.7
Camiseta,DC-Este,Initech,412,2,4.9,26.21
Leche,DC-Norte,Soylent,400,7,23.2,8.33
Juguete,DC-Norte,Globex,424,2,7.4,7.23
Leche,DC-Norte,Soylent,433,5,5.0,55.78
Portatil,DC-Norte,Umbrella,424,1,6.0,11.17
Agua,DC-Oeste,Initech,416,1,4.4,11.85
Leche,DC-Sur,Globex,417,0,2.9,15.29
Portatil,DC-Sur,Soylent,414,5,11.8,97.65
Detergente,DC-Oeste,Initech,409,1,2.2,69.06
Detergente,DC-Centro,Initech,447,2,8.7,34.02
Cafe,DC-Centro,Globex,386,0,5.7,119.45
Leche,DC-Norte,Soylent,409,0,11.9,5.72
Juguete,DC-Este,Initech,417,1,5.7,20.59
Leche,DC-Centro,Initech,437,2,6.9,12.94
Juguete,DC-Este,Acme,417,5,5.9,2.96
TV,DC-Sur,Initech,412,2,8.4,17.65
Cafe,DC-Este,Acme,440,0,3.7,8.23
TV,DC-Sur,Soylent,421,3,4.8,41.55
Leche,DC-Oeste,Soylent,406,3,11.6,8.88
Cafe,DC-Oeste,Soylent,458,3,8.9,8.49
TV,DC-Norte,Umbrella,424,1,7.4,41.53
Cereales,DC-Centro,Soylent,420,2,6.9,11.56
Leche,DC-Norte,Initech,412,4,5.2,30.89
TV,DC-Sur,Globex,415,2,5.6,17.11
Cereales,DC-Norte,Acme,376,2,7.4,17.29
Cereales,DC-Este,Umbrella,433,3,9.3,10.02
Detergente,DC-Sur,Soylent,420,4,7.4,18.21
Leche,DC-Oeste,Soylent,435,2,9.1,10.97
Cereales,DC-Centro,Globex,400,2,8.2,6.4
Detergente,DC-Sur,Globex,407,2,2.4,11.21
TV,DC-Sur,Umbrella,428,0,5.2,34.13
Portatil,DC-Este,Acme,441,2,4.9,18.71
Leche,DC-Centro,Soylent,384,1,3.1,22.53
Cafe,DC-Oeste,Umbrella,433,3,8.5,12.2
Juguete,DC-Sur,Initech,421,2,9.9,2.59
Juguete,DC-Sur,Initech,424,1,6.0,4.59
TV,DC-Este,Umbrella,418,1,3.3,9.67
Pilas,DC-Norte,Soylent,430,0,3.4,4.91
Pilas,DC-Oeste,Umbrella,418,1,4.0,8.01
TV,DC-Centro,Soylent,418,0,4.7,7.78
Cereales,DC-Sur,Globex,425,0,5.1,7.97
Leche,DC-Sur,Umbrella,398,5,6.4,38.46
Juguete,DC-Oeste,Soylent,442,4,13.8,11.68
Juguete,DC-Norte,Umbrella,410,5,8.2,25.73
Cereales,DC-Sur,Umbrella,453,2,11.1,13.89
Juguete,DC-Oeste,Soylent,449,1,4.0,37.81
Cafe,DC-Este,Soylent,422,0,4.5,27.57
Leche,DC-Norte,Acme,404,3,6.5,7.59
Agua,DC-Centro,Umbrella,427,3,7.5,58.52
Juguete,DC-Sur,Initech,435,0,4.8,8.47
TV,DC-Oeste,Umbrella,424,4,6.3,14.3
Cafe,DC-Este,Umbrella,415,2,12.8,16.47
Juguete,DC-Centro,Soylent,407,2,4.9,18.01
Cafe,DC-Oeste,Umbrella,410,4,5.1,23.03
Detergente,DC-Oeste,Umbrella,444,2,3.6,6.65
Agua,DC-Centro,Initech,448,6,12.0,21.54
Camiseta,DC-Este,Soylent,446,0,2.4,19.39
TV,DC-Este,Umbrella,448,1,7.0,12.19
TV,DC-Norte,Globex,409,1,6.5,10.47
Leche,DC-Sur,Acme,461,1,4.3,6.38
Cafe,DC-Centro,Initech,411,2,4.0,17.89
Cereales,DC-Centro,Umbrella,414,0,4.8,7.18
TV,DC-Centro,Globex,416,2,4.3,14.74
Cafe,DC-Este,Umbrella,453,1,3.9,11.23
Cafe,DC-Sur,Umbrella,418,1,6.3,4.19
Portatil,DC-Norte,Soylent,405,2,4.1,5.77
Portatil,DC-Oeste,Soylent,436,2,7.1,16.84
Camiseta,DC-Oeste,Soylent,425,4,8.0,8.01
Detergente,DC-Centro,Globex,421,0,5.4,7.79
Camiseta,DC-Sur,Umbrella,423,3,6.2,6.61
Juguete,DC-Este,Acme,392,1,12.0,6.79
Cereales,DC-Sur,Initech,422,1,8.6,45.34
Juguete,DC-Sur,Soylent,422,1,3.1,4.97
Pilas,DC-Este,Soylent,419,4,9.7,39.58
Juguete,DC-Centro,Umbrella,423,3,15.4,9.35
Leche,DC-Sur,Umbrella,409,2,9.4,7.22
Juguete,DC-Oeste,Globex,400,2,6.1,16.56
Camiseta,DC-Este,Globex,415,1,8.9,12.71
TV,DC-Norte,Soylent,411,4,8.8,10.4
TV,DC-Centro,Umbrella,406,4,9.8,14.53
Portatil,DC-Este,Acme,377,0,5.6,12.55
Cereales,DC-Norte,Initech,436,1,2.9,10.25
Cereales,DC-Norte,Umbrella,441,2,5.0,25.75
Leche,DC-Sur,Umbrella,456,1,7.0,3.83
Camiseta,DC-Sur,Globex,392,4,11.5,5.86
Portatil,DC-Sur,Initech,394,1,9.2,6.48
Pilas,DC-Este,Soylent,419,2,5.7,5.23
Cereales,DC-Este,Umbrella,419,1,6.2,13.05
TV,DC-Centro,Soylent,413,1,1.9,18.25
Juguete,DC-Sur,Umbrella,433,1,6.5,2.53
Juguete,DC-Norte,Soylent,408,0,3.4,8.34
Portatil,DC-Oeste,Initech,394,6,15.4,9.42
Camiseta,DC-Centro,Globex,438,0,3.5,9.69
Camiseta,DC-Este,Initech,385,0,1.8,4.36
Detergente,DC-Centro,Acme,440,1,4.6,9.48
Agua,DC-Centro,Globex,453,2,11.3,5.88
Cereales,DC-Centro,Initech,431,4,6.3,9.32
Camiseta,DC-Centro,Acme,438,3,7.5,3.08
TV,DC-Oeste,Umbrella,439,0,3.8,9.37
Portatil,DC-Sur,Umbrella,403,2,5.5,6.85
Pilas,DC-Norte,Soylent,397,2,7.6,9.88
Detergente,DC-Centro,Globex,402,3,4.3,15.5
Cafe,DC-Centro,Umbrella,400,2,8.7,11.75
Leche,DC-Centro,Globex,442,2,4.8,22.98
Pilas,DC-Sur,Umbrella,443,1,3.9,9.13
Cafe,DC-Este,Soylent,405,2,8.6,19.99
Juguete,DC-Este,Initech,448,1,4.5,29.96
Leche,DC-Oeste,Soylent,426,1,7.1,15.17
Cereales,DC-Este,Acme,406,3,6.5,11.98
TV,DC-Centro,Umbrella,387,3,9.7,16.97
Leche,DC-Centro,Acme,420,4,6.8,15.6
Agua,DC-Centro,Acme,417,1,7.9,27.14
Cafe,DC-Oeste,Globex,421,1,2.2,22.99
Cereales,DC-Centro,Umbrella,433,7,14.7,23.21
Agua,DC-Este,Acme,468,3,7.7,12.62
Juguete,DC-Sur,Initech,410,3,6.6,16.01
Agua,DC-Sur,Acme,424,1,2.5,15.77
Detergente,DC-Norte,Initech,412,3,12.4,4.64
Detergente,DC-Este,Globex,423,2,5.9,28.65
Portatil,DC-Centro,Acme,415,2,10.2,3.2
Pilas,DC-Sur,Soylent,447,1,4.9,21.54
Pilas,DC-Este,Globex,432,1,5.9,15.08
Cereales,DC-Sur,Initech,406,1,2.8,9.7
Juguete,DC-Centro,Globex,424,3,8.8,16.66
Camiseta,DC-Sur,Acme,461,1,5.9,17.03
Detergente,DC-Norte,Umbrella,387,2,10.7,4.28
Cereales,DC-Norte,Umbrella,415,6,6.3,37.82
Camiseta,DC-Sur,Initech,374,1,11.0,12.91
Pilas,DC-Este,Initech,438,1,11.4,77.62
Portatil,DC-Este,Umbrella,408,1,6.2,22.92
Agua,DC-Este,Initech,444,4,4.6,12.67
Detergente,DC-Sur,Globex,406,2,1.9,7.01
Cereales,DC-Este,Soylent,405,1,3.9,11.15
Leche,DC-Centro,Soylent,425,7,18.1,13.73
Camiseta,DC-Norte,Globex,425,1,5.2,39.34
Agua,DC-Centro,Soylent,440,2,2.2,32.5
Detergente,DC-Este,Acme,392,0,2.8,17.48
Pilas,DC-Centro,Globex,422,0,5.8,50.17
Juguete,DC-Este,Initech,409,0,3.8,2.43
Camiseta,DC-Sur,Globex,436,2,6.6,17.64
Pilas,DC-Centro,Umbrella,365,2,3.4,33.27
Detergente,DC-Sur,Initech,434,1,5.8,18.88
Camiseta,DC-Sur,Umbrella,412,8,16.1,4.19
Agua,DC-Oeste,Initech,434,1,5.1,37.02
Detergente,DC-Este,Soylent,415,1,5.9,22.4
Cafe,DC-Norte,Globex,422,1,5.7,16.03
Cereales,DC-Este,Acme,398,3,6.9,13.07
Agua,DC-Norte,Initech,431,4,8.0,60.04
Camiseta,DC-Este,Initech,432,2,7.2,17.39
Juguete,DC-Sur,Umbrella,395,2,6.7,10.04
Pilas,DC-Centro,Soylent,421,1,5.7,6.37
Leche,DC-Centro,Umbrella,410,3,9.1,22.33
Pilas,DC-Oeste,Umbrella,425,4,3.7,26.82
Camiseta,DC-Norte,Soylent,417,0,4.9,12.75
Pilas,DC-Norte,Acme,439,2,2.8,7.8
Cereales,DC-Norte,Umbrella,449,2,7.7,35.31
Detergente,DC-Sur,Umbrella,415,2,8.9,5.99
Leche,DC-Norte,Initech,450,3,3.9,58.88
TV,DC-Centro,Soylent,445,2,8.2,6.77
Camiseta,DC-Sur,Globex,445,0,2.3,4.38
Portatil,DC-Este,Acme,399,0,3.7,4.85
TV,DC-Norte,Acme,415,0,3.5,5.01
Pilas,DC-Norte,Soylent,409,3,7.0,10.08
Camiseta,DC-Este,Initech,408,2,4.8,8.38
Cafe,DC-Norte,Initech,417,1,1.4,27.65
Portatil,DC-Este,Soylent,435,8,20.8,24.67
Leche,DC-Sur,Initech,436,0,5.1,10.19
Juguete,DC-Centro,Acme,435,0,5.5,145.87
Cafe,DC-Este,Acme,394,3,11.7,10.08
TV,DC-Oeste,Globex,440,5,4.1,11.21
Detergente,DC-Este,Soylent,381,2,5.6,4.38
Cereales,DC-Norte,Umbrella,445,2,11.1,11.42
Juguete,DC-Sur,Umbrella,405,3,5.0,15.45
Cafe,DC-Sur,Globex,421,1,2.6,4.72
Detergente,DC-Este,Globex,403,0,11.7,8.17
Detergente,DC-Centro,Initech,409,3,6.7,15.83
Camiseta,DC-Oeste,Globex,411,1,6.3,8.01
Cafe,DC-Sur,Globex,384,2,12.1,6.77
Leche,DC-Norte,Umbrella,402,1,6.5,22.78
Pilas,DC-Norte,Initech,439,1,3.7,4.37
Portatil,DC-Centro,Globex,435,3,9.7,5.1
Portatil,DC-Sur,Globex,411,1,5.4,14.04
TV,DC-Este,Initech,408,1,5.5,23.97
TV,DC-Norte,Soylent,435,6,16.5,15.56
Portatil,DC-Centro,Initech,408,6,8.5,10.18
Leche,DC-Sur,Umbrella,422,3,6.5,9.54
Cereales,DC-Sur,Soylent,451,3,14.0,27.34
Agua,DC-Sur,Acme,403,0,3.1,24.22
Pilas,DC-Sur,Initech,441,1,6.2,12.68
Cereales,DC-Sur,Umbrella,415,0,4.9,9.76
Camiseta,DC-Norte,Soylent,416,1,4.3,12.53
Agua,DC-Centro,Initech,407,3,7.8,6.81
Agua,DC-Sur,Globex,384,2,4.9,10.8
Cafe,DC-Oeste,Initech,416,3,7.4,8.23
Leche,DC-Oeste,Acme,388,1,5.9,11.24
Leche,DC-Centro,Initech,388,1,5.8,8.47
Agua,DC-Este,Soylent,440,2,4.2,18.53
Cafe,DC-Este,Soylent,403,4,17.0,23.45
Pilas,DC-Este,Initech,411,0,3.5,8.99
Agua,DC-Oeste,Soylent,424,1,4.9,6.36
Juguete,DC-Este,Globex,460,2,9.9,21.53
TV,DC-Norte,Initech,392,0,5.5,14.12
TV,DC-Sur,Globex,445,3,7.2,9.08
Cereales,DC-Oeste,Globex,415,5,9.8,36.61
Camiseta,DC-Centro,Umbrella,423,1,6.1,7.75
TV,DC-Centro,Initech,387,0,1.3,2.47
Detergente,DC-Sur,Soylent,417,3,6.5,6.91
Cereales,DC-Oeste,Globex,407,1,8.5,44.47
TV,DC-Este,Umbrella,397,2,7.9,9.45
Camiseta,DC-Este,Initech,407,0,4.2,8.07
Leche,DC-Norte,Initech,451,3,13.1,12.44
Leche,DC-Norte,Acme,403,1,2.6,27.35
Pilas,DC-Este,Acme,410,3,5.5,11.4
Agua,DC-Centro,Globex,446,1,9.0,19.55
Juguete,DC-Centro,Acme,398,1,3.5,10.47
Leche,DC-Norte,Globex,407,0,2.2,19.68
Cafe,DC-Sur,Soylent,417,9,20.2,14.07
TV,DC-Este,Globex,377,7,9.7,8.86
Cafe,DC-Norte,Acme,419,3,7.8,14.98
Camiseta,DC-Norte,Soylent,409,1,4.4,7.89
Leche,DC-Este,Acme,439,3,6.3,4.04
Juguete,DC-Este,Globex,423,2,4.5,11.99
Camiseta,DC-Centro,Umbrella,408,4,10.5,4.34
Detergente,DC-Sur,Initech,409,0,9.2,19.65
Detergente,DC-Sur,Acme,409,1,6.9,11.82
Cafe,DC-Este,Globex,421,3,8.5,38.04
Agua,DC-Oeste,Soylent,391,2,7.4,9.35
Cereales,DC-Norte,Acme,418,4,3.7,11.99
Agua,DC-Norte,Acme,439,1,2.6,3.76
Pilas,DC-Este,Initech,416,5,9.1,5.04
Agua,DC-Oeste,Globex,409,2,10.4,3.18
Pilas,DC-Centro,Umbrella,376,3,4.5,28.85
Pilas,DC-Este,Soylent,439,4,14.9,8.43
Juguete,DC-Este,Globex,394,5,6.7,35.22
Leche,DC-Norte,Soylent,458,0,2.2,1.43
Juguete,DC-Este,Acme,433,3,8.6,42.03
Pilas,DC-Este,Initech,421,7,18.5,11.54
Camiseta,DC-Este,Initech,477,1,6.0,15.99
Detergente,DC-Norte,Umbrella,440,2,7.4,5.21
Pilas,DC-Centro,Initech,402,8,14.9,18.58
Juguete,DC-Centro,Acme,414,0,2.2,9.03
Camiseta,DC-Este,Umbrella,387,1,2.8,4.69
Juguete,DC-Norte,Globex,454,0,6.8,4.64
Agua,DC-Centro,Initech,397,2,4.6,4.57
TV,DC-Centro,Umbrella,427,2,6.8,16.51
Cafe,DC-Centro,Acme,398,1,4.0,7.33
Cereales,DC-Norte,Soylent,387,1,12.6,3.28
Juguete,DC-Norte,Soylent,400,3,8.9,16.37
Cereales,DC-Este,Acme,417,0,8.3,2.14
Portatil,DC-Sur,Acme,383,0,6.0,35.28
Juguete,DC-Centro,Soylent,438,2,5.6,59.69
TV,DC-Sur,Umbrella,410,0,3.3,4.26
Cereales,DC-Norte,Soylent,406,2,13.0,28.27
Pilas,DC-Norte,Acme,428,3,8.2,16.11
Juguete,DC-Norte,Initech,385,0,5.1,8.17
Leche,DC-Sur,Globex,408,2,9.4,8.48
Cafe,DC-Norte,Initech,399,1,9.3,20.56
TV,DC-Este,Initech,470,3,8.0,11.8
Cereales,DC-Norte,Acme,386,5,14.4,1.53
TV,DC-Oeste,Soylent,411,4,11.4,63.97
Camiseta,DC-Sur,Umbrella,416,2,9.1,17.23
Cafe,DC-Oeste,Initech,400,0,5.5,11.69
Pilas,DC-Norte,Soylent,406,0,5.3,6.86
Juguete,DC-Este,Umbrella,401,3,11.4,10.47
Juguete,DC-Centro,Initech,418,6,12.3,33.63
Juguete,DC-Norte,Umbrella,458,5,19.6,15.02
Cafe,DC-Este,Soylent,412,1,6.6,16.45
Leche,DC-Sur,Globex,420,0,6.7,4.48
Portatil,DC-Oeste,Soylent,450,1,3.2,9.21
Detergente,DC-Oeste,Acme,413,5,14.4,12.69
Agua,DC-Oeste,Umbrella,450,3,7.9,21.27
Cereales,DC-Sur,Globex,415,6,14.8,8.74
Leche,DC-Este,Umbrella,401,1,3.0,25.59
Pilas,DC-Sur,Umbrella,428,0,6.0,4.88
Cereales,DC-Oeste,Initech,376,1,5.7,12.88
Juguete,DC-Norte,Acme,439,3,9.4,11.27
TV,DC-Centro,Umbrella,419,3,7.6,3.62
Pilas,DC-Sur,Soylent,402,3,8.4,11.73
Cereales,DC-Sur,Soylent,398,2,4.6,7.64
Juguete,DC-Este,Initech,452,3,7.8,37.75
Cereales,DC-Este,Acme,415,5,9.3,8.77
TV,DC-Sur,Acme,374,2,6.4,16.13
Juguete,DC-Oeste,Soylent,424,2,5.0,4.55
Portatil,DC-Centro,Globex,368,0,3.6,14.72
Leche,DC-Este,Initech,429,4,10.3,8.74
Camiseta,DC-Oeste,Initech,428,4,7.9,6.55
Agua,DC-Norte,Soylent,388,7,20.5,117.58
Cafe,DC-Este,Soylent,394,5,11.2,9.18
Agua,DC-Oeste,Globex,419,1,2.9,10.28
Pilas,DC-Oeste,Globex,436,0,3.0,25.07
Agua,DC-Centro,Acme,409,3,9.4,6.59
Juguete,DC-Centro,Initech,446,1,9.5,16.82
Portatil,DC-Norte,Initech,373,4,6.1,18.32
Camiseta,DC-Oeste,Soylent,436,4,10.2,14.82
Leche,DC-Oeste,Acme,403,1,7.9,76.48
Leche,DC-Centro,Initech,418,1,7.0,6.4
TV,DC-Este,Acme,412,4,11.1,41.68
Cafe,DC-Este,Acme,430,0,1.8,17.77
Cereales,DC-Sur,Soylent,469,1,13.8,25.22
Portatil,DC-Centro,Acme,414,5,16.7,16.01
Cereales,DC-Sur,Globex,428,1,3.1,54.74
Camiseta,DC-Centro,Globex,393,1,9.5,9.43
Agua,DC-Norte,Umbrella,412,2,3.7,18.13
Leche,DC-Oeste,Soylent,418,3,4.5,34.62
Camiseta,DC-Norte,Umbrella,426,2,4.6,7.79
Agua,DC-Centro,Globex,415,4,7.9,27.12
Leche,DC-Oeste,Umbrella,416,1,7.5,12.0
Agua,DC-Este,Soylent,441,1,5.7,4.54
Cafe,DC-Este,Soylent,367,0,2.3,3.81
Portatil,DC-Sur,Acme,422,2,5.0,11.33
Pilas,DC-Centro,Initech,442,7,13.8,26.92
Camiseta,DC-Centro,Acme,408,4,9.5,2.31
Camiseta,DC-Este,Soylent,418,2,3.8,14.3
Detergente,DC-Norte,Globex,404,2,7.1,24.88
Juguete,DC-Oeste,Globex,386,1,5.8,4.38
Cafe,DC-Norte,Acme,425,4,14.4,7.34
Cafe,DC-Norte,Soylent,453,0,5.8,19.26
Cereales,DC-Este,Globex,427,0,3.2,24.02
Agua,DC-Este,Soylent,400,2,5.7,43.96
Juguete,DC-Este,Globex,436,4,14.5,7.62
Portatil,DC-Sur,Soylent,413,4,11.5,6.34
Portatil,DC-Norte,Umbrella,401,2,6.8,45.7
Cafe,DC-Centro,Soylent,440,0,3.7,6.66
Portatil,DC-Oeste,Soylent,400,3,9.3,18.28
Detergente,DC-Sur,Acme,445,1,3.4,69.86
Camiseta,DC-Centro,Umbrella,385,2,7.5,22.25
TV,DC-Norte,Initech,435,4,8.9,22.8
Pilas,DC-Este,Acme,438,1,3.1,33.87
Cereales,DC-Norte,Initech,420,2,5.8,18.54
Agua,DC-Oeste,Globex,396,4,7.9,22.88
Pilas,DC-Sur,Initech,407,4,8.5,9.26
Agua,DC-Sur,Soylent,425,4,8.7,30.81
Leche,DC-Oeste,Initech,442,1,4.4,16.96
Pilas,DC-Centro,Acme,417,0,5.0,3.73
TV,DC-Centro,Acme,430,1,5.1,14.8
Cafe,DC-Sur,Initech,414,0,1.6,2.15
Detergente,DC-Sur,Acme,413,6,12.5,21.57
Camiseta,DC-Este,Acme,419,2,5.9,10.11
Camiseta,DC-Centro,Initech,421,1,10.7,55.95
Detergente,DC-Oeste,Umbrella,419,2,11.0,18.02
Juguete,DC-Centro,Umbrella,393,3,16.5,25.52
Leche,DC-Este,Globex,404,1,3.5,5.26
Agua,DC-Sur,Acme,452,3,8.1,21.07
TV,DC-Sur,Initech,421,3,6.0,7.3
Portatil,DC-Este,Acme,437,4,6.5,29.15
Pilas,DC-Oeste,Soylent,426,1,8.9,4.98
Leche,DC-Sur,Acme,420,1,4.5,13.3
Pilas,DC-Norte,Acme,399,1,5.5,4.82
TV,DC-Sur,Umbrella,416,0,1.9,13.47
Cereales,DC-Norte,Initech,384,3,4.6,61.44
Cereales,DC-Este,Acme,399,5,14.5,21.69
Leche,DC-Este,Umbrella,428,4,9.3,11.87
Cafe,DC-Sur,Globex,434,3,8.8,1.7
TV,DC-Centro,Umbrella,436,0,9.6,7.94
TV,DC-Norte,Umbrella,419,0,6.3,17.81
Detergente,DC-Oeste,Umbrella,427,3,11.0,8.1
Cafe,DC-Sur,Acme,387,2,4.5,38.16
Agua,DC-Oeste,Acme,455,1,5.8,12.9
Agua,DC-Sur,Globex,394,2,5.8,28.87
Portatil,DC-Centro,Soylent,425,5,11.4,14.35
Camiseta,DC-Centro,Soylent,371,1,4.4,9.77
Cereales,DC-Centro,Soylent,449,2,5.5,8.36
Agua,DC-Centro,Globex,426,1,4.8,5.42
Cafe,DC-Este,Soylent,382,5,14.1,29.29
TV,DC-Este,Soylent,404,4,11.0,8.65
Agua,DC-Norte,Umbrella,415,6,8.2,18.5
TV,DC-Oeste,Acme,454,2,9.6,8.0
Agua,DC-Sur,Acme,400,1,3.8,5.12
Cereales,DC-Sur,Umbrella,452,1,8.7,18.99
Pilas,DC-Este,Umbrella,381,1,7.7,6.7
Agua,DC-Sur,Umbrella,424,2,4.3,8.84
Cafe,DC-Este,Acme,393,2,2.7,4.49
Agua,DC-Norte,Soylent,447,2,6.8,8.21
Camiseta,DC-Oeste,Umbrella,419,1,6.5,12.42
Cereales,DC-Norte,Globex,407,0,2.5,9.68
Cafe,DC-Centro,Umbrella,463,2,7.4,23.44
Detergente,DC-Centro,Initech,418,2,9.3,13.69
Cafe,DC-Centro,Umbrella,397,2,10.8,144.01
Camiseta,DC-Norte,Acme,434,3,6.1,17.11
Pilas,DC-Sur,Umbrella,427,0,7.3,3.04
Cereales,DC-Oeste,Initech,394,3,10.7,10.27
Detergente,DC-Centro,Globex,406,3,6.3,11.01
Camiseta,DC-Centro,Soylent,433,1,4.4,7.46
Camiseta,DC-Centro,Umbrella,402,1,4.4,12.91
Leche,DC-Oeste,Initech,427,4,9.8,7.28
Cereales,DC-Centro,Initech,449,3,7.2,15.9
Cafe,DC-Oeste,Globex,441,1,5.4,2.65
TV,DC-Centro,Acme,418,1,4.2,30.43
Pilas,DC-Norte,Umbrella,425,3,5.4,3.45
TV,DC-Norte,Initech,415,3,6.9,9.87
Cafe,DC-Oeste,Globex,432,3,13.7,6.78
Cafe,DC-Norte,Soylent,418,2,11.6,15.56
Cereales,DC-Oeste,Initech,404,2,14.7,10.52
Cafe,DC-Norte,Globex,448,0,4.9,14.9
Leche,DC-Norte,Acme,435,1,2.3,29.63
Detergente,DC-Oeste,Acme,437,0,5.8,22.53
Cafe,DC-Sur,Initech,420,2,8.6,12.54
TV,DC-Norte,Initech,415,3,7.5,17.59
Cafe,DC-Centro,Umbrella,437,5,19.4,58.44
Leche,DC-Sur,Globex,455,4,9.6,23.18
Agua,DC-Oeste,Initech,413,2,4.7,9.63
Agua,DC-Sur,Umbrella,426,2,11.7,33.86
Camiseta,DC-Este,Umbrella,419,1,2.7,16.66
Pilas,DC-Este,Initech,399,2,5.1,5.64
Portatil,DC-Norte,Acme,422,1,5.4,10.54
Detergente,DC-Norte,Globex,464,2,12.1,3.75
Juguete,DC-Centro,Globex,395,2,7.8,1.96
Camiseta,DC-Sur,Acme,392,3,4.3,5.7
Pilas,DC-Este,Initech,399,1,3.4,13.44
Agua,DC-Norte,Globex,415,1,8.4,13.47
TV,DC-Sur,Initech,439,7,19.1,3.94
Juguete,DC-Norte,Initech,398,1,6.0,1.82
Pilas,DC-Norte,Umbrella,420,1,2.5,39.51
Pilas,DC-Este,Acme,426,4,9.9,13.15
Camiseta,DC-Este,Initech,404,2,8.3,42.29
Juguete,DC-Norte,Soylent,408,2,5.0,40.4
Cereales,DC-Oeste,Acme,416,1,3.2,21.93
Portatil,DC-Norte,Globex,417,2,4.7,12.77
Cereales,DC-Norte,Umbrella,422,1,6.5,8.86
Juguete,DC-Centro,Globex,418,3,5.7,21.65
Cereales,DC-Centro,Globex,446,3,3.4,10.72
Leche,DC-Centro,Acme,416,0,3.2,7.6
Agua,DC-Oeste,Globex,451,1,4.3,2.27
Leche,DC-Oeste,Initech,422,2,9.0,11.4
Cafe,DC-Norte,Globex,445,2,5.5,29.29
Cereales,DC-Centro,Umbrella,440,4,10.6,33.36
Cafe,DC-Oeste,Umbrella,453,0,5.0,12.71
TV,DC-Este,Soylent,451,5,9.6,5.98
Detergente,DC-Norte,Umbrella,423,1,9.4,25.08
TV,DC-Sur,Globex,417,3,5.4,12.03
Juguete,DC-Norte,Umbrella,400,4,14.9,9.09
Pilas,DC-Sur,Acme,385,2,9.8,3.8
Agua,DC-Centro,Umbrella,413,2,11.3,65.56
Cereales,DC-Sur,Initech,411,1,9.6,21.99
Camiseta,DC-Centro,Acme,447,2,5.4,23.97
Detergente,DC-Este,Soylent,389,4,13.9,6.11
Portatil,DC-Sur,Initech,426,1,10.2,12.99
Portatil,DC-Norte,Globex,377,1,7.1,11.41
Portatil,DC-Centro,Globex,427,1,11.0,22.78
Cereales,DC-Norte,Globex,420,5,11.7,36.15
Portatil,DC-Oeste,Initech,407,4,10.8,3.87
Leche,DC-Centro,Initech,443,0,6.1,5.16
Detergente,DC-Sur,Initech,385,1,3.6,20.42
Leche,DC-Centro,Acme,420,1,9.7,8.11
Pilas,DC-Norte,Acme,419,4,7.2,23.38
Detergente,DC-Este,Globex,428,2,3.6,9.04
Leche,DC-Centro,Umbrella,416,3,6.8,4.49
Detergente,DC-Sur,Globex,448,4,8.0,2.98
Pilas,DC-Oeste,Soylent,453,3,7.0,17.94
Cafe,DC-Este,Acme,408,4,8.3,18.3
Cereales,DC-Oeste,Initech,421,2,5.2,26.47
Cereales,DC-Centro,Acme,412,1,5.8,15.84
Portatil,DC-Norte,Initech,429,2,8.9,0.6
TV,DC-Norte,Soylent,465,0,1.4,18.22
Portatil,DC-Sur,Soylent,422,1,3.4,3.8
Juguete,DC-Norte,Acme,432,2,11.7,2.73
Leche,DC-Este,Initech,400,1,6.0,2.48
Detergente,DC-Norte,Soylent,434,3,9.6,2.31
TV,DC-Sur,Globex,424,2,8.7,15.23
Pilas,DC-Centro,Globex,421,2,7.2,6.79
Juguete,DC-Centro,Initech,403,4,5.9,3.61
Pilas,DC-Norte,Acme,406,3,8.0,12.41
Cereales,DC-Oeste,Soylent,422,3,7.1,5.03
Cereales,DC-Centro,Acme,414,1,2.9,26.71
Portatil,DC-Norte,Globex,419,1,2.5,38.87
Leche,DC-Sur,Soylent,406,1,7.6,10.24
TV,DC-Norte,Acme,418,2,3.9,36.66
Agua,DC-Centro,Umbrella,461,2,10.7,36.62
Juguete,DC-Sur,Initech,370,0,2.5,13.04
Juguete,DC-Norte,Initech,422,4,10.1,48.75
Portatil,DC-Este,Umbrella,463,1,9.5,7.41
Cereales,DC-Sur,Globex,447,1,6.7,2.55
Portatil,DC-Este,Soylent,417,0,2.0,3.51
Detergente,DC-Oeste,Initech,444,0,5.6,7.14
TV,DC-Sur,Umbrella,413,1,9.1,18.68
Leche,DC-Este,Umbrella,424,0,1.7,4.84
Cafe,DC-Centro,Globex,450,3,9.5,7.09
Camiseta,DC-Centro,Globex,428,2,3.5,4.48
Camiseta,DC-Oeste,Acme,426,0,2.7,7.23
Portatil,DC-Sur,Initech,385,5,9.4,35.66
Detergente,DC-Sur,Acme,414,1,5.7,16.22
TV,DC-Sur,Umbrella,388,2,7.8,7.68
Agua,DC-Oeste,Soylent,423,1,6.8,32.34
Camiseta,DC-Sur,Soylent,410,2,5.2,12.44
TV,DC-Centro,Globex,416,0,2.1,13.56
Leche,DC-Este,Soylent,422,3,8.3,30.39
Pilas,DC-Centro,Soylent,380,4,9.3,9.26
Detergente,DC-Centro,Soylent,449,2,7.5,25.36
Cereales,DC-Este,Umbrella,405,3,8.0,23.95
TV,DC-Centro,Soylent,431,4,6.9,10.84
Leche,DC-Oeste,Soylent,414,1,5.6,3.99
Agua,DC-Este,Soylent,402,3,11.6,12.31
Cafe,DC-Centro,Acme,483,5,12.2,30.26
Cereales,DC-Norte,Umbrella,426,5,15.0,23.47
Cafe,DC-Centro,Globex,417,0,2.4,47.86
Agua,DC-Oeste,Acme,441,4,13.6,8.23
Leche,DC-Sur,Initech,422,2,7.0,22.72
Camiseta,DC-Centro,Umbrella,399,1,4.8,5.45
Cafe,DC-Sur,Umbrella,433,0,3.3,14.31
Cereales,DC-Norte,Initech,431,5,9.3,29.5
Portatil,DC-Centro,Initech,415,3,8.2,25.16
Juguete,DC-Este,Initech,412,2,7.8,13.23
TV,DC-Sur,Globex,409,3,8.3,9.83
Camiseta,DC-Norte,Soylent,430,4,8.8,5.5
Cafe,DC-Este,Umbrella,418,3,15.0,10.17
Pilas,DC-Este,Soylent,402,1,7.4,4.27
TV,DC-Este,Soylent,450,3,8.7,9.26
Portatil,DC-Este,Initech,403,2,5.2,2.87
Agua,DC-Centro,Globex,394,2,16.1,4.24
Juguete,DC-Centro,Acme,384,3,2.6,24.1
Leche,DC-Centro,Globex,428,3,11.9,22.05
Portatil,DC-Norte,Soylent,432,2,7.6,9.67
Portatil,DC-Norte,Globex,405,1,5.9,12.83
Agua,DC-Norte,Initech,392,0,3.4,14.28
Detergente,DC-Oeste,Acme,416,4,9.4,17.61
Agua,DC-Norte,Initech,426,3,4.2,16.16
Detergente,DC-Centro,Acme,414,3,11.0,4.18
Detergente,DC-Centro,Soylent,405,4,6.1,1.73
Camiseta,DC-Oeste,Acme,412,2,2.8,5.4
Camiseta,DC-Oeste,Acme,412,2,7.0,10.77
Cereales,DC-Norte,Acme,413,2,6.6,26.26
Cafe,DC-Sur,Globex,429,3,11.1,14.69
Cafe,DC-Oeste,Globex,410,3,9.7,18.68
Leche,DC-Este,Soylent,421,0,3.2,5.94
Cafe,DC-Centro,Acme,420,4,10.1,11.51
Camiseta,DC-Este,Umbrella,417,0,5.1,12.84
Cereales,DC-Centro,Soylent,395,2,4.9,6.66
Cereales,DC-Centro,Acme,420,4,9.1,5.18
Detergente,DC-Oeste,Acme,430,1,4.8,10.16
Agua,DC-Oeste,Globex,440,3,12.9,20.68
Leche,DC-Este,Soylent,414,1,2.7,5.91
Detergente,DC-Centro,Acme,424,2,6.5,10.31
Agua,DC-Este,Acme,385,1,6.6,36.02
Cafe,DC-Sur,Soylent,444,1,3.7,8.04
Detergente,DC-Este,Umbrella,430,1,5.3,12.25
