usuario,sector,anios_exp,conexiones,publicaciones,visualizaciones_perfil,premium
U00001,Retail,8.8,669,16,261,0
U00002,Marketing,10.1,908,17,184,0
U00003,Educacion,2.6,239,8,112,0
U00004,Retail,22.0,1538,38,428,1
U00005,Salud,7.1,645,11,160,1
U00006,Educacion,12.4,1488,11,218,0
U00007,Educacion,29.6,1893,51,548,1
U00008,Retail,10.6,1329,15,247,1
U00009,Finanzas,14.5,988,26,262,0
U00010,Salud,5.0,666,9,130,0
U00011,Retail,12.9,966,20,222,1
U00012,Salud,0.8,218,1,23,0
U00013,Salud,16.2,1035,30,322,0
U00014,Educacion,4.1,610,5,134,0
U00015,Marketing,3.1,676,6,102,0
U00016,Salud,6.8,763,12,177,0
U00017,Consultoria,12.5,888,21,289,0
U00018,Educacion,6.8,592,14,169,0
U00019,Finanzas,3.5,422,8,154,0
U00020,Marketing,10.6,1022,15,235,0
U00021,Consultoria,4.2,786,6,129,0
U00022,Consultoria,6.8,608,12,137,0
U00023,Finanzas,4.6,313,7,76,1
U00024,Marketing,8.4,540,15,165,0
U00025,Educacion,7.0,547,9,122,0
U00026,Tech,8.4,980,12,172,0
U00027,Marketing,30.0,2171,48,543,1
U00028,Finanzas,3.2,594,9,119,0
U00029,Consultoria,17.2,1166,28,334,0
U00030,Educacion,0.5,202,6,154,0
U00031,Marketing,3.0,646,10,141,0
U00032,Tech,8.7,1236,16,228,0
U00033,Tech,6.8,881,6,184,1
U00034,Salud,10.6,1109,17,248,1
U00035,Salud,5.9,483,5,82,0
U00036,Retail,7.2,822,13,247,0
U00037,Finanzas,7.1,498,11,151,0
U00038,Marketing,7.7,983,13,173,0
U00039,Marketing,8.1,804,14,159,0
U00040,Retail,6.9,613,5,88,0
U00041,Consultoria,5.9,377,8,120,0
U00042,Consultoria,6.5,584,14,155,1
U00043,Retail,8.9,780,14,167,0
U00044,Consultoria,9.0,805,12,216,0
U00045,Salud,4.7,483,10,143,0
U00046,Marketing,3.7,380,7,83,0
U00047,Retail,1.8,225,4,97,0
U00048,Marketing,20.8,1962,32,358,1
U00049,Tech,2.8,1018,3,112,0
U00050,Salud,4.1,536,5,100,0
U00051,Educacion,12.2,857,22,352,0
U00052,Salud,2.4,239,6,127,0
U00053,Retail,5.1,506,12,153,0
U00054,Educacion,13.8,1657,21,310,1
U00055,Tech,7.4,744,15,162,0
U00056,Retail,25.0,2056,36,424,0
U00057,Finanzas,11.6,1245,19,233,0
U00058,Marketing,2.7,561,4,96,0
U00059,Tech,8.1,574,12,129,0
U00060,Marketing,1.9,664,8,150,0
U00061,Consultoria,10.8,726,17,218,1
U00062,Finanzas,5.4,454,4,123,0
U00063,Finanzas,10.6,946,23,254,1
U00064,Tech,19.4,1348,34,393,1
U00065,Finanzas,18.9,1442,36,467,1
U00066,Educacion,6.8,482,7,106,1
U00067,Finanzas,12.5,880,30,293,0
U00068,Marketing,5.9,741,9,161,0
U00069,Marketing,8.7,1781,22,289,0
U00070,Retail,2.1,763,2,67,0
U00071,Marketing,4.2,303,8,95,0
U00072,Retail,10.9,853,21,219,0
U00073,Marketing,1.7,250,5,66,0
U00074,Educacion,8.1,730,9,152,1
U00075,Retail,8.5,817,15,205,0
U00076,Salud,11.2,828,21,226,0
U00077,Consultoria,2.1,628,4,193,0
U00078,Tech,1.8,672,3,93,0
U00079,Marketing,13.9,1377,27,326,0
U00080,Finanzas,8.5,621,19,231,0
U00081,Marketing,6.0,679,18,196,0
U00082,Finanzas,2.1,635,6,142,0
U00083,Consultoria,5.7,787,12,142,0
U00084,Consultoria,3.2,616,6,91,0
U00085,Consultoria,13.5,1455,20,251,1
U00086,Finanzas,2.6,327,2,71,0
U00087,Marketing,6.5,432,8,96,0
U00088,Consultoria,12.6,953,24,250,1
U00089,Educacion,11.2,878,17,265,0
U00090,Retail,5.5,1473,6,200,0
U00091,Finanzas,11.3,823,21,219,0
U00092,Finanzas,12.6,1311,24,274,1
U00093,Marketing,8.3,1500,8,170,0
U00094,Finanzas,10.1,1465,23,307,0
U00095,Finanzas,6.5,636,9,126,0
U00096,Consultoria,15.0,1349,19,240,0
U00097,Marketing,7.2,731,18,252,0
U00098,Consultoria,2.4,269,5,71,0
U00099,Retail,10.5,1249,16,216,0
U00100,Retail,3.4,589,10,156,0
U00101,Consultoria,16.3,1089,34,375,1
U00102,Retail,9.9,778,23,267,1
U00103,Marketing,1.4,305,5,98,0
U00104,Tech,13.0,1350,19,258,0
U00105,Consultoria,9.1,631,7,115,0
U00106,Educacion,11.9,798,19,254,0
U00107,Educacion,7.8,763,13,192,0
U00108,Finanzas,15.8,1052,20,233,0
U00109,Retail,4.6,492,6,99,1
U00110,Educacion,13.4,970,26,267,1
U00111,Finanzas,9.3,583,18,195,0
U00112,Tech,1.8,247,4,56,0
U00113,Marketing,1.7,313,6,127,0
U00114,Marketing,6.1,852,11,278,0
U00115,Marketing,4.1,1115,8,131,0
U00116,Educacion,1.3,205,3,63,0
U00117,Tech,2.9,459,7,104,0
U00118,Educacion,6.8,771,11,130,0
U00119,Retail,4.1,1331,7,141,0
U00120,Educacion,26.8,1767,43,537,0
U00121,Tech,4.7,403,6,105,0
U00122,Tech,15.3,1104,37,380,1
U00123,Retail,19.4,1284,41,404,0
U00124,Tech,5.2,717,7,149,0
U00125,Tech,4.9,791,5,101,0
U00126,Marketing,5.3,621,8,113,0
U00127,Retail,6.7,690,15,208,1
U00128,Salud,5.8,976,10,157,0
U00129,Salud,3.0,392,6,82,0
U00130,Tech,9.5,1010,15,227,1
U00131,Salud,5.8,557,13,168,0
U00132,Salud,27.4,1731,37,439,1
U00133,Tech,13.5,1373,14,210,0
U00134,Salud,5.9,671,13,293,0
U00135,Educacion,11.0,1188,20,226,0
U00136,Finanzas,10.7,986,16,321,0
U00137,Retail,14.6,1251,27,299,0
U00138,Finanzas,1.7,225,4,50,0
U00139,Tech,2.8,536,5,105,0
U00140,Marketing,4.0,863,6,163,0
U00141,Retail,7.5,684,14,190,0
U00142,Tech,3.9,386,4,57,0
U00143,Marketing,16.7,1454,37,375,1
U00144,Finanzas,3.1,262,3,45,1
U00145,Tech,8.9,1212,10,159,0
U00146,Retail,9.3,765,13,151,0
U00147,Retail,9.9,1035,13,182,1
U00148,Consultoria,11.9,1033,13,160,0
U00149,Educacion,14.1,1411,19,250,0
U00150,Salud,18.5,1695,38,431,0
U00151,Marketing,5.8,642,9,175,1
U00152,Consultoria,4.0,1004,9,160,0
U00153,Salud,9.9,664,13,219,0
U00154,Salud,9.8,949,12,181,0
U00155,Tech,12.6,1387,22,256,1
U00156,Salud,2.2,505,5,89,0
U00157,Educacion,12.2,884,25,262,0
U00158,Retail,2.5,448,3,80,0
U00159,Consultoria,9.0,703,13,142,0
U00160,Salud,5.7,500,14,214,0
U00161,Tech,15.7,1252,25,314,1
U00162,Educacion,2.3,149,3,63,0
U00163,Finanzas,8.5,724,7,242,0
U00164,Retail,9.9,882,13,252,1
U00165,Retail,5.9,629,9,152,1
U00166,Consultoria,8.5,643,19,217,0
U00167,Retail,5.4,696,16,189,0
U00168,Salud,8.3,762,15,183,0
U00169,Tech,9.6,1495,18,236,0
U00170,Retail,5.2,696,6,100,0
U00171,Retail,6.9,581,16,187,1
U00172,Finanzas,1.2,517,3,118,0
U00173,Finanzas,5.7,390,11,138,1
U00174,Marketing,2.8,442,8,95,0
U00175,Educacion,6.7,719,9,133,1
U00176,Salud,15.0,1176,18,216,0
U00177,Retail,16.5,1116,25,347,0
U00178,Retail,6.5,660,16,164,0
U00179,Tech,3.1,276,2,62,0
U00180,Marketing,2.9,947,4,91,0
U00181,Educacion,13.2,1064,24,271,0
U00182,Marketing,6.6,758,8,134,0
U00183,Consultoria,8.0,546,21,254,0
U00184,Educacion,6.5,546,15,170,0
U00185,Retail,10.5,1021,22,258,0
U00186,Retail,7.4,954,14,237,0
U00187,Educacion,11.8,821,16,246,0
U00188,Retail,11.9,1075,20,340,0
U00189,Salud,3.7,410,7,91,0
U00190,Educacion,9.4,608,18,302,0
U00191,Marketing,16.0,1111,36,368,1
U00192,Educacion,10.4,1146,27,362,1
U00193,Retail,9.7,1144,18,259,0
U00194,Salud,4.3,567,8,114,0
U00195,Salud,4.4,546,4,170,0
U00196,Consultoria,7.5,636,12,210,1
U00197,Marketing,4.8,308,12,121,0
U00198,Finanzas,14.0,1175,19,234,1
U00199,Finanzas,6.7,523,11,166,0
U00200,Educacion,4.6,896,7,109,0
U00201,Consultoria,14.2,937,23,260,0
U00202,Tech,3.2,735,6,153,0
U00203,Educacion,7.5,492,16,182,0
U00204,Consultoria,5.0,1451,12,206,0
U00205,Marketing,27.9,1742,51,559,1
U00206,Marketing,7.5,1013,12,191,0
U00207,Marketing,3.9,382,8,112,0
U00208,Marketing,7.8,857,17,267,0
U00209,Marketing,6.7,1179,11,182,0
U00210,Consultoria,4.4,467,5,95,0
U00211,Consultoria,13.9,1917,28,407,0
U00212,Salud,11.3,1468,17,255,0
U00213,Finanzas,9.1,605,15,163,1
U00214,Retail,4.2,502,6,87,0
U00215,Marketing,21.3,1486,31,340,1
U00216,Tech,9.6,839,17,244,1
U00217,Retail,5.0,487,11,174,0
U00218,Consultoria,14.7,996,17,223,0
U00219,Tech,8.2,730,17,187,1
U00220,Tech,13.6,1196,22,260,0
U00221,Tech,9.8,599,23,295,0
U00222,Salud,25.3,1997,33,393,0
U00223,Consultoria,3.4,492,8,116,0
U00224,Tech,5.2,1002,12,165,0
U00225,Marketing,35.4,2298,58,647,1
U00226,Educacion,7.1,581,14,158,0
U00227,Tech,3.1,312,0,71,0
U00228,Salud,10.9,1019,13,177,0
U00229,Retail,14.7,918,30,334,0
U00230,Consultoria,7.0,554,16,196,0
U00231,Salud,1.5,381,4,82,0
U00232,Tech,3.8,286,8,103,0
U00233,Consultoria,2.0,389,6,111,0
U00234,Educacion,23.3,2007,49,532,1
U00235,Tech,1.9,670,6,101,0
U00236,Salud,5.0,530,8,164,0
U00237,Finanzas,10.7,1140,22,295,0
U00238,Marketing,2.8,523,5,81,0
U00239,Retail,9.8,879,10,140,0
U00240,Salud,4.6,674,5,79,1
U00241,Consultoria,9.4,750,24,288,1
U00242,Tech,6.2,572,10,134,0
U00243,Marketing,6.8,756,11,159,0
U00244,Tech,14.5,1120,19,224,0
U00245,Consultoria,3.1,732,5,109,1
U00246,Tech,9.3,995,15,211,0
U00247,Finanzas,12.5,1185,19,221,0
U00248,Marketing,2.8,543,2,84,0
U00249,Marketing,2.1,414,4,92,0
U00250,Consultoria,6.3,806,12,220,0
U00251,Retail,1.1,581,4,104,0
U00252,Finanzas,9.0,872,21,226,0
U00253,Salud,11.4,806,17,191,0
U00254,Tech,2.4,398,4,91,0
U00255,Educacion,12.8,828,20,227,0
U00256,Tech,15.8,1540,27,348,0
U00257,Tech,9.6,1005,17,195,0
U00258,Salud,16.4,1105,31,363,1
U00259,Tech,6.0,506,7,119,0
U00260,Finanzas,5.1,916,11,219,0
U00261,Finanzas,6.9,552,14,170,1
U00262,Marketing,3.4,261,8,92,0
U00263,Consultoria,4.9,380,7,88,0
U00264,Retail,7.6,654,7,131,0
U00265,Educacion,8.3,670,15,164,0
U00266,Tech,10.2,796,17,302,1
U00267,Tech,1.1,482,1,61,0
U00268,Salud,35.0,2256,64,716,1
U00269,Consultoria,3.7,563,4,67,0
U00270,Finanzas,11.4,772,22,217,0
U00271,Educacion,9.1,1118,20,234,0
U00272,Marketing,4.7,379,7,120,0
U00273,Finanzas,10.8,904,14,193,0
U00274,Consultoria,3.8,454,5,83,1
U00275,Retail,7.4,766,14,194,0
U00276,Marketing,23.3,1842,33,383,1
U00277,Retail,5.5,506,10,116,0
U00278,Salud,7.9,926,16,275,0
U00279,Salud,3.3,744,7,95,0
U00280,Tech,11.6,909,21,254,0
U00281,Retail,4.3,1046,14,199,0
U00282,Consultoria,9.2,874,15,199,0
U00283,Educacion,14.0,1031,28,345,0
U00284,Marketing,6.4,652,16,174,0
U00285,Finanzas,10.9,1442,14,196,0
U00286,Consultoria,9.6,907,14,226,0
U00287,Consultoria,14.4,1195,13,215,0
U00288,Salud,10.9,1007,23,323,0
U00289,Retail,16.4,1463,22,277,0
U00290,Tech,6.3,705,12,159,0
U00291,Tech,2.7,549,5,132,0
U00292,Marketing,1.9,378,5,139,0
U00293,Salud,2.1,414,6,80,0
U00294,Consultoria,6.1,863,9,237,0
U00295,Educacion,8.5,644,8,119,0
U00296,Salud,4.5,525,14,178,1
U00297,Marketing,4.6,478,4,107,0
U00298,Marketing,5.5,398,10,170,0
U00299,Salud,7.5,527,14,195,0
U00300,Marketing,17.7,1315,22,278,1
U00301,Salud,1.5,603,2,103,0
U00302,Finanzas,11.7,996,14,187,0
U00303,Salud,11.0,816,16,190,0
U00304,Retail,6.4,1015,8,150,0
U00305,Salud,9.8,771,27,332,1
U00306,Marketing,6.7,505,11,163,0
U00307,Retail,10.8,1445,20,256,0
U00308,Marketing,3.9,501,8,121,0
U00309,Tech,3.6,941,9,185,1
U00310,Tech,1.4,333,6,106,0
U00311,Retail,9.8,842,16,208,1
U00312,Finanzas,4.9,358,5,96,1
U00313,Tech,2.0,299,6,75,0
U00314,Salud,3.6,571,8,98,0
U00315,Marketing,10.8,1054,23,309,0
U00316,Tech,8.4,784,14,186,0
U00317,Tech,3.7,420,8,124,0
U00318,Finanzas,17.3,1295,45,449,0
U00319,Retail,7.2,530,15,236,0
U00320,Retail,10.3,1269,15,206,0
U00321,Consultoria,8.3,939,16,202,0
U00322,Finanzas,6.2,602,13,205,0
U00323,Salud,9.8,760,24,253,1
U00324,Retail,15.2,1742,31,375,0
U00325,Marketing,6.1,516,10,116,0
U00326,Finanzas,12.1,937,19,215,0
U00327,Tech,4.5,939,6,103,0
U00328,Marketing,21.4,1585,35,395,0
U00329,Marketing,4.1,295,13,157,1
U00330,Tech,25.8,1858,39,444,1
U00331,Finanzas,2.8,324,6,92,1
U00332,Tech,5.9,417,12,146,0
U00333,Consultoria,10.2,775,22,234,0
U00334,Marketing,15.8,1043,33,341,1
U00335,Educacion,19.4,1290,39,387,0
U00336,Educacion,17.9,1372,29,345,1
U00337,Salud,9.9,665,23,276,1
U00338,Retail,4.3,732,6,114,0
U00339,Tech,13.8,1024,25,280,1
U00340,Tech,14.8,1023,22,263,0
U00341,Salud,9.3,752,13,229,1
U00342,Salud,5.2,408,10,132,1
U00343,Salud,3.2,288,10,128,0
U00344,Marketing,4.5,453,11,264,0
U00345,Consultoria,4.3,568,5,97,1
U00346,Tech,7.8,824,14,196,0
U00347,Marketing,14.2,1022,20,253,0
U00348,Salud,8.2,705,12,157,0
U00349,Tech,3.0,475,4,101,1
U00350,Marketing,11.8,1402,19,231,0
U00351,Consultoria,22.7,1626,38,414,0
U00352,Marketing,8.1,632,13,151,1
U00353,Consultoria,4.6,390,7,122,0
U00354,Salud,3.5,688,7,98,0
U00355,Consultoria,11.3,697,25,288,0
U00356,Tech,19.0,1303,29,299,0
U00357,Salud,6.1,479,11,156,0
U00358,Tech,5.2,748,9,123,0
U00359,Educacion,8.0,1076,12,170,0
U00360,Finanzas,12.4,954,23,260,0
U00361,Consultoria,4.3,390,3,135,0
U00362,Finanzas,8.8,753,16,179,0
U00363,Finanzas,10.5,969,19,233,0
U00364,Consultoria,11.0,1034,11,215,0
U00365,Salud,3.3,423,4,87,1
U00366,Educacion,3.9,835,11,179,0
U00367,Tech,8.0,636,17,236,0
U00368,Marketing,11.8,891,24,256,0
U00369,Tech,25.0,1691,43,450,0
U00370,Marketing,3.1,494,12,133,0
U00371,Tech,9.0,997,12,222,1
U00372,Consultoria,7.6,534,11,216,0
U00373,Educacion,5.5,421,13,135,0
U00374,Marketing,15.3,1230,24,294,0
U00375,Retail,10.9,747,11,145,0
U00376,Salud,11.1,866,20,224,1
U00377,Tech,3.0,370,5,109,0
U00378,Tech,5.9,910,6,128,0
U00379,Marketing,7.8,1202,8,172,0
U00380,Salud,8.5,677,11,221,0
U00381,Salud,28.7,2090,53,571,1
U00382,Consultoria,6.1,558,9,152,0
U00383,Retail,0.6,475,1,98,0
U00384,Consultoria,7.9,565,16,175,0
U00385,Consultoria,10.5,1174,24,306,0
U00386,Consultoria,7.9,624,9,124,1
U00387,Consultoria,0.3,84,1,23,0
U00388,Consultoria,9.2,712,13,184,0
U00389,Educacion,10.7,844,17,190,0
U00390,Salud,2.7,258,5,88,1
U00391,Consultoria,4.6,517,10,135,0
U00392,Salud,7.3,840,12,221,0
U00393,Salud,5.0,424,11,121,0
U00394,Finanzas,5.7,1027,2,110,0
U00395,Educacion,9.3,1627,12,194,0
U00396,Consultoria,4.8,493,10,112,0
U00397,Tech,2.1,510,4,62,0
U00398,Marketing,13.3,1129,20,229,0
U00399,Retail,3.4,429,7,89,0
U00400,Tech,6.6,602,18,178,0
U00401,Educacion,5.3,364,9,151,0
U00402,Marketing,3.0,403,5,132,0
U00403,Educacion,13.1,1221,17,215,1
U00404,Salud,12.2,886,21,236,0
U00405,Marketing,5.7,1014,11,166,0
U00406,Salud,7.5,785,18,250,1
U00407,Tech,8.2,1038,13,223,0
U00408,Tech,3.2,402,5,102,0
U00409,Marketing,3.5,492,5,105,0
U00410,Marketing,7.4,822,14,175,1
U00411,Consultoria,2.9,365,6,70,0
U00412,Educacion,7.4,971,7,131,0
U00413,Consultoria,0.8,205,3,110,0
U00414,Educacion,5.5,1175,6,126,0
U00415,Consultoria,9.1,634,17,192,1
U00416,Salud,8.7,879,23,285,0
U00417,Marketing,15.1,1049,29,308,0
U00418,Tech,3.2,302,10,123,0
U00419,Educacion,7.1,541,13,189,0
U00420,Educacion,13.4,813,21,213,0
U00421,Tech,9.1,647,16,172,1
U00422,Consultoria,12.5,1203,22,344,0
U00423,Educacion,3.0,606,4,120,1
U00424,Retail,7.9,557,10,171,0
U00425,Salud,6.5,743,13,182,0
U00426,Marketing,8.1,621,16,204,0
U00427,Tech,4.2,287,13,138,0
U00428,Marketing,16.4,1441,32,355,1
U00429,Retail,11.7,1202,20,285,0
U00430,Educacion,15.2,1070,22,252,0
U00431,Educacion,9.1,1096,20,234,0
U00432,Retail,4.5,503,7,114,0
U00433,Tech,11.2,941,22,264,0
U00434,Salud,16.5,1213,17,275,0
U00435,Finanzas,9.1,627,17,342,1
U00436,Tech,3.7,426,8,100,0
U00437,Finanzas,5.0,385,9,145,0
U00438,Retail,7.8,833,12,173,0
U00439,Consultoria,17.8,1461,25,278,0
U00440,Finanzas,21.1,1300,43,500,1
U00441,Salud,4.0,622,10,135,0
U00442,Consultoria,9.6,810,8,127,1
U00443,Finanzas,4.9,339,5,148,0
U00444,Retail,2.7,451,6,102,0
U00445,Consultoria,11.0,845,16,244,0
U00446,Retail,8.4,641,13,163,1
U00447,Finanzas,8.7,609,14,191,1
U00448,Retail,6.8,731,15,187,1
U00449,Salud,9.3,823,11,146,0
U00450,Finanzas,9.0,815,15,210,1
U00451,Finanzas,12.8,1302,20,282,1
U00452,Finanzas,4.1,917,10,159,0
U00453,Tech,13.1,812,27,261,0
U00454,Tech,12.0,1046,18,208,0
U00455,Tech,9.4,726,16,186,1
U00456,Salud,7.7,824,14,239,0
U00457,Consultoria,7.1,556,15,180,0
U00458,Retail,7.1,1268,13,252,1
U00459,Educacion,7.7,835,16,237,1
U00460,Finanzas,2.2,346,6,88,0
U00461,Retail,26.7,2158,39,459,0
U00462,Finanzas,14.6,994,20,268,1
U00463,Salud,21.3,1662,33,364,1
U00464,Finanzas,11.3,886,19,252,0
U00465,Tech,4.8,518,10,157,1
U00466,Educacion,10.3,1676,15,220,0
U00467,Marketing,12.7,1092,26,310,0
U00468,Finanzas,3.7,352,17,184,0
U00469,Retail,16.3,1204,28,294,0
U00470,Tech,5.6,472,17,181,1
U00471,Marketing,11.9,864,23,248,1
U00472,Educacion,17.7,1336,25,363,0
U00473,Marketing,9.1,687,16,174,0
U00474,Tech,17.8,1622,26,308,0
U00475,Consultoria,2.3,349,7,118,0
U00476,Consultoria,3.2,430,7,112,0
U00477,Marketing,4.1,404,13,153,0
U00478,Salud,1.8,187,3,61,0
U00479,Retail,17.8,1158,19,274,0
U00480,Retail,15.3,1213,20,237,0
U00481,Marketing,5.0,492,5,77,0
U00482,Finanzas,25.7,1850,44,449,0
U00483,Finanzas,6.2,875,6,114,0
U00484,Retail,21.8,1442,34,354,1
U00485,Retail,22.0,2260,35,419,0
U00486,Consultoria,4.8,394,9,97,0
U00487,Salud,12.7,848,19,220,0
U00488,Tech,14.9,1354,32,365,1
U00489,Finanzas,4.7,526,9,130,0
U00490,Retail,0.4,153,2,76,0
U00491,Consultoria,12.5,829,29,345,0
U00492,Educacion,4.0,349,4,90,1
U00493,Consultoria,6.9,671,14,178,0
U00494,Finanzas,8.6,1136,17,238,0
U00495,Finanzas,11.0,708,21,245,0
U00496,Consultoria,5.9,629,16,218,0
U00497,Tech,9.0,954,15,202,0
U00498,Marketing,15.6,1101,22,242,1
U00499,Finanzas,1.3,719,4,137,1
U00500,Consultoria,2.4,446,4,60,0
U00501,Retail,3.0,622,6,134,0
U00502,Consultoria,5.2,741,10,162,0
U00503,Salud,12.3,1276,13,213,0
U00504,Marketing,14.2,1072,33,353,1
U00505,Educacion,6.6,1109,14,186,0
U00506,Tech,6.6,628,16,190,0
U00507,Educacion,17.2,1237,23,322,1
U00508,Marketing,8.7,720,16,210,0
U00509,Marketing,5.8,534,6,121,0
U00510,Marketing,13.2,978,22,302,0
U00511,Educacion,12.3,998,20,294,0
U00512,Retail,9.8,854,11,188,0
U00513,Marketing,5.0,563,8,208,1
U00514,Consultoria,3.6,428,11,156,0
U00515,Educacion,3.9,662,11,178,0
U00516,Marketing,4.0,524,11,180,0
U00517,Consultoria,3.8,568,8,173,0
U00518,Retail,5.2,424,11,124,0
U00519,Salud,7.5,530,18,181,0
U00520,Retail,8.1,884,11,144,0
U00521,Marketing,3.1,628,3,78,0
U00522,Educacion,8.9,638,13,203,0
U00523,Finanzas,8.0,573,13,160,0
U00524,Marketing,7.0,986,10,160,0
U00525,Finanzas,4.9,460,7,89,0
U00526,Consultoria,3.2,333,4,60,0
U00527,Salud,10.9,746,19,211,1
U00528,Tech,8.0,573,10,126,0
U00529,Retail,9.5,1495,13,237,0
U00530,Salud,5.6,559,7,94,0
U00531,Marketing,5.1,499,7,93,1
U00532,Finanzas,14.1,932,23,272,0
U00533,Retail,31.2,1917,61,612,0
U00534,Finanzas,6.2,1111,12,178,0
U00535,Educacion,8.4,1002,12,213,0
U00536,Finanzas,7.2,709,12,158,0
U00537,Educacion,4.1,445,8,121,1
U00538,Consultoria,5.5,600,12,148,0
U00539,Retail,23.4,1667,28,338,1
U00540,Retail,4.5,879,9,175,0
U00541,Tech,8.0,808,11,153,0
U00542,Marketing,4.7,445,12,157,0
U00543,Educacion,7.3,567,13,157,0
U00544,Tech,4.5,513,9,101,0
U00545,Finanzas,5.2,517,6,92,0
U00546,Finanzas,2.3,455,3,68,0
U00547,Tech,8.1,521,10,140,0
U00548,Retail,5.9,626,10,162,0
U00549,Finanzas,10.5,737,17,202,0
U00550,Consultoria,7.3,588,10,133,1
U00551,Consultoria,4.4,486,8,129,1
U00552,Tech,3.6,887,8,141,0
U00553,Educacion,7.6,806,12,146,0
U00554,Educacion,16.5,1208,28,370,0
U00555,Tech,5.0,371,9,116,0
U00556,Educacion,1.5,328,5,89,0
U00557,Retail,8.7,627,16,167,0
U00558,Retail,15.5,1423,23,325,1
U00559,Educacion,10.7,874,18,211,0
U00560,Consultoria,2.9,265,2,121,0
U00561,Educacion,8.2,712,17,203,0
U00562,Retail,12.7,1241,23,295,0
U00563,Salud,5.6,802,6,113,1
U00564,Marketing,5.1,510,13,140,0
U00565,Finanzas,5.2,717,6,128,1
U00566,Salud,6.6,683,9,150,1
U00567,Educacion,3.0,365,5,61,1
U00568,Consultoria,8.6,563,14,150,0
U00569,Tech,8.9,920,19,267,1
U00570,Educacion,9.0,666,10,136,0
U00571,Consultoria,7.4,724,12,185,0
U00572,Marketing,3.0,224,5,172,0
U00573,Educacion,6.3,643,14,190,1
U00574,Retail,21.1,1486,33,370,1
U00575,Tech,8.8,871,18,206,0
U00576,Consultoria,4.1,439,10,143,0
U00577,Consultoria,11.1,921,17,226,1
U00578,Consultoria,21.2,1741,32,378,0
U00579,Marketing,9.5,1437,17,263,0
U00580,Educacion,6.8,1411,8,146,0
U00581,Marketing,16.5,2110,19,293,0
U00582,Finanzas,5.3,560,5,100,0
U00583,Finanzas,13.9,1114,23,260,0
U00584,Educacion,5.0,1142,9,172,0
U00585,Retail,5.7,933,8,121,0
U00586,Marketing,12.2,882,20,221,0
U00587,Tech,16.1,1085,37,375,1
U00588,Consultoria,7.1,459,14,163,0
U00589,Consultoria,15.8,1273,27,325,1
U00590,Educacion,9.7,1201,13,212,1
U00591,Retail,4.2,382,8,100,0
U00592,Finanzas,5.7,477,7,171,0
U00593,Finanzas,10.6,1019,10,174,0
U00594,Consultoria,17.1,1542,25,386,0
U00595,Educacion,14.1,1137,28,361,0
U00596,Marketing,14.2,982,23,254,1
U00597,Finanzas,2.6,363,9,101,0
U00598,Marketing,12.0,903,23,237,0
U00599,Retail,11.6,1067,15,177,0
U00600,Finanzas,9.1,677,20,233,0
U00601,Finanzas,11.5,768,14,170,1
U00602,Salud,1.8,142,5,98,0
U00603,Finanzas,0.9,205,3,55,0
U00604,Tech,9.0,1020,13,171,1
U00605,Educacion,7.3,551,15,196,0
U00606,Educacion,6.5,442,11,238,0
U00607,Marketing,10.0,680,20,272,0
U00608,Retail,8.6,617,11,168,0
U00609,Finanzas,9.3,711,10,189,0
U00610,Tech,13.1,858,25,288,0
U00611,Marketing,5.2,745,7,96,0
U00612,Salud,9.5,661,18,232,0
U00613,Marketing,4.7,586,7,133,1
U00614,Marketing,1.4,234,3,99,0
U00615,Finanzas,6.2,494,18,188,0
U00616,Salud,14.4,1271,19,286,0
U00617,Marketing,3.9,458,11,122,0
U00618,Tech,10.0,1164,18,239,1
U00619,Tech,13.2,948,20,240,0
U00620,Educacion,12.0,810,29,274,0
U00621,Salud,4.7,465,5,85,0
U00622,Salud,4.4,404,7,123,0
U00623,Educacion,7.8,1193,20,241,0
U00624,Marketing,9.0,675,12,215,0
U00625,Salud,11.4,995,21,257,0
U00626,Tech,11.5,927,23,257,0
U00627,Tech,31.6,1984,50,570,0
U00628,Finanzas,18.0,1194,35,363,0
U00629,Salud,5.9,624,13,148,0
U00630,Marketing,24.4,1735,38,441,1
U00631,Educacion,3.2,373,11,117,0
U00632,Educacion,3.5,429,4,76,0
U00633,Marketing,12.4,787,27,289,1
U00634,Retail,6.3,489,9,123,0
U00635,Consultoria,18.0,1559,21,439,0
U00636,Finanzas,11.2,824,24,279,1
U00637,Educacion,7.1,903,14,187,0
U00638,Salud,6.7,930,5,106,0
U00639,Finanzas,6.5,914,16,216,0
U00640,Salud,1.1,773,2,127,0
U00641,Retail,3.8,569,6,83,0
U00642,Tech,4.6,965,7,146,0
U00643,Finanzas,14.7,1338,25,296,0
U00644,Educacion,5.0,338,8,138,0
U00645,Finanzas,9.7,900,21,247,1
U00646,Finanzas,6.7,1404,10,197,0
U00647,Finanzas,3.9,264,8,191,0
U00648,Consultoria,9.1,780,11,186,0
U00649,Finanzas,7.5,537,19,205,0
U00650,Salud,14.6,995,30,304,0
U00651,Tech,5.7,492,7,109,0
U00652,Retail,4.7,599,8,108,0
U00653,Marketing,12.7,941,20,244,0
U00654,Finanzas,6.7,711,17,208,0
U00655,Educacion,13.4,1614,24,281,0
U00656,Finanzas,5.1,799,8,140,0
U00657,Educacion,8.4,773,12,226,0
U00658,Salud,4.8,480,7,115,0
U00659,Educacion,4.1,581,8,117,0
U00660,Marketing,0.9,92,2,76,0
U00661,Tech,18.4,1269,34,365,1
U00662,Educacion,5.3,663,11,152,0
U00663,Educacion,10.5,896,28,339,1
U00664,Tech,6.7,917,11,149,0
U00665,Marketing,15.4,1389,25,332,0
U00666,Finanzas,1.7,429,8,94,0
U00667,Educacion,8.7,701,12,254,0
U00668,Tech,12.2,881,25,260,0
U00669,Salud,7.9,1010,12,182,0
U00670,Tech,4.4,593,9,184,0
U00671,Salud,1.8,221,3,43,0
U00672,Marketing,4.7,764,9,132,0
U00673,Finanzas,1.3,395,2,95,0
U00674,Tech,12.0,939,15,172,0
U00675,Retail,10.3,1047,24,292,0
U00676,Retail,12.8,1131,25,299,0
U00677,Consultoria,3.7,828,9,118,0
U00678,Educacion,3.2,795,6,92,0
U00679,Marketing,10.6,795,19,195,0
U00680,Tech,10.4,860,19,236,0
U00681,Retail,1.5,275,0,32,0
U00682,Educacion,4.5,1076,13,165,0
U00683,Retail,19.0,1573,32,400,1
U00684,Tech,12.4,983,15,256,0
U00685,Salud,6.4,515,13,213,0
U00686,Tech,2.9,433,9,129,1
U00687,Consultoria,3.6,236,6,64,0
U00688,Tech,5.6,527,11,122,1
U00689,Tech,2.4,247,4,56,0
U00690,Consultoria,15.7,1416,24,282,0
U00691,Marketing,14.9,1087,30,376,1
U00692,Tech,3.0,452,9,138,0
U00693,Consultoria,22.1,1552,31,360,0
U00694,Educacion,5.4,812,8,142,0
U00695,Salud,7.6,953,11,199,0
U00696,Salud,5.4,691,12,191,0
U00697,Tech,3.2,507,3,83,0
U00698,Marketing,5.9,406,6,140,0
U00699,Marketing,1.6,307,1,46,0
U00700,Educacion,5.9,909,11,191,0
U00701,Tech,7.1,717,14,219,0
U00702,Salud,8.8,721,17,235,1
U00703,Marketing,2.1,292,1,36,0
U00704,Tech,2.2,299,4,75,0
U00705,Retail,8.6,785,14,156,0
U00706,Marketing,3.0,332,10,106,0
U00707,Consultoria,6.5,918,15,192,0
U00708,Retail,15.8,992,21,253,1
U00709,Marketing,2.8,592,9,145,0
U00710,Salud,3.9,864,6,101,1
U00711,Finanzas,13.7,918,21,243,0
U00712,Retail,1.5,483,6,137,1
U00713,Educacion,6.6,728,8,140,0
U00714,Educacion,9.2,676,17,219,0
U00715,Salud,13.2,879,18,223,0
U00716,Marketing,5.5,681,12,147,0
U00717,Tech,2.7,976,4,93,0
U00718,Marketing,2.1,702,4,95,1
U00719,Salud,8.9,929,10,180,0
U00720,Educacion,9.0,888,17,195,0
U00721,Marketing,20.8,1539,34,371,0
U00722,Educacion,5.9,589,13,167,0
U00723,Retail,9.1,911,26,351,0
U00724,Tech,7.0,543,9,141,0
U00725,Retail,3.0,637,10,153,1
U00726,Educacion,9.0,788,12,160,0
U00727,Educacion,14.3,1109,21,324,1
U00728,Finanzas,11.4,1398,31,354,0
U00729,Finanzas,4.4,343,5,124,0
U00730,Retail,6.3,783,11,140,1
U00731,Consultoria,15.5,1585,17,246,0
U00732,Retail,6.0,730,13,318,0
U00733,Finanzas,15.3,1215,35,377,1
U00734,Educacion,6.6,637,11,144,1
U00735,Salud,6.9,873,12,208,0
U00736,Retail,14.0,1199,23,270,0
U00737,Educacion,22.8,1565,43,450,0
U00738,Salud,6.4,625,11,125,0
U00739,Salud,5.7,699,14,150,1
U00740,Finanzas,4.3,368,5,103,0
U00741,Retail,3.8,380,6,89,0
U00742,Marketing,4.6,892,10,176,0
U00743,Tech,5.1,493,10,147,1
U00744,Finanzas,12.9,862,22,254,0
U00745,Finanzas,10.6,1006,28,302,0
U00746,Marketing,11.9,1326,15,202,0
U00747,Tech,11.8,785,18,198,0
U00748,Educacion,15.5,1438,25,280,0
U00749,Consultoria,4.3,913,8,142,0
U00750,Retail,8.7,1012,20,308,1
U00751,Consultoria,1.9,343,7,202,0
U00752,Educacion,1.9,640,5,87,0
U00753,Finanzas,8.1,1048,13,218,0
U00754,Tech,6.9,507,17,242,1
U00755,Finanzas,7.7,900,12,160,0
U00756,Salud,11.2,947,17,239,0
U00757,Finanzas,17.8,1335,30,379,1
U00758,Finanzas,7.6,499,19,185,0
U00759,Educacion,6.8,439,12,164,0
U00760,Educacion,4.5,546,16,168,1
U00761,Educacion,13.0,1008,22,274,0
U00762,Consultoria,4.8,514,7,115,0
U00763,Salud,6.2,579,9,107,0
U00764,Educacion,11.3,784,20,217,1
U00765,Tech,8.0,940,11,151,0
U00766,Consultoria,7.7,1111,16,254,0
U00767,Marketing,4.0,303,10,126,0
U00768,Tech,9.4,975,21,232,0
U00769,Retail,25.4,1605,29,364,0
U00770,Retail,2.7,368,8,109,1
U00771,Tech,3.2,536,14,178,0
U00772,Educacion,12.4,883,19,225,0
U00773,Marketing,8.9,654,16,287,0
U00774,Marketing,17.1,1277,36,390,0
U00775,Consultoria,4.4,720,11,180,0
U00776,Marketing,13.2,956,20,278,0
U00777,Retail,9.4,683,18,209,0
U00778,Salud,3.7,395,3,126,0
U00779,Educacion,4.8,838,5,144,1
U00780,Marketing,7.7,717,9,111,0
U00781,Consultoria,4.0,511,5,83,0
U00782,Retail,15.0,1090,22,262,1
U00783,Salud,12.0,938,19,233,0
U00784,Finanzas,5.3,736,13,161,0
U00785,Finanzas,6.8,685,11,168,0
U00786,Salud,13.6,1592,26,313,0
U00787,Retail,7.3,609,12,159,0
U00788,Consultoria,23.1,2004,27,341,1
U00789,Salud,10.6,703,18,207,0
U00790,Educacion,4.1,525,13,144,0
U00791,Educacion,3.3,450,7,121,0
U00792,Finanzas,14.4,1486,19,276,1
U00793,Marketing,5.5,524,10,116,0
U00794,Consultoria,8.3,1255,15,203,0
U00795,Finanzas,0.3,77,3,62,0
U00796,Marketing,7.7,595,19,277,0
U00797,Marketing,2.4,285,7,84,0
U00798,Educacion,2.4,221,8,101,0
U00799,Retail,15.9,1208,26,291,0
U00800,Tech,6.1,568,6,117,0
U00801,Retail,5.8,857,7,112,0
U00802,Tech,24.4,1549,37,393,0
U00803,Salud,13.8,1827,23,399,0
U00804,Educacion,19.2,1879,24,290,0
U00805,Marketing,16.2,1125,25,287,0
U00806,Consultoria,12.6,1160,29,322,1
U00807,Tech,18.7,1277,23,271,0
U00808,Retail,4.3,654,12,198,0
U00809,Marketing,3.9,306,12,149,0
U00810,Tech,2.4,529,14,239,0
U00811,Tech,1.7,283,4,52,0
U00812,Tech,8.2,553,17,209,0
U00813,Consultoria,2.1,365,4,90,0
U00814,Educacion,3.1,435,9,142,0
U00815,Consultoria,6.5,676,9,171,0
U00816,Finanzas,0.5,794,1,131,1
U00817,Marketing,7.2,614,10,224,1
U00818,Educacion,7.7,682,10,125,0
U00819,Educacion,23.5,1477,37,416,1
U00820,Educacion,8.8,856,14,227,1
U00821,Retail,8.2,717,14,179,0
U00822,Educacion,18.7,1216,31,323,1
U00823,Consultoria,6.4,659,12,144,0
U00824,Educacion,8.6,628,9,122,0
U00825,Salud,13.8,1748,18,274,0
U00826,Marketing,4.4,456,9,114,0
U00827,Educacion,13.9,920,25,280,0
U00828,Marketing,2.5,525,7,90,0
U00829,Salud,11.6,775,15,167,0
U00830,Salud,11.6,1181,23,295,0
U00831,Marketing,5.7,419,11,110,0
U00832,Tech,6.7,822,17,264,0
U00833,Finanzas,19.9,1702,34,400,1
U00834,Retail,7.0,1112,14,177,0
U00835,Tech,10.7,768,20,240,1
U00836,Tech,7.9,941,17,206,0
U00837,Consultoria,4.7,821,9,127,1
U00838,Retail,4.9,438,6,145,0
U00839,Retail,9.8,638,14,193,0
U00840,Tech,17.4,1120,33,340,0
U00841,Educacion,2.7,240,7,85,0
U00842,Consultoria,19.0,1337,34,444,0
U00843,Consultoria,11.4,990,23,278,1
U00844,Salud,6.4,552,15,182,0
U00845,Retail,9.4,839,12,155,0
U00846,Tech,11.2,1263,18,223,1
U00847,Salud,3.2,339,7,197,0
U00848,Marketing,6.8,635,10,166,1
U00849,Finanzas,7.6,838,17,210,0
U00850,Consultoria,1.9,471,8,96,1
U00851,Marketing,12.8,1140,20,239,1
U00852,Marketing,4.8,459,5,107,0
U00853,Educacion,5.0,731,13,213,1
U00854,Finanzas,7.2,707,12,168,0
U00855,Marketing,10.1,690,14,218,0
U00856,Marketing,9.7,839,22,255,0
U00857,Finanzas,7.8,669,6,149,0
U00858,Finanzas,9.4,591,15,177,0
U00859,Marketing,4.5,1193,10,207,0
U00860,Finanzas,8.4,761,15,181,0
U00861,Marketing,10.8,1518,10,212,0
U00862,Marketing,5.0,637,9,143,0
U00863,Educacion,7.7,568,12,127,1
U00864,Tech,10.9,747,18,199,0
U00865,Marketing,7.2,758,5,232,0
U00866,Salud,2.8,457,5,111,0
U00867,Consultoria,17.3,1182,30,321,1
U00868,Retail,15.4,1200,15,189,1
U00869,Tech,7.6,1327,8,166,0
U00870,Tech,18.8,2012,30,389,1
U00871,Tech,11.2,1053,23,258,1
U00872,Educacion,6.6,581,13,174,0
U00873,Marketing,4.5,572,5,144,0
U00874,Educacion,3.3,321,5,71,0
U00875,Marketing,6.8,809,13,165,0
U00876,Educacion,3.9,310,7,78,0
U00877,Educacion,4.2,556,10,186,0
U00878,Consultoria,9.5,1075,18,222,0
U00879,Salud,2.6,515,5,164,0
U00880,Educacion,2.0,240,4,46,0
U00881,Consultoria,8.1,1103,13,202,0
U00882,Finanzas,11.0,915,19,249,0
U00883,Salud,9.9,854,14,203,1
U00884,Educacion,2.0,514,4,119,0
U00885,Retail,4.5,393,14,171,0
U00886,Tech,4.9,484,5,102,1
U00887,Finanzas,2.1,677,10,121,0
U00888,Finanzas,7.8,525,14,169,0
U00889,Consultoria,8.7,862,10,161,0
U00890,Finanzas,6.6,529,10,124,0
U00891,Salud,2.1,321,12,128,0
U00892,Educacion,23.1,1501,35,403,0
U00893,Educacion,4.1,408,7,133,0
U00894,Retail,13.7,1062,28,294,0
U00895,Tech,17.4,1269,24,283,0
U00896,Consultoria,5.7,473,10,147,0
U00897,Tech,9.9,620,18,193,0
U00898,Finanzas,2.6,274,8,111,0
U00899,Retail,5.8,472,9,136,0
U00900,Tech,10.1,1007,12,256,0
U00901,Salud,7.6,566,9,128,0
U00902,Educacion,11.9,855,18,192,0
U00903,Finanzas,5.4,871,16,179,0
U00904,Retail,13.7,1009,26,277,0
U00905,Tech,3.7,561,4,85,0
U00906,Consultoria,10.0,709,8,172,0
U00907,Salud,5.0,848,8,135,0
U00908,Salud,1.8,352,5,106,0
U00909,Tech,11.7,773,21,292,0
U00910,Educacion,4.4,670,10,169,0
U00911,Tech,3.4,417,12,142,0
U00912,Finanzas,15.7,1442,28,327,1
U00913,Tech,12.6,1346,17,236,0
U00914,Salud,3.3,382,11,196,0
U00915,Retail,2.9,453,10,171,0
U00916,Tech,5.5,590,7,151,1
U00917,Educacion,3.1,850,6,137,0
U00918,Retail,17.9,1195,31,347,0
U00919,Consultoria,1.7,163,6,85,0
U00920,Marketing,21.2,1485,29,317,1
U00921,Tech,9.7,697,14,201,0
U00922,Educacion,10.9,875,10,145,1
U00923,Retail,8.1,1118,14,228,0
U00924,Educacion,2.0,432,9,98,0
U00925,Consultoria,12.4,1078,25,267,0
U00926,Salud,7.8,675,8,164,1
U00927,Educacion,3.6,362,6,155,0
U00928,Retail,14.6,1137,20,277,1
U00929,Educacion,14.0,980,20,224,0
U00930,Educacion,14.7,1221,34,403,0
U00931,Educacion,13.4,901,20,221,0
U00932,Finanzas,5.1,427,10,172,0
U00933,Finanzas,10.7,837,23,238,0
U00934,Salud,14.4,1024,23,259,0
U00935,Tech,13.5,1090,21,224,1
U00936,Educacion,0.7,1206,1,81,0
U00937,Consultoria,7.2,973,12,199,0
U00938,Tech,4.5,729,10,233,0
U00939,Consultoria,17.7,1107,36,417,1
U00940,Tech,7.3,819,10,180,1
U00941,Salud,10.2,1001,23,242,1
U00942,Educacion,8.6,862,14,179,0
U00943,Educacion,16.6,1121,31,404,1
U00944,Marketing,21.3,1563,31,361,0
U00945,Consultoria,7.8,802,18,195,0
U00946,Tech,8.9,710,21,227,0
U00947,Tech,17.2,1392,40,393,1
U00948,Finanzas,3.2,617,9,166,1
U00949,Marketing,3.5,428,4,62,0
U00950,Retail,4.7,383,8,117,0
U00951,Retail,12.3,783,18,193,0
U00952,Finanzas,7.9,678,16,200,0
U00953,Finanzas,4.7,388,4,112,0
U00954,Finanzas,16.0,1135,25,278,0
U00955,Consultoria,2.1,457,5,145,0
U00956,Consultoria,4.6,607,4,119,0
U00957,Salud,6.8,581,6,127,1
U00958,Salud,21.3,1401,34,423,1
U00959,Finanzas,4.7,483,12,159,1
U00960,Marketing,10.7,1249,17,223,1
U00961,Tech,6.8,443,16,195,0
U00962,Consultoria,3.0,357,7,85,0
U00963,Marketing,10.6,725,23,285,0
U00964,Educacion,6.2,837,10,187,0
U00965,Consultoria,5.2,640,9,132,1
U00966,Consultoria,2.6,425,4,73,0
U00967,Salud,8.0,593,20,229,1
U00968,Tech,18.4,1192,31,317,1
U00969,Tech,4.8,615,14,167,0
U00970,Retail,3.2,428,8,163,0
U00971,Retail,1.8,226,4,57,0
U00972,Retail,1.7,342,1,110,1
U00973,Retail,6.9,619,14,189,0
U00974,Educacion,8.0,969,17,235,1
U00975,Educacion,9.8,941,20,227,1
U00976,Consultoria,7.2,648,11,136,0
U00977,Finanzas,8.6,804,10,147,1
U00978,Salud,18.2,1425,37,470,0
U00979,Salud,16.0,1210,32,336,0
U00980,Retail,15.5,996,20,212,0
U00981,Consultoria,14.1,1436,23,292,1
U00982,Marketing,11.5,1656,13,261,0
U00983,Finanzas,2.1,688,2,90,0
U00984,Consultoria,6.5,895,10,232,0
U00985,Finanzas,9.1,726,14,202,0
U00986,Finanzas,3.9,912,9,158,0
U00987,Finanzas,20.1,1534,32,359,1
U00988,Consultoria,6.0,876,11,181,0
U00989,Retail,1.9,404,7,84,1
U00990,Salud,5.8,436,10,204,0
U00991,Salud,10.0,822,16,230,0
U00992,Retail,3.9,673,6,142,0
U00993,Finanzas,6.9,595,11,150,1
U00994,Marketing,2.0,415,5,144,0
U00995,Tech,5.5,508,12,150,0
U00996,Consultoria,7.7,596,9,123,0
U00997,Tech,7.1,431,5,96,1
U00998,Retail,12.6,781,24,293,0
U00999,Marketing,3.6,323,9,107,0
U01000,Consultoria,9.6,740,14,165,0
U01001,Retail,10.9,1196,22,251,0
U01002,Finanzas,4.5,380,8,106,0
U01003,Salud,3.9,340,11,172,0
U01004,Tech,20.2,2022,34,412,0
U01005,Educacion,6.1,855,10,134,1
U01006,Educacion,9.9,2000,18,386,0
U01007,Marketing,10.2,1004,12,156,1
U01008,Finanzas,2.4,260,3,60,0
U01009,Tech,8.7,536,8,105,0
U01010,Finanzas,8.4,820,18,204,0
U01011,Tech,20.3,1996,39,447,0
U01012,Marketing,8.4,641,9,132,0
U01013,Marketing,12.3,1103,20,232,0
U01014,Educacion,12.6,860,15,205,1
U01015,Finanzas,6.3,499,11,160,0
U01016,Consultoria,24.8,1682,38,442,0
U01017,Educacion,4.3,829,14,189,1
U01018,Finanzas,1.9,375,4,97,0
U01019,Educacion,5.4,633,10,164,0
U01020,Consultoria,1.6,253,3,56,0
U01021,Salud,4.6,530,11,235,0
U01022,Salud,7.6,714,15,256,1
U01023,Salud,9.0,898,18,250,0
U01024,Salud,5.8,517,16,179,1
U01025,Retail,4.5,558,12,128,0
U01026,Tech,5.3,330,6,70,1
U01027,Retail,10.7,688,31,309,0
U01028,Retail,3.4,457,5,163,0
U01029,Retail,4.5,347,3,70,0
U01030,Salud,9.4,926,9,133,0
U01031,Consultoria,8.1,701,14,162,0
U01032,Marketing,1.8,406,9,191,0
U01033,Marketing,14.4,1332,29,326,0
U01034,Tech,5.4,527,12,217,0
U01035,Salud,3.1,236,3,50,0
U01036,Salud,2.5,266,4,61,0
U01037,Salud,14.5,1357,31,338,0
U01038,Educacion,1.0,730,9,157,0
U01039,Finanzas,9.9,756,18,239,0
U01040,Educacion,12.8,1015,24,261,0
U01041,Finanzas,5.7,380,9,111,0
U01042,Salud,19.1,1489,26,291,0
U01043,Salud,3.5,658,5,81,0
U01044,Educacion,10.7,834,13,160,0
U01045,Educacion,8.2,915,14,247,0
U01046,Finanzas,20.6,1716,45,460,0
U01047,Marketing,6.2,554,9,135,0
U01048,Finanzas,10.0,678,14,171,0
U01049,Educacion,8.1,800,11,142,0
U01050,Consultoria,2.1,377,4,103,0
U01051,Educacion,6.9,589,12,146,0
U01052,Consultoria,4.9,422,11,173,0
U01053,Tech,8.2,957,13,217,0
U01054,Educacion,10.1,1290,20,246,0
U01055,Tech,16.8,1275,24,314,0
U01056,Marketing,0.8,90,5,102,0
U01057,Finanzas,7.6,751,16,192,0
U01058,Consultoria,2.7,429,4,77,0
U01059,Finanzas,10.8,825,17,220,0
U01060,Tech,25.7,1675,43,542,0
U01061,Consultoria,6.0,605,13,208,0
U01062,Finanzas,4.2,644,6,115,0
U01063,Educacion,5.4,524,5,71,0
U01064,Salud,2.7,327,10,129,0
U01065,Tech,0.5,261,2,33,1
U01066,Finanzas,9.0,856,17,186,0
U01067,Tech,7.4,720,5,93,0
U01068,Retail,4.3,519,1,70,0
U01069,Tech,3.2,333,5,75,0
U01070,Consultoria,12.8,1181,22,314,0
U01071,Retail,16.0,1519,29,341,1
U01072,Consultoria,8.3,754,15,177,0
U01073,Salud,1.1,507,8,144,0
U01074,Retail,6.7,703,12,148,0
U01075,Educacion,9.4,667,12,166,0
U01076,Tech,6.2,769,7,96,0
U01077,Finanzas,6.7,650,8,114,1
U01078,Marketing,4.5,695,6,158,0
U01079,Tech,6.2,1058,18,243,0
U01080,Tech,13.5,1002,17,226,0
U01081,Salud,8.6,625,15,203,0
U01082,Educacion,5.0,444,12,194,0
U01083,Marketing,6.2,760,11,158,0
U01084,Retail,16.8,1390,28,315,0
U01085,Retail,3.3,601,4,120,0
U01086,Retail,4.6,466,14,163,0
U01087,Consultoria,6.7,680,12,151,1
U01088,Consultoria,4.8,546,8,117,0
U01089,Finanzas,16.4,1627,25,328,0
U01090,Marketing,13.7,995,24,247,1
U01091,Retail,6.6,553,11,163,1
U01092,Consultoria,24.5,1646,46,462,1
U01093,Finanzas,9.1,1062,12,167,0
U01094,Educacion,18.4,1543,22,262,0
U01095,Finanzas,17.3,1122,25,310,1
U01096,Consultoria,9.9,674,16,201,1
U01097,Salud,3.1,526,3,62,0
U01098,Salud,7.9,716,11,183,0
U01099,Retail,4.4,305,11,110,0
U01100,Salud,10.6,721,19,212,0
U01101,Retail,9.6,828,13,154,0
U01102,Retail,8.8,1669,20,272,0
U01103,Consultoria,12.4,1142,17,214,0
U01104,Salud,9.3,673,17,180,0
U01105,Retail,7.1,1058,8,150,0
U01106,Marketing,2.9,277,5,67,0
U01107,Educacion,4.8,445,10,105,1
U01108,Finanzas,3.5,830,11,136,0
U01109,Finanzas,12.9,876,22,243,0
U01110,Consultoria,6.8,1096,17,217,1
U01111,Salud,8.8,556,12,140,1
U01112,Salud,5.4,674,5,159,0
U01113,Retail,14.8,1184,22,277,0
U01114,Tech,11.1,1161,14,214,0
U01115,Retail,8.1,772,13,157,0
U01116,Educacion,7.3,741,13,154,1
U01117,Marketing,4.1,394,2,73,0
U01118,Finanzas,4.9,502,8,115,1
U01119,Retail,2.1,771,3,103,0
U01120,Tech,11.2,1016,25,277,1
U01121,Tech,11.9,1104,29,342,0
U01122,Retail,12.2,1037,22,261,0
U01123,Consultoria,3.7,443,13,155,0
U01124,Finanzas,17.6,1100,19,254,1
U01125,Consultoria,6.0,932,7,196,0
U01126,Marketing,10.4,1042,16,233,0
U01127,Tech,2.8,430,7,88,0
U01128,Tech,15.3,1046,25,280,0
U01129,Educacion,11.6,1138,23,270,0
U01130,Marketing,6.2,492,16,194,0
U01131,Tech,5.4,720,11,148,0
U01132,Marketing,11.4,838,21,242,0
U01133,Finanzas,15.3,1239,31,344,1
U01134,Salud,4.1,849,8,146,1
U01135,Tech,7.1,710,13,149,0
U01136,Educacion,5.3,686,15,166,0
U01137,Finanzas,15.7,1742,38,504,0
U01138,Retail,4.9,629,7,91,0
U01139,Marketing,2.9,291,4,81,0
U01140,Retail,11.7,1107,21,276,0
U01141,Consultoria,16.7,1203,23,258,0
U01142,Finanzas,11.3,1376,20,303,0
U01143,Retail,14.6,1071,19,239,0
U01144,Tech,23.5,1606,42,512,0
U01145,Marketing,20.7,1604,31,343,0
U01146,Salud,20.8,1563,30,346,0
U01147,Finanzas,5.3,719,9,130,0
U01148,Tech,11.8,888,19,216,0
U01149,Educacion,8.4,948,18,212,0
U01150,Consultoria,8.3,554,13,157,1
U01151,Marketing,14.9,1059,22,252,1
U01152,Finanzas,10.8,1036,20,269,0
U01153,Finanzas,7.2,475,14,190,0
U01154,Salud,4.7,632,6,87,0
U01155,Salud,10.8,958,23,252,0
U01156,Educacion,6.8,551,8,134,0
U01157,Consultoria,14.9,1245,27,318,1
U01158,Educacion,14.6,1026,20,238,0
U01159,Tech,9.9,1015,17,219,0
U01160,Tech,3.4,531,4,83,1
U01161,Educacion,5.7,830,9,174,0
U01162,Consultoria,21.4,2208,32,423,1
U01163,Educacion,10.6,966,18,218,0
U01164,Consultoria,16.7,1535,25,308,1
U01165,Consultoria,3.6,308,10,121,0
U01166,Retail,36.8,2596,59,631,1
U01167,Marketing,1.9,139,4,106,0
U01168,Consultoria,10.7,1047,21,244,1
U01169,Salud,1.7,196,6,77,0
U01170,Consultoria,14.9,1340,24,290,1
U01171,Consultoria,4.1,816,7,122,0
U01172,Consultoria,6.8,793,13,161,1
U01173,Retail,9.4,607,13,185,0
U01174,Retail,12.5,933,20,262,0
U01175,Tech,6.8,1286,14,212,0
U01176,Retail,8.7,897,13,167,0
U01177,Salud,9.2,981,9,182,0
U01178,Salud,8.0,584,14,152,0
U01179,Retail,6.7,524,12,150,1
U01180,Educacion,5.4,543,5,178,0
U01181,Marketing,9.5,1060,13,193,0
U01182,Retail,9.3,689,30,299,0
U01183,Consultoria,4.6,1107,8,164,0
U01184,Finanzas,6.7,464,6,116,1
U01185,Marketing,1.7,319,1,96,0
U01186,Marketing,6.5,1011,13,171,0
U01187,Salud,1.8,212,9,128,1
U01188,Marketing,5.4,496,13,160,0
U01189,Retail,3.5,495,5,99,0
U01190,Consultoria,4.3,364,12,144,0
U01191,Consultoria,17.1,1076,26,291,1
U01192,Tech,3.1,324,4,56,0
U01193,Consultoria,5.8,918,10,148,0
U01194,Consultoria,9.4,780,13,173,0
U01195,Salud,1.4,185,3,75,0
U01196,Consultoria,6.8,513,19,212,0
U01197,Tech,8.9,1005,13,187,1
U01198,Finanzas,3.3,340,9,137,0
U01199,Retail,2.4,488,4,138,0
U01200,Salud,12.4,939,34,346,1
U01201,Finanzas,1.4,405,4,68,0
U01202,Salud,5.7,814,16,229,0
U01203,Educacion,3.0,678,8,143,0
U01204,Marketing,0.8,161,2,50,0
U01205,Educacion,15.0,1121,22,294,1
U01206,Consultoria,11.7,869,19,211,0
U01207,Finanzas,15.8,1489,20,262,1
U01208,Consultoria,8.3,610,7,111,1
U01209,Marketing,3.0,518,8,154,0
U01210,Salud,5.3,643,9,144,1
U01211,Marketing,2.3,259,4,57,0
U01212,Tech,6.3,428,9,228,0
U01213,Marketing,14.4,1011,24,290,0
U01214,Tech,5.3,516,14,156,0
U01215,Marketing,9.5,777,13,220,1
U01216,Retail,9.0,732,16,197,0
U01217,Tech,2.8,564,3,81,0
U01218,Finanzas,2.8,608,8,124,0
U01219,Consultoria,11.5,1210,13,196,0
U01220,Consultoria,3.9,369,10,129,0
U01221,Educacion,9.8,817,17,206,1
U01222,Consultoria,3.8,874,9,137,0
U01223,Salud,4.5,491,7,98,1
U01224,Retail,9.7,744,21,241,1
U01225,Marketing,6.6,766,8,120,0
U01226,Educacion,5.9,762,10,158,0
U01227,Salud,3.5,432,7,152,0
U01228,Salud,8.2,672,9,137,0
U01229,Tech,4.0,339,9,126,0
U01230,Consultoria,10.6,823,11,193,0
U01231,Finanzas,3.6,289,6,89,0
U01232,Finanzas,5.9,881,8,128,0
U01233,Educacion,10.7,701,22,213,0
U01234,Retail,9.2,699,14,182,0
U01235,Finanzas,9.7,872,18,208,0
U01236,Marketing,6.9,676,16,187,1
U01237,Finanzas,3.0,303,10,99,0
U01238,Educacion,12.7,1076,21,247,0
U01239,Finanzas,7.4,521,12,134,0
U01240,Marketing,4.7,574,7,95,1
U01241,Tech,4.4,398,2,49,1
U01242,Retail,19.1,1216,33,337,0
U01243,Educacion,6.6,595,8,151,0
U01244,Tech,2.4,606,2,113,0
U01245,Tech,15.4,1053,26,296,0
U01246,Tech,5.9,761,13,236,1
U01247,Salud,4.9,534,6,99,0
U01248,Retail,3.2,296,9,102,0
U01249,Consultoria,7.7,643,16,190,0
U01250,Retail,13.1,1004,28,288,0
U01251,Salud,7.9,535,17,195,0
U01252,Consultoria,5.2,489,10,154,0
U01253,Retail,2.1,198,3,47,0
U01254,Tech,6.1,803,12,218,0
U01255,Educacion,8.9,874,20,319,1
U01256,Consultoria,3.8,554,9,201,0
U01257,Marketing,15.8,1086,25,259,0
U01258,Marketing,5.3,425,12,138,0
U01259,Finanzas,9.4,858,13,185,1
U01260,Consultoria,5.5,760,15,167,0
U01261,Educacion,12.1,1597,12,185,1
U01262,Salud,8.2,1034,10,136,1
U01263,Tech,18.5,1719,41,446,1
U01264,Finanzas,8.3,998,12,186,0
U01265,Marketing,10.5,851,16,235,0
U01266,Salud,8.6,634,16,205,0
U01267,Salud,3.0,209,2,77,0
U01268,Tech,15.2,1113,25,262,1
U01269,Consultoria,9.4,1049,12,186,0
U01270,Marketing,10.7,795,22,245,0
U01271,Educacion,13.9,1101,27,289,0
U01272,Salud,14.3,1011,26,282,1
U01273,Tech,3.2,531,8,131,0
U01274,Educacion,2.7,359,5,111,0
U01275,Consultoria,4.1,254,11,206,0
U01276,Marketing,2.8,242,3,78,0
U01277,Consultoria,5.4,714,8,156,0
U01278,Salud,3.1,209,8,130,0
U01279,Educacion,3.2,450,11,177,0
U01280,Educacion,9.2,937,11,147,1
U01281,Educacion,1.9,181,5,82,0
U01282,Salud,7.6,944,17,197,0
U01283,Salud,12.7,1396,19,237,0
U01284,Consultoria,12.6,837,16,213,0
U01285,Finanzas,10.9,801,19,236,0
U01286,Consultoria,11.8,987,13,195,1
U01287,Marketing,11.4,1382,22,265,1
U01288,Tech,3.2,371,8,116,0
U01289,Educacion,6.3,799,12,161,0
U01290,Finanzas,11.1,928,15,208,0
U01291,Tech,5.3,465,11,177,1
U01292,Finanzas,5.3,359,6,80,0
U01293,Retail,8.8,654,10,144,0
U01294,Consultoria,20.3,1345,39,436,1
U01295,Salud,12.4,1529,27,299,0
U01296,Educacion,1.9,570,5,129,0
U01297,Consultoria,8.2,669,15,157,1
U01298,Tech,3.5,482,8,100,0
U01299,Retail,12.9,913,25,276,1
U01300,Retail,16.0,1530,19,253,1
U01301,Retail,22.3,1480,36,385,0
U01302,Tech,12.6,883,20,304,1
U01303,Tech,10.3,872,15,174,0
U01304,Tech,10.5,696,17,215,0
U01305,Tech,3.4,414,7,179,0
U01306,Retail,7.1,571,10,166,0
U01307,Retail,8.4,854,14,196,0
U01308,Finanzas,4.6,872,4,113,0
U01309,Consultoria,10.0,845,11,153,1
U01310,Educacion,24.1,1720,54,539,1
U01311,Salud,1.7,499,3,58,0
U01312,Retail,11.0,709,14,210,0
U01313,Salud,7.2,596,8,103,0
U01314,Consultoria,10.2,1032,13,185,0
U01315,Consultoria,8.3,1036,13,180,0
U01316,Salud,6.1,764,10,154,0
U01317,Retail,2.4,793,6,137,0
U01318,Salud,11.5,822,28,287,0
U01319,Finanzas,10.0,1115,10,148,0
U01320,Marketing,10.0,843,13,164,1
U01321,Retail,15.2,948,32,317,0
U01322,Retail,5.2,647,12,233,0
U01323,Educacion,7.2,636,9,179,0
U01324,Tech,4.0,1120,10,144,0
U01325,Marketing,5.1,603,11,143,1
U01326,Consultoria,2.7,338,7,86,1
U01327,Retail,4.2,520,13,148,0
U01328,Salud,9.4,732,21,225,0
U01329,Marketing,22.8,1458,34,360,1
U01330,Educacion,3.1,437,6,129,0
U01331,Consultoria,6.1,491,10,145,0
U01332,Tech,20.4,1675,33,385,0
U01333,Tech,10.5,1518,22,332,1
U01334,Educacion,9.0,723,20,252,0
U01335,Educacion,3.8,898,6,125,0
U01336,Salud,6.5,446,9,133,0
U01337,Retail,4.8,770,7,157,0
U01338,Tech,9.9,890,16,232,1
U01339,Consultoria,10.0,960,18,195,0
U01340,Marketing,5.4,873,9,159,0
U01341,Consultoria,6.2,689,15,188,1
U01342,Finanzas,15.2,974,15,219,0
U01343,Finanzas,16.3,1386,25,274,0
U01344,Educacion,5.8,704,12,198,0
U01345,Salud,5.9,546,14,192,1
U01346,Finanzas,2.9,393,3,67,1
U01347,Tech,6.2,802,8,198,0
U01348,Consultoria,7.7,749,8,113,0
U01349,Consultoria,2.0,298,3,76,0
U01350,Educacion,9.6,845,16,190,1
U01351,Retail,6.3,475,17,176,0
U01352,Retail,17.1,1154,18,231,0
U01353,Marketing,17.6,1300,26,279,0
U01354,Educacion,23.1,1620,40,454,0
U01355,Marketing,9.5,855,15,306,1
U01356,Retail,6.1,606,22,218,0
U01357,Educacion,9.1,624,24,303,0
U01358,Educacion,6.4,1047,8,180,0
U01359,Educacion,15.3,1451,26,288,1
U01360,Retail,11.5,1014,23,245,0
U01361,Marketing,5.4,494,14,173,0
U01362,Marketing,11.6,1180,20,270,0
U01363,Educacion,1.6,543,3,119,0
U01364,Finanzas,18.3,1705,16,243,0
U01365,Salud,4.5,650,6,113,0
U01366,Retail,16.9,1207,30,309,0
U01367,Salud,5.4,695,9,187,0
U01368,Salud,8.0,512,18,234,1
U01369,Marketing,6.0,541,15,193,0
U01370,Marketing,10.1,1380,19,252,0
U01371,Finanzas,3.1,266,9,165,0
U01372,Salud,0.9,99,0,16,0
U01373,Salud,16.1,1163,32,352,0
U01374,Educacion,18.2,1293,34,443,0
U01375,Marketing,5.4,784,9,122,1
U01376,Salud,4.0,541,15,270,0
U01377,Consultoria,6.5,638,12,190,1
U01378,Finanzas,3.1,237,1,72,0
U01379,Consultoria,9.5,822,19,271,1
U01380,Consultoria,5.8,482,7,148,1
U01381,Retail,5.3,736,7,100,0
U01382,Retail,4.9,552,10,115,0
U01383,Finanzas,7.0,434,13,146,0
U01384,Consultoria,5.9,944,10,168,1
U01385,Salud,7.2,525,13,201,0
U01386,Marketing,4.6,551,6,102,0
U01387,Finanzas,14.0,1062,16,198,1
U01388,Educacion,9.5,932,12,202,0
U01389,Consultoria,7.2,586,15,175,0
U01390,Finanzas,3.5,343,7,116,0
U01391,Tech,13.5,1021,29,316,1
U01392,Tech,4.8,927,10,144,0
U01393,Retail,7.9,558,5,86,0
U01394,Marketing,4.9,550,6,86,0
U01395,Salud,11.5,999,20,283,0
U01396,Marketing,1.3,356,2,57,0
U01397,Marketing,4.9,453,9,111,0
U01398,Marketing,11.6,880,18,193,1
U01399,Marketing,4.3,478,4,60,0
U01400,Educacion,1.3,323,8,92,0
