transaccion_id,fecha,pais,divisa,metodo,sector,importe_usd,comision_usd,es_fraude,rechazada
txn_100000,2024-11-10,BR,BRL,card,Marketplace,102.99,1.84,0,0
txn_100001,2024-06-13,BR,BRL,card,Suscripcion,96.29,2.94,0,0
txn_100002,2024-07-21,DE,EUR,card,SaaS,12.75,0.59,0,0
txn_100003,2024-11-22,GB,GBP,bnpl,Marketplace,22.85,0.64,0,1
txn_100004,2024-09-29,US,USD,wallet,Suscripcion,23.4,0.69,0,0
txn_100005,2024-06-23,US,USD,card,Donaciones,14.78,0.61,0,0
txn_100006,2024-10-31,ES,EUR,card,Donaciones,47.25,1.19,0,0
txn_100007,2024-01-03,US,USD,card,Suscripcion,50.3,1.46,0,0
txn_100008,2024-02-21,DE,EUR,card,SaaS,189.51,4.8,0,0
txn_100009,2024-07-21,BR,BRL,wallet,Marketplace,80.03,1.74,0,0
txn_100010,2024-11-08,US,USD,card,Suscripcion,10.52,0.41,0,0
txn_100011,2024-10-13,ES,EUR,card,Marketplace,72.83,1.71,0,0
txn_100012,2024-09-21,US,USD,card,Donaciones,62.53,1.28,0,0
txn_100013,2024-05-19,ES,EUR,card,SaaS,22.97,0.79,0,0
txn_100014,2024-11-28,US,USD,bnpl,Ecommerce,13.52,0.49,0,0
txn_100015,2024-04-09,BR,BRL,card,Donaciones,12.87,0.6,0,0
txn_100016,2024-03-05,GB,GBP,card,Marketplace,7.46,0.44,0,0
txn_100017,2024-08-25,FR,EUR,card,SaaS,11.87,0.49,0,0
txn_100018,2024-02-07,GB,GBP,card,Donaciones,9.9,0.41,0,0
txn_100019,2024-01-09,GB,GBP,card,Ecommerce,7.26,0.4,0,0
txn_100020,2024-12-09,DE,EUR,card,Marketplace,12.32,0.51,0,0
txn_100021,2024-01-08,DE,EUR,card,Ecommerce,118.22,3.49,0,0
txn_100022,2024-04-12,US,USD,wallet,SaaS,49.84,1.49,0,0
txn_100023,2024-01-14,IN,INR,card,Ecommerce,16.48,0.57,0,0
txn_100024,2024-04-16,GB,GBP,bnpl,Donaciones,30.81,0.8,0,0
txn_100025,2024-12-29,US,USD,card,Suscripcion,44.25,1.37,0,0
txn_100026,2024-10-09,DE,EUR,card,SaaS,23.29,0.71,0,0
txn_100027,2024-03-29,US,USD,bnpl,Suscripcion,224.98,6.2,0,0
txn_100028,2024-03-12,FR,EUR,bank_transfer,SaaS,13.68,0.6,0,0
txn_100029,2024-03-25,US,USD,card,SaaS,40.43,1.23,0,0
txn_100030,2024-03-14,ES,EUR,card,Marketplace,25.34,0.88,0,0
txn_100031,2024-05-25,US,USD,bnpl,SaaS,25.52,0.79,0,0
txn_100032,2024-01-10,US,USD,bnpl,Marketplace,47.79,1.37,0,0
txn_100033,2024-08-06,GB,GBP,bnpl,SaaS,14.32,0.62,0,0
txn_100034,2024-10-30,US,USD,card,Ecommerce,17.82,0.56,0,0
txn_100035,2024-05-31,IN,INR,wallet,Ecommerce,13.95,0.58,0,0
txn_100036,2024-09-30,US,USD,card,Suscripcion,276.06,4.55,0,0
txn_100037,2024-04-23,US,USD,bank_transfer,Ecommerce,27.94,1.03,0,0
txn_100038,2024-01-08,US,USD,card,Marketplace,27.3,0.7,0,0
txn_100039,2024-04-26,ES,EUR,card,Suscripcion,38.8,1.3,0,1
txn_100040,2024-04-01,US,USD,card,Ecommerce,206.58,4.43,0,0
txn_100041,2024-11-01,DE,EUR,card,SaaS,48.86,1.61,0,0
txn_100042,2024-10-20,IN,INR,bnpl,Ecommerce,48.92,1.41,0,0
txn_100043,2024-11-09,DE,EUR,card,Suscripcion,2.17,0.29,0,0
txn_100044,2024-06-01,US,USD,card,SaaS,244.71,5.02,0,0
txn_100045,2024-04-18,GB,GBP,wallet,Ecommerce,152.94,4.49,0,0
txn_100046,2024-08-26,DE,EUR,bank_transfer,Marketplace,90.99,2.25,0,0
txn_100047,2024-09-11,BR,BRL,card,Marketplace,29.67,0.94,0,0
txn_100048,2024-02-20,US,USD,bnpl,Donaciones,10.08,0.51,0,0
txn_100049,2024-04-02,BR,BRL,bnpl,SaaS,9.6,0.4,0,0
txn_100050,2024-06-19,FR,EUR,card,Marketplace,51.15,1.55,0,0
txn_100051,2024-02-13,FR,EUR,bnpl,Suscripcion,6.43,0.35,0,0
txn_100052,2024-05-02,BR,BRL,wallet,Donaciones,47.28,1.45,0,0
txn_100053,2024-02-24,GB,GBP,card,Suscripcion,109.93,2.51,0,0
txn_100054,2024-10-12,DE,EUR,bnpl,Ecommerce,92.65,2.07,0,0
txn_100055,2024-11-07,JP,JPY,card,Ecommerce,29.2,0.71,0,0
txn_100056,2024-10-29,US,USD,card,Donaciones,9.24,0.44,0,0
txn_100057,2024-02-10,IN,INR,wallet,Marketplace,2.88,0.33,0,0
txn_100058,2024-08-31,US,USD,bnpl,SaaS,42.61,0.9,0,1
txn_100059,2024-10-11,US,USD,card,Suscripcion,90.25,2.75,0,1
txn_100060,2024-08-09,US,USD,card,Suscripcion,8.79,0.4,0,0
txn_100061,2024-10-09,BR,BRL,bnpl,SaaS,121.28,3.47,0,0
txn_100062,2024-09-29,US,USD,card,Marketplace,40.5,1.33,0,0
txn_100063,2024-09-16,US,USD,card,SaaS,242.95,5.88,0,0
txn_100064,2024-09-16,US,USD,bank_transfer,Marketplace,101.61,1.81,0,0
txn_100065,2024-08-20,DE,EUR,wallet,Ecommerce,52.54,1.1,0,0
txn_100066,2024-08-25,FR,EUR,wallet,Ecommerce,124.72,2.27,0,0
txn_100067,2024-02-19,DE,EUR,card,Suscripcion,43.65,1.06,0,0
txn_100068,2024-05-29,FR,EUR,card,SaaS,6.37,0.4,0,1
txn_100069,2024-03-23,GB,GBP,card,SaaS,12.7,0.54,0,0
txn_100070,2024-10-15,ES,EUR,card,Ecommerce,117.95,2.66,0,0
txn_100071,2024-11-20,DE,EUR,wallet,Marketplace,69.33,1.74,0,0
txn_100072,2024-06-29,GB,GBP,bank_transfer,Ecommerce,71.79,1.33,0,0
txn_100073,2024-03-04,US,USD,card,Marketplace,102.42,2.82,0,0
txn_100074,2024-02-26,IN,INR,card,Donaciones,16.59,0.51,0,0
txn_100075,2024-04-23,JP,JPY,wallet,Marketplace,61.04,1.75,0,0
txn_100076,2024-07-11,US,USD,card,Donaciones,76.34,1.51,0,0
txn_100077,2024-12-28,DE,EUR,bank_transfer,Suscripcion,29.65,0.86,0,0
txn_100078,2024-06-20,BR,BRL,card,Marketplace,24.58,0.66,0,1
txn_100079,2024-06-28,US,USD,card,SaaS,129.36,3.02,0,0
txn_100080,2024-08-25,IN,INR,wallet,Marketplace,27.7,0.95,0,0
txn_100081,2024-11-05,DE,EUR,card,Suscripcion,67.5,1.97,0,0
txn_100082,2024-11-07,IN,INR,card,SaaS,9.31,0.45,0,0
txn_100083,2024-08-18,GB,GBP,bank_transfer,Donaciones,15.77,0.55,0,1
txn_100084,2024-04-22,JP,JPY,card,Marketplace,7.44,0.35,0,0
txn_100085,2024-08-15,FR,EUR,bnpl,Suscripcion,144.42,3.92,0,0
txn_100086,2024-11-13,JP,JPY,wallet,Marketplace,80.31,2.26,0,0
txn_100087,2024-12-26,ES,EUR,bnpl,SaaS,48.13,1.45,0,0
txn_100088,2024-10-11,US,USD,card,Marketplace,20.64,0.84,0,0
txn_100089,2024-02-01,GB,GBP,wallet,Donaciones,18.35,0.73,0,0
txn_100090,2024-01-18,US,USD,card,Suscripcion,11.73,0.53,0,0
txn_100091,2024-10-20,IN,INR,wallet,Ecommerce,47.74,1.09,0,0
txn_100092,2024-09-04,US,USD,card,Ecommerce,61.45,1.48,0,0
txn_100093,2024-05-07,US,USD,bank_transfer,Marketplace,604.41,11.42,0,0
txn_100094,2024-03-09,US,USD,bank_transfer,Suscripcion,69.24,1.57,0,0
txn_100095,2024-05-29,JP,JPY,card,Donaciones,31.31,0.96,0,0
txn_100096,2024-11-30,FR,EUR,card,Marketplace,279.39,4.72,0,0
txn_100097,2024-06-14,US,USD,card,Ecommerce,44.48,1.1,0,0
txn_100098,2024-04-14,BR,BRL,card,Suscripcion,33.46,0.84,0,0
txn_100099,2024-08-04,DE,EUR,wallet,Ecommerce,49.38,1.16,0,0
txn_100100,2024-04-13,US,USD,bank_transfer,SaaS,58.1,1.75,0,0
txn_100101,2024-09-03,DE,EUR,bnpl,Marketplace,22.67,0.63,0,0
txn_100102,2024-07-06,ES,EUR,bnpl,Donaciones,27.93,0.66,0,0
txn_100103,2024-01-24,US,USD,card,Marketplace,13.37,0.54,0,0
txn_100104,2024-01-23,US,USD,card,Donaciones,12.51,0.46,0,0
txn_100105,2024-02-11,GB,GBP,card,Ecommerce,11.72,0.41,0,0
txn_100106,2024-10-12,GB,GBP,card,Marketplace,11.89,0.46,0,0
txn_100107,2024-03-24,DE,EUR,wallet,Ecommerce,49.94,1.65,0,0
txn_100108,2024-01-18,BR,BRL,card,Donaciones,29.77,1.08,1,1
txn_100109,2024-08-14,US,USD,card,Donaciones,110.16,2.73,0,0
txn_100110,2024-08-14,US,USD,bank_transfer,Marketplace,64.58,1.9,0,0
txn_100111,2024-08-08,IN,INR,card,Suscripcion,260.78,5.32,0,0
txn_100112,2024-03-20,BR,BRL,wallet,Ecommerce,73.62,1.63,0,1
txn_100113,2024-03-01,GB,GBP,card,Donaciones,8.95,0.47,0,0
txn_100114,2024-02-16,IN,INR,card,Ecommerce,45.74,1.37,0,0
txn_100115,2024-01-07,JP,JPY,card,Suscripcion,264.36,6.27,0,0
txn_100116,2024-08-15,IN,INR,card,SaaS,31.0,0.71,0,0
txn_100117,2024-01-07,ES,EUR,bank_transfer,SaaS,109.43,2.16,0,0
txn_100118,2024-05-24,FR,EUR,card,Marketplace,55.55,1.63,0,0
txn_100119,2024-07-07,JP,JPY,card,Suscripcion,29.3,1.01,0,0
txn_100120,2024-05-24,US,USD,bank_transfer,Donaciones,47.87,1.03,0,0
txn_100121,2024-11-30,US,USD,bank_transfer,Suscripcion,10.19,0.46,0,0
txn_100122,2024-09-28,GB,GBP,card,SaaS,1.93,0.3,0,0
txn_100123,2024-10-19,IN,INR,bank_transfer,Suscripcion,25.56,0.69,0,1
txn_100124,2024-09-20,JP,JPY,card,Suscripcion,33.03,0.91,0,0
txn_100125,2024-08-08,FR,EUR,card,SaaS,24.58,0.77,0,0
txn_100126,2024-02-29,GB,GBP,card,Ecommerce,58.41,1.37,0,0
txn_100127,2024-11-18,US,USD,wallet,Marketplace,17.07,0.54,0,0
txn_100128,2024-01-17,DE,EUR,card,SaaS,12.08,0.59,0,0
txn_100129,2024-04-17,US,USD,card,SaaS,32.66,1.14,0,0
txn_100130,2024-01-27,JP,JPY,bnpl,Marketplace,50.29,1.18,0,0
txn_100131,2024-07-17,IN,INR,wallet,Marketplace,23.35,0.67,0,0
txn_100132,2024-04-18,FR,EUR,wallet,Donaciones,6.76,0.39,0,0
txn_100133,2024-02-14,US,USD,bnpl,Marketplace,28.56,0.69,0,0
txn_100134,2024-06-13,US,USD,card,SaaS,18.46,0.71,0,0
txn_100135,2024-03-31,GB,GBP,card,Donaciones,4.62,0.33,0,0
txn_100136,2024-06-28,BR,BRL,card,Ecommerce,30.37,0.92,0,0
txn_100137,2024-06-25,US,USD,bnpl,SaaS,224.11,3.94,0,0
txn_100138,2024-02-13,US,USD,card,Ecommerce,46.19,1.12,0,0
txn_100139,2024-03-09,GB,GBP,card,Donaciones,1.46,0.29,0,0
txn_100140,2024-05-04,US,USD,bnpl,Donaciones,16.72,0.57,0,0
txn_100141,2024-03-18,BR,BRL,wallet,Suscripcion,42.27,1.12,0,1
txn_100142,2024-01-23,JP,JPY,card,Suscripcion,101.17,1.86,0,0
txn_100143,2024-04-26,GB,GBP,bnpl,Donaciones,11.64,0.49,0,0
txn_100144,2024-05-05,DE,EUR,bnpl,Marketplace,47.11,1.39,0,1
txn_100145,2024-10-01,DE,EUR,bank_transfer,Donaciones,71.15,1.81,0,0
txn_100146,2024-09-27,JP,JPY,card,Donaciones,32.44,0.98,0,0
txn_100147,2024-08-24,IN,INR,card,SaaS,16.41,0.58,0,0
txn_100148,2024-08-27,US,USD,wallet,SaaS,84.09,1.45,0,0
txn_100149,2024-03-31,BR,BRL,bank_transfer,Donaciones,11.9,0.44,0,0
txn_100150,2024-11-29,US,USD,wallet,Suscripcion,57.44,1.52,0,0
txn_100151,2024-08-16,FR,EUR,card,Ecommerce,115.59,3.56,0,0
txn_100152,2024-11-16,US,USD,card,Donaciones,108.28,2.49,0,0
txn_100153,2024-06-28,GB,GBP,card,Donaciones,40.94,1.03,0,0
txn_100154,2024-12-24,JP,JPY,bank_transfer,Suscripcion,9.34,0.49,0,0
txn_100155,2024-08-24,DE,EUR,card,Donaciones,57.53,1.28,0,0
txn_100156,2024-11-10,US,USD,wallet,Ecommerce,18.01,0.5,0,0
txn_100157,2024-10-10,IN,INR,card,Donaciones,10.74,0.46,0,0
txn_100158,2024-08-14,US,USD,card,Marketplace,19.2,0.8,0,0
txn_100159,2024-11-19,BR,BRL,card,Marketplace,23.36,0.62,0,0
txn_100160,2024-07-02,GB,GBP,card,Ecommerce,87.74,2.34,0,0
txn_100161,2024-09-23,DE,EUR,card,Donaciones,106.81,2.26,0,0
txn_100162,2024-05-09,US,USD,wallet,Donaciones,79.11,2.34,0,0
txn_100163,2024-10-20,GB,GBP,wallet,Donaciones,10.3,0.53,0,0
txn_100164,2024-07-14,US,USD,card,Ecommerce,12.34,0.43,1,1
txn_100165,2024-08-26,BR,BRL,card,Ecommerce,256.85,4.49,0,0
txn_100166,2024-10-26,IN,INR,card,Marketplace,167.32,3.58,0,0
txn_100167,2024-10-01,BR,BRL,card,Marketplace,242.42,4.98,0,0
txn_100168,2024-02-01,BR,BRL,card,Donaciones,23.98,0.65,0,0
txn_100169,2024-08-27,JP,JPY,card,Suscripcion,78.85,1.82,0,0
txn_100170,2024-03-21,IN,INR,card,Donaciones,24.54,0.7,0,0
txn_100171,2024-09-17,DE,EUR,bank_transfer,Ecommerce,23.27,0.59,0,0
txn_100172,2024-10-04,US,USD,card,Ecommerce,6.3,0.39,0,0
txn_100173,2024-07-25,DE,EUR,card,Marketplace,15.18,0.48,1,1
txn_100174,2024-03-03,IN,INR,wallet,Donaciones,31.34,0.91,0,0
txn_100175,2024-08-02,US,USD,card,Marketplace,9.48,0.48,0,0
txn_100176,2024-03-05,US,USD,card,Marketplace,32.7,1.13,0,0
txn_100177,2024-04-06,US,USD,card,Ecommerce,97.07,1.91,0,0
txn_100178,2024-02-12,US,USD,card,SaaS,3.08,0.3,0,0
txn_100179,2024-12-30,IN,INR,card,SaaS,13.59,0.52,0,0
txn_100180,2024-03-03,FR,EUR,wallet,Suscripcion,10.64,0.48,0,0
txn_100181,2024-08-02,GB,GBP,card,Donaciones,37.68,0.96,0,0
txn_100182,2024-05-11,IN,INR,card,Marketplace,20.41,0.67,0,0
txn_100183,2024-04-30,JP,JPY,card,Donaciones,106.06,2.64,0,0
txn_100184,2024-05-06,DE,EUR,card,Suscripcion,35.08,0.79,0,0
txn_100185,2024-07-24,GB,GBP,card,Donaciones,34.66,0.87,0,0
txn_100186,2024-01-20,FR,EUR,wallet,Suscripcion,180.24,3.83,0,0
txn_100187,2024-09-06,US,USD,card,Suscripcion,54.6,1.04,0,0
txn_100188,2024-01-03,DE,EUR,card,Marketplace,48.21,1.16,0,0
txn_100189,2024-02-28,FR,EUR,card,Donaciones,23.71,0.76,0,0
txn_100190,2024-03-09,JP,JPY,bank_transfer,Suscripcion,12.66,0.59,0,0
txn_100191,2024-07-25,IN,INR,card,Ecommerce,2.39,0.31,0,0
txn_100192,2024-10-17,GB,GBP,card,Suscripcion,17.42,0.57,0,0
txn_100193,2024-06-18,US,USD,card,Marketplace,135.57,2.48,0,0
txn_100194,2024-06-17,FR,EUR,card,Marketplace,50.51,1.12,0,0
txn_100195,2024-12-12,GB,GBP,card,Marketplace,49.26,1.54,0,0
txn_100196,2024-08-20,ES,EUR,bank_transfer,Suscripcion,15.22,0.56,0,0
txn_100197,2024-01-15,JP,JPY,bnpl,Donaciones,16.35,0.55,0,1
txn_100198,2024-02-13,JP,JPY,bank_transfer,Suscripcion,80.97,2.4,0,0
txn_100199,2024-05-25,IN,INR,card,Donaciones,24.15,0.61,0,0
txn_100200,2024-12-18,US,USD,card,SaaS,157.83,4.51,0,0
txn_100201,2024-12-11,JP,JPY,bank_transfer,Ecommerce,35.63,1.17,0,0
txn_100202,2024-09-14,IN,INR,bnpl,Marketplace,1.56,0.28,0,0
txn_100203,2024-01-29,GB,GBP,card,Donaciones,52.99,1.35,0,0
txn_100204,2024-03-16,US,USD,card,Suscripcion,283.88,5.16,0,0
txn_100205,2024-01-18,JP,JPY,card,Marketplace,29.24,0.69,0,0
txn_100206,2024-08-17,IN,INR,card,Donaciones,64.36,1.92,0,0
txn_100207,2024-02-03,JP,JPY,card,SaaS,425.05,8.99,0,0
txn_100208,2024-03-07,BR,BRL,card,Marketplace,170.94,4.32,0,0
txn_100209,2024-03-02,US,USD,wallet,Suscripcion,27.17,0.71,0,0
txn_100210,2024-06-08,DE,EUR,card,Suscripcion,1.42,0.28,0,0
txn_100211,2024-03-24,US,USD,card,Ecommerce,31.24,0.71,0,0
txn_100212,2024-01-23,IN,INR,card,Donaciones,64.13,1.77,0,0
txn_100213,2024-08-18,FR,EUR,bank_transfer,Donaciones,260.83,6.49,0,0
txn_100214,2024-10-24,GB,GBP,card,Donaciones,38.26,1.21,0,0
txn_100215,2024-03-13,BR,BRL,card,Ecommerce,36.06,1.16,0,0
txn_100216,2024-02-26,US,USD,bnpl,Suscripcion,238.99,4.64,0,0
txn_100217,2024-03-05,BR,BRL,wallet,Suscripcion,96.15,2.29,0,0
txn_100218,2024-07-20,GB,GBP,card,Donaciones,11.26,0.42,0,0
txn_100219,2024-06-13,BR,BRL,wallet,Ecommerce,19.63,0.6,0,0
txn_100220,2024-03-29,DE,EUR,card,Donaciones,34.9,0.9,0,0
txn_100221,2024-05-15,GB,GBP,card,Suscripcion,5.75,0.4,0,0
txn_100222,2024-12-31,ES,EUR,bank_transfer,Donaciones,1.78,0.3,0,0
txn_100223,2024-01-06,DE,EUR,card,Donaciones,3.5,0.32,0,0
txn_100224,2024-02-09,DE,EUR,bank_transfer,Suscripcion,12.74,0.58,0,0
txn_100225,2024-04-25,IN,INR,bank_transfer,SaaS,47.5,1.11,0,0
txn_100226,2024-04-18,GB,GBP,card,Donaciones,56.55,1.21,0,0
txn_100227,2024-09-06,GB,GBP,bank_transfer,SaaS,16.42,0.52,0,0
txn_100228,2024-09-05,IN,INR,card,Ecommerce,10.37,0.43,0,0
txn_100229,2024-06-07,US,USD,card,Suscripcion,37.62,1.21,0,0
txn_100230,2024-01-02,IN,INR,card,Donaciones,113.48,3.53,0,0
txn_100231,2024-02-02,DE,EUR,wallet,Donaciones,32.09,1.06,0,0
txn_100232,2024-06-24,US,USD,card,Marketplace,7.76,0.43,0,0
txn_100233,2024-12-03,GB,GBP,card,Ecommerce,207.59,5.43,0,0
txn_100234,2024-03-08,DE,EUR,card,SaaS,163.03,3.24,0,0
txn_100235,2024-04-10,BR,BRL,card,Donaciones,34.92,0.81,0,0
txn_100236,2024-05-26,US,USD,bank_transfer,Donaciones,15.86,0.51,0,0
txn_100237,2024-11-07,US,USD,bank_transfer,Donaciones,2.78,0.3,0,0
txn_100238,2024-10-05,GB,GBP,wallet,Marketplace,35.92,1.17,0,0
txn_100239,2024-07-12,DE,EUR,bank_transfer,SaaS,7.26,0.44,0,0
txn_100240,2024-07-03,US,USD,card,Ecommerce,32.1,0.98,0,0
txn_100241,2024-09-26,IN,INR,card,Donaciones,23.95,0.77,0,0
txn_100242,2024-12-01,JP,JPY,wallet,Suscripcion,505.55,10.0,0,0
txn_100243,2024-05-30,JP,JPY,card,Marketplace,36.68,0.92,0,0
txn_100244,2024-04-20,JP,JPY,bank_transfer,Donaciones,28.5,0.79,0,0
txn_100245,2024-03-21,IN,INR,card,Marketplace,11.85,0.52,0,0
txn_100246,2024-01-12,GB,GBP,bank_transfer,Donaciones,31.33,1.13,0,0
txn_100247,2024-09-30,US,USD,bank_transfer,Ecommerce,44.53,1.02,0,0
txn_100248,2024-01-10,US,USD,card,Marketplace,10.58,0.51,0,0
txn_100249,2024-06-13,DE,EUR,card,SaaS,48.71,1.08,0,0
txn_100250,2024-02-21,GB,GBP,card,SaaS,12.01,0.58,0,0
txn_100251,2024-02-02,US,USD,card,SaaS,7.87,0.37,0,0
txn_100252,2024-07-31,US,USD,bank_transfer,Donaciones,39.67,1.18,0,0
txn_100253,2024-06-12,DE,EUR,wallet,Marketplace,100.09,2.35,0,0
txn_100254,2024-03-31,US,USD,card,Donaciones,63.9,1.46,0,0
txn_100255,2024-04-22,US,USD,wallet,Ecommerce,97.72,2.63,0,0
txn_100256,2024-07-21,FR,EUR,card,Ecommerce,240.07,5.81,0,0
txn_100257,2024-09-06,ES,EUR,wallet,Marketplace,11.44,0.49,0,0
txn_100258,2024-09-28,US,USD,card,Suscripcion,22.28,0.82,0,0
txn_100259,2024-06-29,FR,EUR,bnpl,Suscripcion,46.14,1.31,0,0
txn_100260,2024-12-03,DE,EUR,card,Marketplace,77.99,1.89,0,0
txn_100261,2024-02-04,US,USD,card,SaaS,36.28,0.99,0,0
txn_100262,2024-02-26,US,USD,card,Suscripcion,19.69,0.58,0,0
txn_100263,2024-10-05,ES,EUR,card,Ecommerce,4.42,0.37,0,0
txn_100264,2024-03-22,IN,INR,bnpl,Suscripcion,49.46,1.13,0,0
txn_100265,2024-07-11,JP,JPY,bnpl,SaaS,27.47,0.99,0,0
txn_100266,2024-04-20,DE,EUR,bank_transfer,Ecommerce,94.31,2.96,0,0
txn_100267,2024-04-27,BR,BRL,card,SaaS,57.75,1.54,0,0
txn_100268,2024-05-02,GB,GBP,wallet,Suscripcion,19.18,0.56,0,0
txn_100269,2024-10-04,DE,EUR,card,SaaS,10.7,0.4,0,0
txn_100270,2024-01-24,ES,EUR,card,Donaciones,61.72,1.65,0,0
txn_100271,2024-06-11,US,USD,wallet,Ecommerce,11.1,0.42,0,0
txn_100272,2024-11-26,US,USD,card,Marketplace,24.34,0.65,0,0
txn_100273,2024-12-14,BR,BRL,card,Suscripcion,4.9,0.34,0,0
txn_100274,2024-05-08,US,USD,card,SaaS,22.14,0.57,0,0
txn_100275,2024-10-23,FR,EUR,wallet,Marketplace,66.5,1.28,0,0
txn_100276,2024-03-22,US,USD,card,Suscripcion,6.65,0.38,0,0
txn_100277,2024-12-06,JP,JPY,card,Donaciones,31.72,1.13,0,1
txn_100278,2024-11-27,BR,BRL,bnpl,SaaS,15.51,0.6,0,0
txn_100279,2024-06-01,FR,EUR,wallet,Marketplace,113.06,2.09,0,0
txn_100280,2024-06-21,BR,BRL,bank_transfer,Marketplace,34.45,0.89,0,0
txn_100281,2024-03-21,GB,GBP,card,Ecommerce,23.48,0.91,0,0
txn_100282,2024-11-07,IN,INR,card,SaaS,17.37,0.65,0,0
txn_100283,2024-02-25,ES,EUR,bnpl,Marketplace,5.04,0.37,0,0
txn_100284,2024-04-14,DE,EUR,wallet,SaaS,5.19,0.39,0,0
txn_100285,2024-08-26,DE,EUR,bnpl,Ecommerce,19.21,0.77,0,0
txn_100286,2024-01-18,US,USD,wallet,SaaS,47.57,1.02,0,0
txn_100287,2024-01-12,DE,EUR,card,Marketplace,236.57,4.89,0,0
txn_100288,2024-06-16,US,USD,card,Ecommerce,44.15,1.4,0,0
txn_100289,2024-07-07,FR,EUR,card,Donaciones,15.74,0.57,0,0
txn_100290,2024-08-08,JP,JPY,card,Suscripcion,40.31,0.99,0,0
txn_100291,2024-01-16,JP,JPY,bnpl,Donaciones,17.59,0.64,0,0
txn_100292,2024-06-14,JP,JPY,card,SaaS,135.32,2.8,0,0
txn_100293,2024-01-19,DE,EUR,card,Ecommerce,210.45,4.04,0,0
txn_100294,2024-07-02,GB,GBP,bnpl,Donaciones,15.35,0.52,0,0
txn_100295,2024-11-09,DE,EUR,card,Marketplace,45.88,1.26,0,0
txn_100296,2024-05-23,GB,GBP,card,Marketplace,82.31,2.24,0,0
txn_100297,2024-05-07,US,USD,card,Marketplace,301.29,6.58,0,0
txn_100298,2024-11-25,FR,EUR,card,SaaS,10.64,0.41,0,0
txn_100299,2024-02-17,US,USD,wallet,Ecommerce,69.51,2.2,0,0
txn_100300,2024-05-05,BR,BRL,bnpl,Marketplace,49.41,1.33,0,0
txn_100301,2024-12-05,FR,EUR,card,SaaS,29.5,0.68,0,0
txn_100302,2024-04-12,US,USD,card,Ecommerce,8.89,0.42,0,0
txn_100303,2024-01-10,GB,GBP,card,Donaciones,10.29,0.51,0,0
txn_100304,2024-04-25,DE,EUR,card,Suscripcion,61.23,1.81,0,0
txn_100305,2024-10-22,GB,GBP,wallet,Donaciones,95.38,2.91,0,0
txn_100306,2024-08-28,BR,BRL,card,Ecommerce,85.55,2.44,0,0
txn_100307,2024-04-10,IN,INR,card,Donaciones,56.23,1.07,0,0
txn_100308,2024-11-17,GB,GBP,card,SaaS,41.19,1.38,0,0
txn_100309,2024-04-04,DE,EUR,card,Marketplace,35.49,0.83,0,0
txn_100310,2024-04-03,GB,GBP,bank_transfer,Suscripcion,478.97,12.59,0,0
txn_100311,2024-03-03,US,USD,card,Marketplace,51.99,1.43,0,0
txn_100312,2024-09-20,US,USD,card,Ecommerce,17.05,0.64,0,0
txn_100313,2024-08-30,DE,EUR,card,SaaS,14.42,0.65,0,0
txn_100314,2024-09-19,GB,GBP,card,Ecommerce,16.15,0.51,0,0
txn_100315,2024-06-25,DE,EUR,bank_transfer,Ecommerce,71.2,1.34,0,0
txn_100316,2024-05-09,JP,JPY,card,Ecommerce,11.19,0.48,0,0
txn_100317,2024-01-25,US,USD,wallet,Donaciones,71.04,1.94,0,0
txn_100318,2024-09-30,US,USD,bnpl,Suscripcion,37.3,0.85,0,0
txn_100319,2024-01-23,DE,EUR,card,Suscripcion,12.19,0.47,0,0
txn_100320,2024-05-22,US,USD,wallet,Ecommerce,14.96,0.58,0,0
txn_100321,2024-07-10,FR,EUR,bnpl,Ecommerce,22.16,0.82,0,0
txn_100322,2024-06-16,ES,EUR,bnpl,Suscripcion,258.83,6.06,0,0
txn_100323,2024-11-14,DE,EUR,wallet,Suscripcion,40.53,1.19,0,0
txn_100324,2024-07-22,IN,INR,card,SaaS,69.21,2.11,0,0
txn_100325,2024-09-14,US,USD,card,Donaciones,13.25,0.45,0,0
txn_100326,2024-12-21,US,USD,card,SaaS,15.08,0.6,0,0
txn_100327,2024-01-16,US,USD,wallet,Donaciones,34.46,1.11,0,0
txn_100328,2024-06-08,DE,EUR,card,Suscripcion,9.97,0.47,0,0
txn_100329,2024-01-29,IN,INR,bnpl,Suscripcion,42.61,0.96,0,0
txn_100330,2024-06-30,US,USD,wallet,Suscripcion,22.18,0.57,0,0
txn_100331,2024-12-26,US,USD,card,Ecommerce,8.97,0.4,0,0
txn_100332,2024-10-29,FR,EUR,card,Ecommerce,49.63,1.26,0,0
txn_100333,2024-01-26,GB,GBP,card,Donaciones,59.82,1.15,0,0
txn_100334,2024-11-11,BR,BRL,card,Suscripcion,16.04,0.5,1,1
txn_100335,2024-07-19,IN,INR,card,Marketplace,54.94,1.67,0,0
txn_100336,2024-10-31,JP,JPY,card,Marketplace,49.76,1.3,0,0
txn_100337,2024-06-02,ES,EUR,card,Suscripcion,427.44,9.58,0,0
txn_100338,2024-05-13,GB,GBP,card,Suscripcion,64.61,2.0,0,0
txn_100339,2024-03-27,ES,EUR,bank_transfer,SaaS,48.76,0.94,0,0
txn_100340,2024-09-30,JP,JPY,card,Ecommerce,92.6,2.37,0,0
txn_100341,2024-12-28,US,USD,card,SaaS,30.14,0.76,0,0
txn_100342,2024-10-02,FR,EUR,wallet,Donaciones,45.48,1.44,0,0
txn_100343,2024-12-07,US,USD,card,Marketplace,205.82,6.14,0,0
txn_100344,2024-03-27,DE,EUR,card,Ecommerce,23.89,0.61,0,0
txn_100345,2024-02-05,US,USD,wallet,Suscripcion,24.77,0.87,0,0
txn_100346,2024-10-30,FR,EUR,wallet,SaaS,87.3,2.24,0,0
txn_100347,2024-08-31,JP,JPY,card,SaaS,125.89,3.44,0,0
txn_100348,2024-06-25,US,USD,card,Ecommerce,10.22,0.4,0,0
txn_100349,2024-09-20,FR,EUR,wallet,Donaciones,49.86,1.54,0,0
txn_100350,2024-04-09,FR,EUR,card,SaaS,24.78,0.92,0,0
txn_100351,2024-09-25,FR,EUR,card,SaaS,124.08,3.09,0,0
txn_100352,2024-09-21,DE,EUR,bank_transfer,SaaS,26.87,0.77,0,0
txn_100353,2024-12-11,US,USD,card,Suscripcion,35.93,0.88,0,0
txn_100354,2024-10-09,IN,INR,card,Suscripcion,12.76,0.45,0,0
txn_100355,2024-12-03,GB,GBP,card,Suscripcion,39.53,1.11,0,0
txn_100356,2024-01-13,IN,INR,card,SaaS,22.11,0.87,0,0
txn_100357,2024-12-08,US,USD,bnpl,Donaciones,23.3,0.8,0,0
txn_100358,2024-03-26,US,USD,card,Donaciones,8.63,0.39,0,0
txn_100359,2024-07-25,US,USD,card,Ecommerce,75.8,2.02,0,0
txn_100360,2024-10-30,IN,INR,bank_transfer,Suscripcion,38.1,1.14,0,0
txn_100361,2024-08-02,US,USD,bnpl,Suscripcion,46.49,1.16,0,0
txn_100362,2024-05-04,DE,EUR,card,Marketplace,36.51,1.29,0,0
txn_100363,2024-07-01,US,USD,card,Ecommerce,32.0,1.15,0,0
txn_100364,2024-06-18,US,USD,card,Ecommerce,62.36,1.7,0,0
txn_100365,2024-05-24,DE,EUR,wallet,Ecommerce,18.89,0.54,0,0
txn_100366,2024-10-01,US,USD,card,Donaciones,177.61,4.19,0,0
txn_100367,2024-12-04,IN,INR,card,SaaS,28.93,1.02,0,0
txn_100368,2024-05-02,US,USD,card,Suscripcion,20.16,0.67,0,0
txn_100369,2024-02-15,IN,INR,wallet,Suscripcion,14.06,0.64,0,0
txn_100370,2024-05-30,JP,JPY,bnpl,Marketplace,25.72,0.79,0,1
txn_100371,2024-03-26,US,USD,wallet,Suscripcion,63.42,1.47,0,0
txn_100372,2024-04-09,DE,EUR,wallet,SaaS,3.64,0.31,0,0
txn_100373,2024-12-17,IN,INR,bank_transfer,Suscripcion,232.9,6.77,0,0
txn_100374,2024-04-15,FR,EUR,card,SaaS,445.99,7.05,0,0
txn_100375,2024-06-05,FR,EUR,card,SaaS,12.68,0.47,0,0
txn_100376,2024-07-29,BR,BRL,wallet,Suscripcion,60.72,1.37,0,0
txn_100377,2024-11-05,BR,BRL,wallet,SaaS,393.28,8.23,0,0
txn_100378,2024-05-24,DE,EUR,bnpl,Ecommerce,4.46,0.32,0,0
txn_100379,2024-03-31,GB,GBP,card,Marketplace,13.64,0.61,0,0
txn_100380,2024-08-12,FR,EUR,card,Ecommerce,18.85,0.63,0,0
txn_100381,2024-10-26,DE,EUR,card,Donaciones,226.58,4.58,0,0
txn_100382,2024-04-14,US,USD,card,Donaciones,162.13,3.1,0,0
txn_100383,2024-05-19,DE,EUR,bnpl,Ecommerce,36.81,1.31,0,0
txn_100384,2024-05-23,IN,INR,card,Suscripcion,76.0,2.1,0,0
txn_100385,2024-06-20,IN,INR,wallet,SaaS,30.81,0.79,0,0
txn_100386,2024-04-01,JP,JPY,card,Ecommerce,43.76,1.43,0,0
txn_100387,2024-07-22,JP,JPY,card,Marketplace,30.03,1.03,0,0
txn_100388,2024-10-14,US,USD,wallet,Suscripcion,41.71,1.08,0,1
txn_100389,2024-05-02,US,USD,card,SaaS,21.96,0.71,0,0
txn_100390,2024-02-04,ES,EUR,card,Suscripcion,60.3,1.25,0,0
txn_100391,2024-03-09,BR,BRL,card,Donaciones,5.3,0.33,0,0
txn_100392,2024-11-18,IN,INR,card,Marketplace,24.48,0.91,0,0
txn_100393,2024-12-02,DE,EUR,wallet,Donaciones,93.97,2.01,0,0
txn_100394,2024-11-03,DE,EUR,wallet,SaaS,1.57,0.28,0,0
txn_100395,2024-05-09,US,USD,wallet,Donaciones,31.33,0.93,0,0
txn_100396,2024-08-21,US,USD,card,SaaS,151.25,2.86,0,0
txn_100397,2024-05-21,DE,EUR,bnpl,Marketplace,277.38,4.45,0,0
txn_100398,2024-08-17,IN,INR,card,Marketplace,23.5,0.82,0,0
txn_100399,2024-08-06,DE,EUR,card,Marketplace,14.66,0.51,0,0
txn_100400,2024-01-17,US,USD,card,SaaS,83.49,1.47,0,0
txn_100401,2024-06-08,US,USD,card,Ecommerce,73.89,1.6,0,0
txn_100402,2024-09-27,JP,JPY,bnpl,Suscripcion,97.32,1.93,0,0
txn_100403,2024-06-18,US,USD,card,Marketplace,106.11,2.82,0,0
txn_100404,2024-01-17,US,USD,card,Donaciones,21.97,0.7,0,0
txn_100405,2024-03-26,US,USD,card,Suscripcion,55.88,1.68,0,0
txn_100406,2024-04-27,GB,GBP,wallet,Marketplace,32.48,1.16,0,0
txn_100407,2024-05-31,BR,BRL,card,Suscripcion,27.57,0.77,0,0
txn_100408,2024-07-22,US,USD,card,Donaciones,14.28,0.46,0,0
txn_100409,2024-02-13,US,USD,card,Suscripcion,18.21,0.58,0,0
txn_100410,2024-02-04,US,USD,card,SaaS,86.3,1.88,0,0
txn_100411,2024-02-09,US,USD,bnpl,Ecommerce,36.97,0.85,0,0
txn_100412,2024-02-02,FR,EUR,bnpl,Donaciones,107.63,2.09,0,0
txn_100413,2024-02-24,GB,GBP,bnpl,Ecommerce,136.45,2.94,0,0
txn_100414,2024-07-26,US,USD,bnpl,Ecommerce,11.59,0.44,0,0
txn_100415,2024-03-30,DE,EUR,card,Suscripcion,164.9,2.64,0,0
txn_100416,2024-09-03,US,USD,card,SaaS,13.75,0.56,0,0
txn_100417,2024-08-05,GB,GBP,wallet,Marketplace,64.15,1.69,0,0
txn_100418,2024-02-01,DE,EUR,card,Donaciones,4.55,0.31,0,0
txn_100419,2024-04-13,IN,INR,card,Donaciones,51.22,1.22,0,0
txn_100420,2024-10-11,IN,INR,card,SaaS,42.77,1.43,0,0
txn_100421,2024-03-31,US,USD,card,Ecommerce,18.14,0.72,0,0
txn_100422,2024-07-17,FR,EUR,card,Suscripcion,89.07,1.88,0,0
txn_100423,2024-02-16,DE,EUR,wallet,Ecommerce,128.62,3.03,0,0
txn_100424,2024-11-16,BR,BRL,wallet,Donaciones,3.13,0.31,0,0
txn_100425,2024-01-23,US,USD,card,Marketplace,16.54,0.52,0,0
txn_100426,2024-07-19,IN,INR,card,Suscripcion,49.63,1.3,0,0
txn_100427,2024-10-30,JP,JPY,card,Donaciones,15.95,0.53,0,0
txn_100428,2024-02-10,BR,BRL,card,Marketplace,147.18,3.97,0,0
txn_100429,2024-04-11,BR,BRL,wallet,Marketplace,81.34,2.55,0,0
txn_100430,2024-09-28,US,USD,card,Ecommerce,3.52,0.33,0,0
txn_100431,2024-08-08,US,USD,bank_transfer,SaaS,35.51,1.17,0,0
txn_100432,2024-09-15,US,USD,bnpl,SaaS,341.91,5.06,0,0
txn_100433,2024-10-06,GB,GBP,bnpl,Donaciones,51.92,1.56,0,0
txn_100434,2024-04-01,ES,EUR,bank_transfer,Donaciones,33.16,0.76,0,0
txn_100435,2024-08-13,FR,EUR,card,Marketplace,46.14,1.05,0,0
txn_100436,2024-11-19,DE,EUR,card,SaaS,507.37,10.75,0,0
txn_100437,2024-01-06,BR,BRL,card,Ecommerce,144.59,4.04,0,0
txn_100438,2024-08-11,IN,INR,card,SaaS,117.49,2.37,0,0
txn_100439,2024-10-05,ES,EUR,wallet,Suscripcion,108.42,2.1,0,0
txn_100440,2024-12-01,IN,INR,bank_transfer,SaaS,3.86,0.36,0,1
txn_100441,2024-04-04,US,USD,card,Donaciones,20.1,0.82,0,0
txn_100442,2024-09-04,BR,BRL,wallet,SaaS,9.46,0.47,0,0
txn_100443,2024-09-17,GB,GBP,card,Ecommerce,33.81,0.95,0,0
txn_100444,2024-04-09,ES,EUR,card,Suscripcion,62.42,1.44,0,0
txn_100445,2024-07-17,US,USD,card,Ecommerce,33.67,1.07,0,0
txn_100446,2024-01-16,IN,INR,card,Donaciones,133.79,3.65,0,0
txn_100447,2024-04-21,BR,BRL,card,SaaS,59.07,1.96,0,0
txn_100448,2024-09-17,FR,EUR,wallet,SaaS,147.58,2.72,1,0
txn_100449,2024-03-09,GB,GBP,card,Ecommerce,10.81,0.41,0,0
txn_100450,2024-12-18,GB,GBP,bnpl,SaaS,43.36,1.32,0,0
txn_100451,2024-01-29,US,USD,card,Marketplace,10.52,0.55,0,0
txn_100452,2024-01-15,JP,JPY,wallet,Ecommerce,86.43,1.93,1,0
txn_100453,2024-06-28,JP,JPY,card,Suscripcion,14.97,0.47,0,0
txn_100454,2024-04-15,IN,INR,card,Marketplace,17.58,0.5,0,0
txn_100455,2024-07-22,ES,EUR,card,Ecommerce,66.73,1.34,0,0
txn_100456,2024-08-25,JP,JPY,bank_transfer,Donaciones,76.34,1.8,1,1
txn_100457,2024-05-08,US,USD,card,Donaciones,118.19,3.31,0,0
txn_100458,2024-01-05,BR,BRL,card,Donaciones,48.46,1.17,0,0
txn_100459,2024-02-20,BR,BRL,wallet,SaaS,49.28,1.44,0,0
txn_100460,2024-02-11,DE,EUR,card,Ecommerce,27.39,0.67,0,0
txn_100461,2024-05-10,JP,JPY,card,Ecommerce,18.01,0.74,0,0
txn_100462,2024-07-22,US,USD,card,Suscripcion,78.06,2.28,0,0
txn_100463,2024-04-09,JP,JPY,card,Marketplace,72.95,1.31,0,0
txn_100464,2024-01-16,GB,GBP,card,SaaS,8.13,0.45,0,0
txn_100465,2024-03-10,GB,GBP,card,Marketplace,40.24,1.39,0,0
txn_100466,2024-09-16,FR,EUR,wallet,Donaciones,23.1,0.86,0,0
txn_100467,2024-08-31,GB,GBP,card,Donaciones,62.03,1.37,0,0
txn_100468,2024-06-03,FR,EUR,wallet,SaaS,11.85,0.49,0,0
txn_100469,2024-06-27,FR,EUR,card,Ecommerce,175.86,4.71,0,0
txn_100470,2024-04-26,US,USD,bnpl,Marketplace,34.16,1.24,0,1
txn_100471,2024-08-07,US,USD,card,Marketplace,11.21,0.56,0,0
txn_100472,2024-01-24,FR,EUR,card,Marketplace,10.31,0.41,0,0
txn_100473,2024-09-16,US,USD,card,Donaciones,14.47,0.58,0,0
txn_100474,2024-03-22,IN,INR,card,Marketplace,105.93,2.17,1,1
txn_100475,2024-07-11,GB,GBP,card,Ecommerce,41.19,1.01,0,0
txn_100476,2024-02-07,IN,INR,card,SaaS,35.06,1.09,0,0
txn_100477,2024-01-13,BR,BRL,card,Suscripcion,4.44,0.31,0,0
txn_100478,2024-06-24,GB,GBP,card,Suscripcion,85.24,2.3,0,0
txn_100479,2024-04-25,FR,EUR,card,SaaS,23.41,0.82,0,0
txn_100480,2024-01-14,DE,EUR,bank_transfer,Marketplace,72.41,1.44,0,0
txn_100481,2024-06-15,US,USD,bank_transfer,Marketplace,102.86,2.13,0,0
txn_100482,2024-09-07,DE,EUR,card,Marketplace,22.46,0.88,0,0
txn_100483,2024-12-22,US,USD,wallet,Ecommerce,30.63,1.02,0,0
txn_100484,2024-08-25,US,USD,wallet,Marketplace,86.2,2.54,0,0
txn_100485,2024-07-07,IN,INR,wallet,Marketplace,37.37,1.06,0,0
txn_100486,2024-01-20,US,USD,card,Marketplace,62.6,1.34,0,0
txn_100487,2024-11-11,US,USD,bank_transfer,Ecommerce,7.28,0.42,0,0
txn_100488,2024-11-17,DE,EUR,card,Suscripcion,58.11,1.78,0,0
txn_100489,2024-01-28,JP,JPY,card,Donaciones,20.56,0.64,0,1
txn_100490,2024-03-09,FR,EUR,card,Donaciones,62.44,1.47,0,0
txn_100491,2024-04-30,ES,EUR,wallet,Ecommerce,6.75,0.41,0,1
txn_100492,2024-10-13,US,USD,bnpl,Donaciones,12.66,0.6,0,0
txn_100493,2024-01-03,DE,EUR,wallet,Ecommerce,58.48,1.73,0,0
txn_100494,2024-12-19,GB,GBP,card,Donaciones,15.25,0.57,0,0
txn_100495,2024-10-29,DE,EUR,card,Suscripcion,21.25,0.84,0,0
txn_100496,2024-07-25,ES,EUR,bank_transfer,Suscripcion,79.89,2.27,0,0
txn_100497,2024-08-03,US,USD,card,Ecommerce,35.01,1.19,0,0
txn_100498,2024-10-04,IN,INR,wallet,Donaciones,41.54,1.36,0,0
txn_100499,2024-09-19,US,USD,wallet,Suscripcion,12.47,0.52,0,0
txn_100500,2024-09-15,US,USD,bnpl,Donaciones,6.26,0.43,0,0
txn_100501,2024-07-17,FR,EUR,card,SaaS,40.86,1.14,0,0
txn_100502,2024-06-07,GB,GBP,card,Suscripcion,123.55,2.26,0,0
txn_100503,2024-06-22,US,USD,card,SaaS,79.41,2.2,0,0
txn_100504,2024-04-21,FR,EUR,card,Ecommerce,28.49,0.88,0,0
txn_100505,2024-06-24,GB,GBP,card,Marketplace,354.35,5.82,0,0
txn_100506,2024-07-09,DE,EUR,card,SaaS,122.13,3.42,0,0
txn_100507,2024-09-17,FR,EUR,card,Marketplace,37.35,1.28,0,0
txn_100508,2024-06-25,IN,INR,bank_transfer,SaaS,81.96,1.77,0,0
txn_100509,2024-04-27,GB,GBP,card,Ecommerce,47.73,1.51,0,0
txn_100510,2024-10-16,US,USD,wallet,Donaciones,28.0,0.95,0,0
txn_100511,2024-10-12,GB,GBP,card,Donaciones,59.89,1.81,0,0
txn_100512,2024-12-31,US,USD,card,Marketplace,54.19,1.36,0,0
txn_100513,2024-12-08,DE,EUR,card,Marketplace,38.26,0.87,0,0
txn_100514,2024-04-29,US,USD,wallet,Ecommerce,6.72,0.43,0,0
txn_100515,2024-04-27,GB,GBP,card,Suscripcion,8.42,0.45,0,0
txn_100516,2024-07-24,IN,INR,wallet,Ecommerce,30.89,0.99,0,0
txn_100517,2024-08-07,US,USD,bnpl,Marketplace,68.39,1.81,0,0
txn_100518,2024-07-14,US,USD,wallet,Marketplace,29.0,0.67,0,0
txn_100519,2024-05-08,US,USD,wallet,Ecommerce,30.36,0.79,0,0
txn_100520,2024-03-15,US,USD,card,Marketplace,81.31,1.49,0,0
txn_100521,2024-03-18,IN,INR,card,Ecommerce,53.18,1.7,0,0
txn_100522,2024-02-17,GB,GBP,card,Ecommerce,34.2,1.02,0,0
txn_100523,2024-10-16,US,USD,card,Suscripcion,34.66,0.9,0,0
txn_100524,2024-03-03,US,USD,wallet,SaaS,19.53,0.67,0,0
txn_100525,2024-08-13,GB,GBP,bnpl,Donaciones,39.53,0.83,0,0
txn_100526,2024-06-04,DE,EUR,wallet,Suscripcion,15.77,0.48,0,0
txn_100527,2024-07-29,IN,INR,card,Marketplace,135.74,2.27,0,0
txn_100528,2024-09-25,ES,EUR,card,Suscripcion,116.43,3.2,0,0
txn_100529,2024-09-24,IN,INR,bank_transfer,Ecommerce,81.42,2.53,0,0
txn_100530,2024-06-06,DE,EUR,bank_transfer,SaaS,159.18,4.39,0,0
txn_100531,2024-12-08,ES,EUR,wallet,Marketplace,27.07,0.86,0,0
txn_100532,2024-09-22,JP,JPY,card,Marketplace,48.54,1.25,0,0
txn_100533,2024-02-02,IN,INR,card,SaaS,13.5,0.49,0,0
txn_100534,2024-07-06,US,USD,card,Donaciones,6.42,0.41,0,0
txn_100535,2024-12-05,US,USD,card,SaaS,68.3,2.22,0,0
txn_100536,2024-10-16,US,USD,card,Marketplace,39.95,1.01,0,0
txn_100537,2024-09-06,JP,JPY,bnpl,Marketplace,9.64,0.5,0,0
txn_100538,2024-12-18,US,USD,wallet,SaaS,8.55,0.48,0,0
txn_100539,2024-12-17,DE,EUR,bnpl,SaaS,34.62,0.92,0,0
txn_100540,2024-02-26,GB,GBP,card,Suscripcion,70.57,1.93,0,0
txn_100541,2024-01-06,GB,GBP,card,SaaS,15.49,0.54,0,1
txn_100542,2024-08-18,US,USD,wallet,Donaciones,78.73,2.29,0,0
txn_100543,2024-06-06,FR,EUR,card,Donaciones,49.91,1.27,0,0
txn_100544,2024-08-17,IN,INR,wallet,Marketplace,22.4,0.57,0,0
txn_100545,2024-12-08,US,USD,card,Suscripcion,5.59,0.37,0,0
txn_100546,2024-06-09,DE,EUR,card,SaaS,152.82,2.48,0,0
txn_100547,2024-08-26,ES,EUR,wallet,Marketplace,29.41,0.98,0,0
txn_100548,2024-04-11,US,USD,card,Marketplace,70.06,1.64,0,0
txn_100549,2024-09-15,BR,BRL,card,Donaciones,22.57,0.73,1,0
txn_100550,2024-04-28,GB,GBP,bnpl,Marketplace,60.7,1.33,0,0
txn_100551,2024-02-10,GB,GBP,card,SaaS,272.43,8.15,0,1
txn_100552,2024-06-02,JP,JPY,card,Suscripcion,201.06,5.82,0,0
txn_100553,2024-12-27,JP,JPY,card,Marketplace,11.46,0.57,0,0
txn_100554,2024-07-10,ES,EUR,card,Donaciones,107.9,2.76,0,0
txn_100555,2024-02-22,US,USD,card,Marketplace,26.17,0.89,0,0
txn_100556,2024-11-18,ES,EUR,wallet,Marketplace,44.78,1.43,0,0
txn_100557,2024-05-24,IN,INR,card,Marketplace,25.48,0.8,0,0
txn_100558,2024-11-13,GB,GBP,card,Suscripcion,386.76,11.02,0,0
txn_100559,2024-02-20,DE,EUR,bank_transfer,SaaS,25.78,0.82,0,0
txn_100560,2024-04-06,US,USD,card,SaaS,2.81,0.32,0,0
txn_100561,2024-03-10,US,USD,card,Suscripcion,8.25,0.39,0,0
txn_100562,2024-04-18,US,USD,bank_transfer,Suscripcion,56.5,1.85,0,0
txn_100563,2024-12-28,US,USD,card,Ecommerce,57.92,1.15,0,0
txn_100564,2024-04-10,US,USD,wallet,Suscripcion,9.65,0.4,0,0
txn_100565,2024-12-15,GB,GBP,card,Donaciones,50.7,1.36,0,0
txn_100566,2024-02-21,US,USD,card,Donaciones,12.44,0.55,0,0
txn_100567,2024-05-16,FR,EUR,card,SaaS,11.45,0.45,0,0
txn_100568,2024-06-03,JP,JPY,bnpl,Marketplace,74.18,1.65,0,1
txn_100569,2024-05-04,US,USD,card,Donaciones,11.56,0.54,0,0
txn_100570,2024-03-08,US,USD,card,Marketplace,3.12,0.3,0,0
txn_100571,2024-12-06,US,USD,card,SaaS,25.85,0.83,0,0
txn_100572,2024-09-20,DE,EUR,card,Ecommerce,7.56,0.38,0,0
txn_100573,2024-08-26,BR,BRL,bnpl,Marketplace,46.04,1.23,0,0
txn_100574,2024-07-18,GB,GBP,wallet,Ecommerce,14.56,0.52,0,0
txn_100575,2024-10-02,IN,INR,card,Marketplace,35.02,1.23,0,0
txn_100576,2024-05-14,US,USD,card,Ecommerce,4.04,0.36,0,0
txn_100577,2024-11-06,DE,EUR,bank_transfer,Ecommerce,64.63,2.08,0,0
txn_100578,2024-02-29,JP,JPY,wallet,Donaciones,11.73,0.44,0,0
txn_100579,2024-03-07,ES,EUR,bank_transfer,Suscripcion,51.62,1.47,0,0
txn_100580,2024-08-25,US,USD,card,Marketplace,8.13,0.38,0,0
txn_100581,2024-04-23,US,USD,wallet,SaaS,49.99,1.64,0,0
txn_100582,2024-02-06,US,USD,card,Marketplace,27.93,0.99,0,0
txn_100583,2024-08-15,GB,GBP,card,SaaS,176.4,5.11,0,0
txn_100584,2024-11-28,DE,EUR,card,Ecommerce,48.53,1.45,0,0
txn_100585,2024-10-29,DE,EUR,card,Donaciones,25.71,0.8,0,0
txn_100586,2024-04-26,FR,EUR,bank_transfer,Suscripcion,12.66,0.61,0,0
txn_100587,2024-02-25,GB,GBP,bnpl,Donaciones,69.82,1.73,0,0
txn_100588,2024-06-05,BR,BRL,wallet,SaaS,30.23,0.9,1,0
txn_100589,2024-10-18,IN,INR,wallet,SaaS,30.51,0.92,0,0
txn_100590,2024-01-12,DE,EUR,card,SaaS,20.17,0.66,0,0
txn_100591,2024-06-22,DE,EUR,card,Marketplace,69.94,1.24,0,0
txn_100592,2024-07-10,DE,EUR,card,Donaciones,57.79,1.8,0,0
txn_100593,2024-05-27,US,USD,card,Suscripcion,30.68,0.89,0,0
txn_100594,2024-10-15,JP,JPY,card,Donaciones,20.88,0.73,0,0
txn_100595,2024-02-16,IN,INR,wallet,Donaciones,14.88,0.57,0,0
txn_100596,2024-01-26,US,USD,card,SaaS,9.94,0.4,0,0
txn_100597,2024-07-09,IN,INR,card,Suscripcion,68.13,2.11,0,0
txn_100598,2024-02-08,US,USD,wallet,Suscripcion,149.03,4.0,0,0
txn_100599,2024-03-15,US,USD,card,Donaciones,15.04,0.54,0,0
txn_100600,2024-09-05,FR,EUR,card,SaaS,81.93,2.6,0,0
txn_100601,2024-02-25,US,USD,card,Marketplace,28.93,1.03,0,0
txn_100602,2024-12-23,DE,EUR,card,Donaciones,18.73,0.72,0,0
txn_100603,2024-11-13,US,USD,card,Suscripcion,29.01,0.94,0,0
txn_100604,2024-09-19,DE,EUR,card,Marketplace,32.21,1.11,0,0
txn_100605,2024-02-24,BR,BRL,card,Ecommerce,19.77,0.68,0,0
txn_100606,2024-12-15,US,USD,card,Marketplace,65.8,2.12,0,0
txn_100607,2024-07-06,IN,INR,wallet,Donaciones,63.69,1.92,0,0
txn_100608,2024-10-22,JP,JPY,card,SaaS,11.27,0.44,0,0
txn_100609,2024-09-13,IN,INR,card,Marketplace,39.93,1.02,0,0
txn_100610,2024-11-28,IN,INR,card,Suscripcion,16.44,0.73,0,0
txn_100611,2024-08-03,US,USD,card,Donaciones,14.48,0.54,0,0
txn_100612,2024-06-21,DE,EUR,wallet,Suscripcion,66.33,2.17,0,1
txn_100613,2024-05-05,US,USD,card,SaaS,25.08,0.84,0,0
txn_100614,2024-01-02,US,USD,wallet,Ecommerce,166.97,4.93,0,0
txn_100615,2024-07-20,GB,GBP,bank_transfer,Suscripcion,1336.93,20.15,0,0
txn_100616,2024-11-03,US,USD,wallet,Ecommerce,99.03,1.79,0,0
txn_100617,2024-01-26,DE,EUR,bank_transfer,Donaciones,45.82,0.91,0,0
txn_100618,2024-07-27,US,USD,card,Donaciones,14.39,0.61,0,0
txn_100619,2024-10-31,IN,INR,card,Marketplace,18.36,0.53,0,0
txn_100620,2024-12-14,IN,INR,wallet,Suscripcion,107.68,2.54,0,0
txn_100621,2024-12-24,DE,EUR,wallet,Suscripcion,21.9,0.71,0,0
txn_100622,2024-02-13,GB,GBP,card,Suscripcion,29.89,0.74,0,0
txn_100623,2024-11-24,BR,BRL,card,Donaciones,85.01,2.11,0,0
txn_100624,2024-11-30,DE,EUR,bank_transfer,Marketplace,21.97,0.61,0,0
txn_100625,2024-07-08,US,USD,wallet,Ecommerce,22.51,0.69,0,0
txn_100626,2024-10-11,BR,BRL,card,Suscripcion,17.72,0.7,1,1
txn_100627,2024-12-02,DE,EUR,card,Marketplace,37.01,1.25,0,0
txn_100628,2024-02-25,US,USD,wallet,Ecommerce,38.16,1.23,0,1
txn_100629,2024-04-21,US,USD,card,Ecommerce,20.16,0.72,0,0
txn_100630,2024-02-20,GB,GBP,card,Marketplace,13.11,0.44,0,0
txn_100631,2024-07-29,IN,INR,card,Donaciones,9.86,0.51,0,0
txn_100632,2024-04-25,GB,GBP,card,Ecommerce,37.79,1.3,0,0
txn_100633,2024-07-22,GB,GBP,card,Ecommerce,54.29,1.7,0,0
txn_100634,2024-05-02,ES,EUR,card,Ecommerce,40.36,1.17,0,0
txn_100635,2024-04-29,GB,GBP,card,Ecommerce,314.24,5.47,0,0
txn_100636,2024-03-27,ES,EUR,bnpl,Suscripcion,59.93,1.34,0,1
txn_100637,2024-07-15,DE,EUR,wallet,Ecommerce,256.89,7.04,0,0
txn_100638,2024-03-29,FR,EUR,wallet,Donaciones,310.83,5.91,0,0
txn_100639,2024-07-11,US,USD,card,Suscripcion,71.67,2.32,0,0
txn_100640,2024-06-29,GB,GBP,card,SaaS,10.2,0.51,0,0
txn_100641,2024-02-17,FR,EUR,card,SaaS,21.93,0.69,0,0
txn_100642,2024-07-07,GB,GBP,card,Donaciones,34.43,0.8,0,0
txn_100643,2024-10-06,GB,GBP,card,Donaciones,14.1,0.47,0,0
txn_100644,2024-07-23,IN,INR,wallet,SaaS,7.66,0.44,0,0
txn_100645,2024-08-27,BR,BRL,card,Donaciones,7.07,0.4,0,0
txn_100646,2024-05-13,IN,INR,card,SaaS,93.01,1.59,0,0
txn_100647,2024-12-24,GB,GBP,card,Donaciones,35.13,1.12,0,0
txn_100648,2024-09-04,ES,EUR,card,Marketplace,36.87,1.18,0,0
txn_100649,2024-12-28,US,USD,wallet,Donaciones,18.47,0.58,0,0
txn_100650,2024-01-14,ES,EUR,wallet,Ecommerce,18.57,0.67,0,0
txn_100651,2024-11-06,US,USD,card,Marketplace,50.79,1.59,0,0
txn_100652,2024-10-16,US,USD,wallet,Donaciones,20.73,0.85,0,0
txn_100653,2024-08-23,DE,EUR,bank_transfer,SaaS,39.06,0.93,0,0
txn_100654,2024-12-23,US,USD,card,SaaS,13.55,0.48,0,0
txn_100655,2024-12-27,FR,EUR,bnpl,Donaciones,47.68,1.42,0,0
txn_100656,2024-12-22,US,USD,card,SaaS,213.09,4.2,0,0
txn_100657,2024-02-19,GB,GBP,card,Marketplace,148.33,3.32,0,0
txn_100658,2024-11-25,JP,JPY,wallet,Suscripcion,5.4,0.38,0,0
txn_100659,2024-04-09,US,USD,card,Ecommerce,114.8,2.42,0,0
txn_100660,2024-09-09,US,USD,card,SaaS,50.36,1.12,0,1
txn_100661,2024-04-09,DE,EUR,card,Ecommerce,10.83,0.55,0,0
txn_100662,2024-10-20,DE,EUR,bank_transfer,Marketplace,37.46,0.84,0,0
txn_100663,2024-07-29,IN,INR,card,Suscripcion,17.37,0.67,0,0
txn_100664,2024-05-29,US,USD,card,SaaS,87.41,1.92,0,0
txn_100665,2024-01-13,US,USD,card,Suscripcion,28.5,0.93,0,0
txn_100666,2024-11-16,US,USD,card,Donaciones,13.62,0.45,0,0
txn_100667,2024-04-14,JP,JPY,card,SaaS,59.23,1.84,0,0
txn_100668,2024-11-08,US,USD,wallet,Donaciones,24.82,0.85,0,0
txn_100669,2024-12-23,DE,EUR,wallet,Marketplace,190.9,3.9,0,0
txn_100670,2024-06-05,US,USD,card,Marketplace,26.52,0.76,0,0
txn_100671,2024-07-26,FR,EUR,bank_transfer,Marketplace,134.1,2.82,0,0
txn_100672,2024-07-17,US,USD,card,SaaS,45.09,1.3,0,0
txn_100673,2024-08-09,BR,BRL,card,SaaS,22.99,0.68,0,0
txn_100674,2024-09-30,US,USD,bank_transfer,Ecommerce,70.1,1.28,0,0
txn_100675,2024-10-12,US,USD,card,Marketplace,20.21,0.55,0,0
txn_100676,2024-02-10,FR,EUR,bank_transfer,Suscripcion,10.02,0.47,0,0
txn_100677,2024-05-31,JP,JPY,card,Marketplace,194.7,3.17,0,0
txn_100678,2024-07-04,DE,EUR,bnpl,Suscripcion,15.77,0.54,0,0
txn_100679,2024-08-23,US,USD,wallet,SaaS,42.95,0.85,0,1
txn_100680,2024-01-30,US,USD,card,Marketplace,24.67,0.84,0,0
txn_100681,2024-12-19,IN,INR,card,Ecommerce,280.94,5.53,0,0
txn_100682,2024-01-07,ES,EUR,card,Suscripcion,49.55,1.65,0,0
txn_100683,2024-11-04,US,USD,card,Donaciones,40.89,1.09,0,1
txn_100684,2024-09-24,DE,EUR,wallet,Suscripcion,29.53,0.93,0,0
txn_100685,2024-07-04,DE,EUR,wallet,Suscripcion,54.44,1.36,0,0
txn_100686,2024-07-21,DE,EUR,card,Suscripcion,4.98,0.34,0,0
txn_100687,2024-03-06,GB,GBP,card,Suscripcion,67.15,1.98,0,0
txn_100688,2024-09-27,US,USD,wallet,Donaciones,95.15,2.76,0,1
txn_100689,2024-11-17,US,USD,card,SaaS,24.72,0.7,0,0
txn_100690,2024-08-28,GB,GBP,card,SaaS,30.83,1.04,0,0
txn_100691,2024-02-01,BR,BRL,card,Suscripcion,98.48,2.31,0,1
txn_100692,2024-11-20,US,USD,card,SaaS,29.76,1.01,0,0
txn_100693,2024-06-10,US,USD,card,Ecommerce,48.2,1.24,0,0
txn_100694,2024-07-21,FR,EUR,card,Ecommerce,12.36,0.55,0,0
txn_100695,2024-08-08,US,USD,card,Donaciones,54.86,1.73,0,0
txn_100696,2024-12-31,ES,EUR,card,Donaciones,276.57,5.29,0,0
txn_100697,2024-03-21,ES,EUR,card,SaaS,33.83,1.17,0,0
txn_100698,2024-11-17,US,USD,card,Suscripcion,6.6,0.4,0,0
txn_100699,2024-02-14,ES,EUR,card,Donaciones,81.97,1.87,0,0
txn_100700,2024-09-01,IN,INR,wallet,SaaS,22.37,0.7,0,0
txn_100701,2024-06-22,US,USD,bank_transfer,Donaciones,22.02,0.63,0,0
txn_100702,2024-08-18,US,USD,wallet,Suscripcion,23.92,0.67,0,0
txn_100703,2024-08-19,GB,GBP,wallet,Suscripcion,69.32,2.11,0,0
txn_100704,2024-10-20,JP,JPY,card,Marketplace,17.9,0.71,0,0
txn_100705,2024-03-28,US,USD,wallet,Donaciones,11.06,0.44,0,0
txn_100706,2024-09-18,US,USD,card,Donaciones,57.05,1.18,0,0
txn_100707,2024-05-15,US,USD,card,SaaS,98.75,1.68,0,0
txn_100708,2024-11-15,US,USD,card,Donaciones,5.27,0.36,0,0
txn_100709,2024-11-29,IN,INR,bank_transfer,SaaS,6.32,0.37,0,0
txn_100710,2024-03-10,GB,GBP,wallet,Marketplace,25.38,0.64,1,0
txn_100711,2024-08-05,ES,EUR,card,Donaciones,11.64,0.44,0,0
txn_100712,2024-08-30,FR,EUR,card,Marketplace,49.36,1.06,0,0
txn_100713,2024-09-13,BR,BRL,wallet,Suscripcion,30.29,0.78,0,0
txn_100714,2024-04-16,BR,BRL,card,SaaS,33.14,0.96,0,0
txn_100715,2024-11-17,IN,INR,bank_transfer,Marketplace,37.65,1.14,0,0
txn_100716,2024-01-10,GB,GBP,card,Marketplace,32.97,1.13,0,0
txn_100717,2024-11-23,FR,EUR,card,Ecommerce,5.46,0.4,0,0
txn_100718,2024-05-25,US,USD,card,Marketplace,8.61,0.5,0,0
txn_100719,2024-03-23,US,USD,bnpl,Suscripcion,77.63,1.99,0,0
txn_100720,2024-07-20,US,USD,card,Donaciones,5.82,0.34,0,0
txn_100721,2024-12-03,GB,GBP,card,Ecommerce,30.65,0.97,0,0
txn_100722,2024-05-05,DE,EUR,card,Marketplace,14.69,0.57,0,0
txn_100723,2024-05-08,DE,EUR,card,SaaS,71.51,1.44,0,0
txn_100724,2024-05-31,US,USD,bnpl,SaaS,42.03,1.1,0,0
txn_100725,2024-05-05,GB,GBP,wallet,Suscripcion,108.63,3.39,0,0
txn_100726,2024-11-11,ES,EUR,bank_transfer,Suscripcion,16.72,0.56,0,0
txn_100727,2024-03-01,IN,INR,card,Suscripcion,56.2,1.47,0,0
txn_100728,2024-12-08,FR,EUR,wallet,Ecommerce,17.37,0.73,0,0
txn_100729,2024-08-15,US,USD,card,Donaciones,27.56,0.81,0,0
txn_100730,2024-03-19,US,USD,card,SaaS,58.39,1.92,0,0
txn_100731,2024-11-16,US,USD,card,Ecommerce,36.57,0.79,0,0
txn_100732,2024-07-25,IN,INR,wallet,SaaS,15.57,0.69,0,0
txn_100733,2024-11-23,IN,INR,card,Marketplace,30.35,0.97,0,0
txn_100734,2024-01-02,US,USD,card,Ecommerce,111.64,2.8,0,0
txn_100735,2024-02-15,JP,JPY,bnpl,Marketplace,14.78,0.6,0,0
txn_100736,2024-05-01,BR,BRL,card,Suscripcion,11.54,0.52,0,1
txn_100737,2024-03-11,US,USD,card,Ecommerce,37.88,1.07,0,0
txn_100738,2024-09-03,GB,GBP,card,Ecommerce,88.41,2.64,0,0
txn_100739,2024-08-10,IN,INR,card,Donaciones,17.38,0.53,0,0
txn_100740,2024-05-06,JP,JPY,card,Ecommerce,38.2,1.1,0,0
txn_100741,2024-03-03,US,USD,card,Ecommerce,40.84,0.85,0,0
txn_100742,2024-03-30,US,USD,card,Suscripcion,341.52,9.7,0,0
txn_100743,2024-04-17,GB,GBP,card,Ecommerce,119.5,2.11,0,0
txn_100744,2024-06-10,US,USD,card,Donaciones,31.53,0.69,0,0
txn_100745,2024-05-28,BR,BRL,bank_transfer,Ecommerce,29.76,0.98,0,0
txn_100746,2024-07-25,US,USD,card,Donaciones,29.38,0.79,0,0
txn_100747,2024-07-05,DE,EUR,wallet,SaaS,20.87,0.57,0,0
txn_100748,2024-10-21,US,USD,card,SaaS,37.08,1.26,0,0
txn_100749,2024-08-26,GB,GBP,card,Suscripcion,19.31,0.57,0,0
txn_100750,2024-11-14,US,USD,card,Suscripcion,41.43,1.13,0,0
txn_100751,2024-05-19,IN,INR,bank_transfer,Marketplace,38.52,1.12,0,0
txn_100752,2024-04-20,BR,BRL,bnpl,Ecommerce,3.56,0.32,0,0
txn_100753,2024-04-22,BR,BRL,card,Suscripcion,4.58,0.34,0,0
txn_100754,2024-08-01,ES,EUR,wallet,Suscripcion,12.78,0.48,0,0
txn_100755,2024-09-22,DE,EUR,wallet,Donaciones,17.53,0.5,0,0
txn_100756,2024-04-13,US,USD,card,Suscripcion,72.11,1.53,0,0
txn_100757,2024-01-15,GB,GBP,card,Marketplace,52.48,1.31,0,0
txn_100758,2024-01-16,FR,EUR,bank_transfer,Ecommerce,28.74,0.72,0,0
txn_100759,2024-10-07,GB,GBP,card,Marketplace,7.27,0.38,0,0
txn_100760,2024-08-31,BR,BRL,wallet,Donaciones,22.63,0.66,0,1
txn_100761,2024-04-19,IN,INR,card,Suscripcion,101.31,2.77,0,0
txn_100762,2024-10-02,US,USD,bank_transfer,Marketplace,27.04,0.89,0,0
txn_100763,2024-05-13,FR,EUR,card,Donaciones,18.38,0.69,0,0
txn_100764,2024-12-14,IN,INR,bank_transfer,Marketplace,16.97,0.69,0,0
txn_100765,2024-01-12,US,USD,bnpl,Suscripcion,116.74,3.02,0,0
txn_100766,2024-10-30,BR,BRL,card,Marketplace,86.81,2.37,0,0
txn_100767,2024-02-01,US,USD,wallet,Donaciones,98.86,2.31,0,0
txn_100768,2024-06-18,GB,GBP,bnpl,SaaS,82.66,1.92,0,0
txn_100769,2024-09-06,ES,EUR,card,Marketplace,4.8,0.34,0,0
txn_100770,2024-02-29,BR,BRL,card,SaaS,12.25,0.57,0,0
txn_100771,2024-09-23,GB,GBP,card,Donaciones,256.69,3.96,0,0
txn_100772,2024-06-28,GB,GBP,card,Suscripcion,16.21,0.48,0,0
txn_100773,2024-12-05,JP,JPY,wallet,Donaciones,135.74,2.88,0,0
txn_100774,2024-02-03,GB,GBP,wallet,Ecommerce,12.42,0.46,0,0
txn_100775,2024-10-26,US,USD,wallet,SaaS,158.04,4.74,0,0
txn_100776,2024-06-12,GB,GBP,card,Donaciones,37.48,1.1,0,0
txn_100777,2024-03-06,JP,JPY,card,SaaS,56.76,1.21,0,0
txn_100778,2024-09-27,US,USD,card,Donaciones,51.75,1.6,0,0
txn_100779,2024-08-19,DE,EUR,card,Ecommerce,17.55,0.74,0,0
txn_100780,2024-06-14,US,USD,card,SaaS,108.92,3.41,0,1
txn_100781,2024-11-19,GB,GBP,card,SaaS,22.82,0.87,0,0
txn_100782,2024-08-30,BR,BRL,card,Suscripcion,328.4,6.44,0,0
txn_100783,2024-01-09,JP,JPY,card,Ecommerce,34.05,0.81,0,0
txn_100784,2024-05-12,FR,EUR,bank_transfer,Marketplace,25.83,0.77,0,0
txn_100785,2024-06-20,US,USD,card,SaaS,196.43,3.32,0,0
txn_100786,2024-07-27,US,USD,card,Donaciones,7.65,0.39,0,0
txn_100787,2024-04-22,US,USD,bank_transfer,Suscripcion,133.39,2.8,0,0
txn_100788,2024-10-02,GB,GBP,bank_transfer,Ecommerce,47.46,1.35,0,1
txn_100789,2024-08-07,JP,JPY,card,SaaS,150.79,3.61,0,0
txn_100790,2024-06-15,FR,EUR,wallet,SaaS,27.53,0.66,0,0
txn_100791,2024-04-20,ES,EUR,bank_transfer,Suscripcion,18.37,0.69,0,0
txn_100792,2024-03-04,GB,GBP,card,Ecommerce,11.08,0.45,0,0
txn_100793,2024-02-24,US,USD,bank_transfer,SaaS,62.31,1.59,0,0
txn_100794,2024-09-04,US,USD,bnpl,Marketplace,6.28,0.41,0,0
txn_100795,2024-09-19,GB,GBP,wallet,Donaciones,11.79,0.52,0,0
txn_100796,2024-10-16,FR,EUR,card,Donaciones,67.62,1.21,0,0
txn_100797,2024-07-29,IN,INR,card,SaaS,185.77,4.33,0,0
txn_100798,2024-07-22,IN,INR,card,Marketplace,49.21,1.38,0,0
txn_100799,2024-04-15,US,USD,wallet,Donaciones,20.37,0.73,0,0
txn_100800,2024-01-26,IN,INR,wallet,Suscripcion,12.37,0.48,0,0
txn_100801,2024-09-25,US,USD,wallet,Ecommerce,53.93,1.05,0,0
txn_100802,2024-01-27,US,USD,card,SaaS,11.03,0.52,0,0
txn_100803,2024-05-23,US,USD,card,SaaS,58.46,1.76,0,0
txn_100804,2024-01-30,US,USD,card,Suscripcion,23.38,0.64,0,0
txn_100805,2024-04-15,FR,EUR,card,Ecommerce,74.02,2.3,0,0
txn_100806,2024-01-06,BR,BRL,card,Marketplace,28.49,0.7,0,0
txn_100807,2024-08-28,US,USD,bank_transfer,Ecommerce,10.28,0.49,0,0
txn_100808,2024-11-26,DE,EUR,card,Donaciones,70.99,1.86,0,0
txn_100809,2024-03-04,IN,INR,card,Suscripcion,12.11,0.5,1,1
txn_100810,2024-11-22,US,USD,wallet,SaaS,47.99,1.0,0,0
txn_100811,2024-02-15,BR,BRL,card,SaaS,59.87,1.86,0,0
txn_100812,2024-10-04,US,USD,card,Suscripcion,45.4,1.17,0,0
txn_100813,2024-10-09,US,USD,wallet,Marketplace,57.15,1.89,0,0
txn_100814,2024-12-30,US,USD,bank_transfer,Ecommerce,11.47,0.43,0,0
txn_100815,2024-10-19,US,USD,bank_transfer,Suscripcion,39.34,1.18,0,0
txn_100816,2024-11-20,US,USD,card,Marketplace,16.65,0.71,0,0
txn_100817,2024-11-30,FR,EUR,wallet,SaaS,33.22,1.07,0,0
txn_100818,2024-01-25,IN,INR,wallet,Marketplace,17.09,0.73,0,0
txn_100819,2024-10-05,US,USD,card,Ecommerce,37.89,0.83,0,0
txn_100820,2024-01-20,DE,EUR,card,SaaS,141.41,4.16,0,0
txn_100821,2024-05-11,DE,EUR,card,Suscripcion,4.07,0.33,0,0
txn_100822,2024-07-11,IN,INR,card,Suscripcion,129.79,2.14,0,0
txn_100823,2024-12-30,BR,BRL,card,Ecommerce,126.79,2.91,0,0
txn_100824,2024-10-25,BR,BRL,bank_transfer,Suscripcion,7.59,0.41,0,0
txn_100825,2024-10-09,US,USD,card,Suscripcion,36.9,1.05,0,0
txn_100826,2024-08-09,GB,GBP,card,Donaciones,32.95,0.99,0,0
txn_100827,2024-01-23,ES,EUR,bank_transfer,Ecommerce,37.75,1.07,0,0
txn_100828,2024-10-17,BR,BRL,card,Donaciones,93.19,1.84,0,0
txn_100829,2024-09-20,ES,EUR,bank_transfer,Marketplace,197.53,4.1,0,0
txn_100830,2024-10-16,US,USD,card,Marketplace,177.86,3.54,0,0
txn_100831,2024-11-15,DE,EUR,card,Suscripcion,26.94,0.82,0,0
txn_100832,2024-07-26,GB,GBP,card,Donaciones,58.78,1.86,0,0
txn_100833,2024-12-30,US,USD,wallet,Donaciones,6.96,0.35,0,1
txn_100834,2024-07-07,IN,INR,card,Donaciones,87.97,1.81,0,1
txn_100835,2024-09-03,ES,EUR,wallet,Suscripcion,129.3,3.66,0,0
txn_100836,2024-04-15,US,USD,wallet,Marketplace,4.74,0.33,0,0
txn_100837,2024-09-17,FR,EUR,card,SaaS,69.54,1.55,0,0
txn_100838,2024-01-16,JP,JPY,card,Ecommerce,31.73,0.77,0,0
txn_100839,2024-07-08,JP,JPY,card,Ecommerce,14.4,0.46,0,0
txn_100840,2024-01-23,IN,INR,card,Suscripcion,304.94,4.64,0,0
txn_100841,2024-08-20,DE,EUR,bank_transfer,Marketplace,137.57,2.78,0,0
txn_100842,2024-04-09,US,USD,card,Marketplace,44.15,1.26,0,0
txn_100843,2024-06-19,IN,INR,card,Marketplace,34.41,1.12,0,0
txn_100844,2024-10-26,US,USD,wallet,Donaciones,37.75,0.8,0,0
txn_100845,2024-04-07,GB,GBP,card,SaaS,45.87,1.06,0,0
txn_100846,2024-08-05,IN,INR,wallet,Donaciones,26.0,0.93,0,0
txn_100847,2024-05-14,US,USD,wallet,Marketplace,61.14,1.42,0,0
txn_100848,2024-08-22,US,USD,card,Ecommerce,59.28,1.15,0,0
txn_100849,2024-07-01,US,USD,card,Suscripcion,63.97,1.81,0,0
txn_100850,2024-10-19,US,USD,wallet,Donaciones,45.72,0.92,0,0
txn_100851,2024-10-03,JP,JPY,card,Donaciones,7.62,0.37,0,0
txn_100852,2024-05-03,DE,EUR,bank_transfer,Donaciones,105.47,2.31,0,0
txn_100853,2024-02-09,JP,JPY,card,Donaciones,7.39,0.46,0,0
txn_100854,2024-10-25,GB,GBP,card,Suscripcion,136.88,3.85,0,0
txn_100855,2024-01-23,FR,EUR,card,Marketplace,5.97,0.39,0,0
txn_100856,2024-09-14,IN,INR,wallet,Suscripcion,44.49,1.29,0,0
txn_100857,2024-09-29,US,USD,bank_transfer,Marketplace,130.85,4.0,0,0
txn_100858,2024-11-14,IN,INR,bank_transfer,SaaS,54.87,1.11,0,0
txn_100859,2024-02-15,GB,GBP,card,Ecommerce,27.76,1.05,0,0
txn_100860,2024-06-04,US,USD,card,Suscripcion,60.34,1.1,0,0
txn_100861,2024-05-23,DE,EUR,card,Suscripcion,242.24,4.61,0,0
txn_100862,2024-03-23,DE,EUR,bank_transfer,Donaciones,45.77,0.92,0,0
txn_100863,2024-08-20,BR,BRL,bank_transfer,Donaciones,60.17,1.23,0,0
txn_100864,2024-03-23,IN,INR,card,Donaciones,12.77,0.45,0,0
txn_100865,2024-10-23,US,USD,card,SaaS,27.98,0.9,0,0
txn_100866,2024-01-13,IN,INR,card,SaaS,71.68,1.34,0,0
txn_100867,2024-05-07,DE,EUR,card,Suscripcion,92.54,1.64,0,0
txn_100868,2024-05-17,FR,EUR,bnpl,Donaciones,18.59,0.66,0,0
txn_100869,2024-11-05,DE,EUR,card,Marketplace,143.42,3.18,0,0
txn_100870,2024-08-07,US,USD,card,Suscripcion,15.21,0.55,0,0
txn_100871,2024-05-21,GB,GBP,wallet,Marketplace,34.62,1.18,1,1
txn_100872,2024-05-05,GB,GBP,wallet,SaaS,16.03,0.55,0,1
txn_100873,2024-04-15,DE,EUR,card,SaaS,30.65,1.01,0,0
txn_100874,2024-03-10,US,USD,bnpl,Donaciones,25.91,0.79,0,0
txn_100875,2024-08-12,US,USD,wallet,Ecommerce,46.88,1.45,0,0
txn_100876,2024-09-20,BR,BRL,wallet,Ecommerce,7.66,0.39,0,0
txn_100877,2024-01-02,DE,EUR,card,Ecommerce,14.09,0.59,0,0
txn_100878,2024-08-26,FR,EUR,bank_transfer,Suscripcion,5.59,0.37,0,0
txn_100879,2024-05-23,JP,JPY,card,Marketplace,18.03,0.62,0,0
txn_100880,2024-06-06,GB,GBP,card,Suscripcion,26.26,0.83,0,0
txn_100881,2024-09-20,US,USD,wallet,SaaS,34.19,1.05,0,0
txn_100882,2024-06-26,US,USD,card,Marketplace,91.26,2.1,0,0
txn_100883,2024-07-04,DE,EUR,bnpl,SaaS,74.36,1.46,0,0
txn_100884,2024-11-05,US,USD,card,SaaS,43.42,1.35,0,0
txn_100885,2024-07-14,US,USD,card,Donaciones,80.74,1.62,0,0
txn_100886,2024-02-23,US,USD,card,SaaS,39.94,0.88,0,0
txn_100887,2024-11-28,DE,EUR,card,Marketplace,3.24,0.34,0,0
txn_100888,2024-09-01,US,USD,card,Suscripcion,268.6,6.29,0,0
txn_100889,2024-03-02,US,USD,wallet,SaaS,112.03,3.39,0,0
txn_100890,2024-03-15,GB,GBP,bank_transfer,SaaS,19.77,0.63,0,0
txn_100891,2024-06-25,ES,EUR,card,Suscripcion,16.56,0.7,0,0
txn_100892,2024-11-02,ES,EUR,card,Ecommerce,8.63,0.47,0,1
txn_100893,2024-08-05,DE,EUR,card,Donaciones,27.36,0.65,0,0
txn_100894,2024-01-22,ES,EUR,wallet,Marketplace,29.02,0.77,0,0
txn_100895,2024-07-03,IN,INR,card,Donaciones,11.42,0.47,0,0
txn_100896,2024-12-28,JP,JPY,bank_transfer,Suscripcion,34.91,1.16,0,0
txn_100897,2024-03-15,US,USD,bnpl,Suscripcion,18.07,0.7,0,0
txn_100898,2024-09-16,IN,INR,card,SaaS,24.78,0.91,0,0
txn_100899,2024-07-13,ES,EUR,card,SaaS,216.08,4.86,0,0
txn_100900,2024-02-10,GB,GBP,bank_transfer,Ecommerce,4.8,0.33,0,0
txn_100901,2024-06-08,GB,GBP,card,Marketplace,15.73,0.59,0,0
txn_100902,2024-05-03,GB,GBP,card,Marketplace,24.06,0.84,0,0
txn_100903,2024-04-13,IN,INR,card,Marketplace,30.3,1.11,0,0
txn_100904,2024-12-02,ES,EUR,wallet,Donaciones,31.41,0.89,0,0
txn_100905,2024-07-04,GB,GBP,bnpl,SaaS,188.57,3.87,0,0
txn_100906,2024-05-11,US,USD,bank_transfer,Suscripcion,15.61,0.52,0,0
txn_100907,2024-12-22,IN,INR,card,Ecommerce,109.21,2.24,0,0
txn_100908,2024-06-18,IN,INR,card,Suscripcion,17.07,0.71,0,0
txn_100909,2024-04-10,US,USD,bank_transfer,Marketplace,35.41,1.26,0,0
txn_100910,2024-02-18,FR,EUR,card,SaaS,267.5,7.04,0,0
txn_100911,2024-02-28,DE,EUR,wallet,Suscripcion,127.67,2.04,0,0
txn_100912,2024-03-17,BR,BRL,bnpl,SaaS,21.23,0.61,1,0
txn_100913,2024-07-14,GB,GBP,bnpl,Marketplace,46.59,1.22,0,0
txn_100914,2024-07-12,ES,EUR,card,Donaciones,61.86,1.84,0,1
txn_100915,2024-06-19,US,USD,card,SaaS,33.54,0.93,0,0
txn_100916,2024-05-22,IN,INR,card,Donaciones,32.1,0.85,0,0
txn_100917,2024-11-02,DE,EUR,bank_transfer,Donaciones,72.58,1.51,0,0
txn_100918,2024-10-05,DE,EUR,wallet,Ecommerce,14.25,0.51,0,0
txn_100919,2024-06-21,ES,EUR,wallet,Donaciones,9.24,0.45,0,0
txn_100920,2024-04-07,BR,BRL,wallet,Donaciones,11.16,0.55,0,0
txn_100921,2024-05-26,JP,JPY,bank_transfer,Donaciones,147.12,4.5,0,0
txn_100922,2024-06-04,US,USD,wallet,Ecommerce,253.91,5.13,0,0
txn_100923,2024-12-22,IN,INR,wallet,SaaS,27.72,0.74,0,1
txn_100924,2024-08-31,JP,JPY,card,Donaciones,111.82,2.08,0,1
txn_100925,2024-05-16,DE,EUR,card,SaaS,4.86,0.38,0,0
txn_100926,2024-01-15,IN,INR,wallet,SaaS,72.57,1.32,0,0
txn_100927,2024-03-06,BR,BRL,card,Donaciones,36.96,0.85,0,0
txn_100928,2024-04-21,ES,EUR,card,Ecommerce,88.93,2.09,0,0
txn_100929,2024-04-20,GB,GBP,bnpl,SaaS,27.53,0.85,0,0
txn_100930,2024-01-19,JP,JPY,wallet,Donaciones,215.29,3.82,0,0
txn_100931,2024-11-22,DE,EUR,wallet,Ecommerce,5.2,0.39,0,0
txn_100932,2024-07-23,IN,INR,card,SaaS,10.09,0.43,0,0
txn_100933,2024-02-28,IN,INR,card,Suscripcion,33.88,1.16,0,0
txn_100934,2024-05-09,US,USD,card,Marketplace,9.08,0.51,0,0
txn_100935,2024-08-13,FR,EUR,card,Donaciones,29.98,0.98,0,0
txn_100936,2024-08-16,FR,EUR,card,Ecommerce,98.79,2.76,0,0
txn_100937,2024-10-01,IN,INR,wallet,Donaciones,31.29,0.91,0,1
txn_100938,2024-07-07,JP,JPY,bank_transfer,Ecommerce,34.68,1.1,0,0
txn_100939,2024-03-30,JP,JPY,card,Donaciones,27.42,0.67,0,1
txn_100940,2024-02-28,US,USD,card,Ecommerce,98.56,1.79,0,0
txn_100941,2024-09-18,US,USD,card,Marketplace,33.12,0.97,0,0
txn_100942,2024-11-07,US,USD,card,SaaS,88.28,1.84,0,0
txn_100943,2024-01-05,US,USD,card,Donaciones,49.01,1.41,0,0
txn_100944,2024-01-23,ES,EUR,wallet,Donaciones,39.88,1.15,0,0
txn_100945,2024-10-17,US,USD,wallet,Ecommerce,48.14,0.94,0,0
txn_100946,2024-02-06,GB,GBP,wallet,SaaS,20.11,0.54,0,0
txn_100947,2024-09-02,ES,EUR,bnpl,Donaciones,19.76,0.68,0,0
txn_100948,2024-06-04,JP,JPY,wallet,Ecommerce,10.98,0.55,0,0
txn_100949,2024-10-22,US,USD,wallet,Donaciones,425.29,7.43,0,0
txn_100950,2024-06-08,GB,GBP,card,Marketplace,19.78,0.57,0,0
txn_100951,2024-08-29,US,USD,card,Marketplace,31.45,0.97,0,0
txn_100952,2024-11-20,GB,GBP,bnpl,Suscripcion,118.13,2.75,0,0
txn_100953,2024-06-15,IN,INR,wallet,Ecommerce,55.35,1.31,0,0
txn_100954,2024-08-16,DE,EUR,card,Ecommerce,7.42,0.37,0,0
txn_100955,2024-08-09,US,USD,card,Marketplace,74.8,1.47,0,0
txn_100956,2024-11-03,FR,EUR,wallet,Ecommerce,1.62,0.29,0,0
txn_100957,2024-06-02,GB,GBP,card,Ecommerce,39.29,1.05,0,1
txn_100958,2024-07-30,US,USD,wallet,SaaS,60.81,1.6,0,0
txn_100959,2024-01-06,US,USD,bnpl,SaaS,9.33,0.49,0,0
txn_100960,2024-01-04,GB,GBP,card,Donaciones,69.7,1.33,0,0
txn_100961,2024-01-07,DE,EUR,wallet,SaaS,57.81,1.73,0,0
txn_100962,2024-11-19,US,USD,wallet,Ecommerce,55.78,1.23,0,0
txn_100963,2024-04-26,IN,INR,wallet,Donaciones,31.25,1.08,0,0
txn_100964,2024-08-01,GB,GBP,card,SaaS,80.79,2.57,0,0
txn_100965,2024-05-09,GB,GBP,card,Ecommerce,11.14,0.47,0,0
txn_100966,2024-07-03,US,USD,wallet,SaaS,123.3,3.31,0,0
txn_100967,2024-09-18,GB,GBP,card,SaaS,16.81,0.64,0,0
txn_100968,2024-02-27,US,USD,card,Suscripcion,24.68,0.84,0,0
txn_100969,2024-07-11,IN,INR,wallet,Donaciones,83.33,1.95,0,0
txn_100970,2024-02-08,US,USD,card,SaaS,37.4,0.88,0,0
txn_100971,2024-08-28,US,USD,bnpl,Ecommerce,14.57,0.56,0,0
txn_100972,2024-11-11,DE,EUR,card,Donaciones,5.0,0.38,0,0
txn_100973,2024-05-26,US,USD,bnpl,Ecommerce,23.1,0.59,0,0
txn_100974,2024-12-28,IN,INR,wallet,Marketplace,5.98,0.36,0,0
txn_100975,2024-03-14,US,USD,card,Marketplace,257.26,7.69,0,0
txn_100976,2024-05-03,GB,GBP,card,SaaS,90.13,1.96,0,0
txn_100977,2024-02-01,US,USD,bank_transfer,Ecommerce,72.68,1.84,0,0
txn_100978,2024-07-25,US,USD,wallet,Donaciones,15.43,0.6,0,0
txn_100979,2024-01-10,US,USD,card,Suscripcion,25.08,0.86,0,0
txn_100980,2024-10-20,ES,EUR,card,SaaS,12.3,0.6,0,0
txn_100981,2024-08-15,FR,EUR,wallet,Ecommerce,125.73,2.13,0,0
txn_100982,2024-01-06,US,USD,bnpl,Marketplace,274.36,7.99,0,0
txn_100983,2024-06-23,ES,EUR,card,SaaS,77.0,2.19,0,0
txn_100984,2024-08-08,GB,GBP,wallet,Ecommerce,15.55,0.64,0,0
txn_100985,2024-04-12,GB,GBP,wallet,SaaS,75.7,2.16,0,0
txn_100986,2024-03-02,DE,EUR,card,Ecommerce,34.11,1.19,0,0
txn_100987,2024-07-29,US,USD,wallet,Suscripcion,23.89,0.82,0,0
txn_100988,2024-04-09,FR,EUR,card,Suscripcion,256.02,5.73,0,0
txn_100989,2024-09-21,GB,GBP,wallet,Suscripcion,120.37,3.23,0,0
txn_100990,2024-08-19,JP,JPY,card,Suscripcion,10.28,0.47,0,0
txn_100991,2024-05-10,GB,GBP,bank_transfer,Ecommerce,18.45,0.67,0,0
txn_100992,2024-03-04,FR,EUR,card,Suscripcion,302.78,7.07,0,0
txn_100993,2024-07-24,US,USD,bnpl,Ecommerce,31.96,1.09,0,0
txn_100994,2024-12-19,ES,EUR,bnpl,SaaS,23.83,0.86,0,0
txn_100995,2024-01-02,FR,EUR,card,SaaS,20.2,0.57,0,0
txn_100996,2024-11-02,DE,EUR,wallet,SaaS,117.33,2.58,0,0
txn_100997,2024-08-07,BR,BRL,bank_transfer,Marketplace,28.21,1.02,0,0
txn_100998,2024-07-12,US,USD,card,Marketplace,20.66,0.84,1,0
txn_100999,2024-05-19,US,USD,bnpl,Marketplace,25.52,0.62,0,0
txn_101000,2024-06-25,JP,JPY,card,Suscripcion,291.8,5.43,0,0
txn_101001,2024-03-17,US,USD,card,Ecommerce,429.86,7.34,0,0
txn_101002,2024-12-05,BR,BRL,bank_transfer,Ecommerce,62.13,1.3,0,0
txn_101003,2024-05-19,JP,JPY,bnpl,SaaS,130.93,3.08,0,0
txn_101004,2024-06-06,US,USD,card,Suscripcion,36.64,0.97,0,0
txn_101005,2024-03-03,FR,EUR,card,Marketplace,43.76,1.04,0,0
txn_101006,2024-12-12,IN,INR,wallet,Marketplace,8.01,0.45,0,0
txn_101007,2024-10-18,GB,GBP,card,Ecommerce,11.74,0.45,0,0
txn_101008,2024-11-03,JP,JPY,wallet,Ecommerce,84.39,1.69,0,0
txn_101009,2024-03-07,BR,BRL,card,SaaS,77.75,1.9,0,0
txn_101010,2024-04-06,BR,BRL,wallet,SaaS,8.72,0.42,0,1
txn_101011,2024-07-28,GB,GBP,card,Suscripcion,8.3,0.4,0,0
txn_101012,2024-02-23,FR,EUR,card,Marketplace,45.1,1.28,0,0
txn_101013,2024-05-20,BR,BRL,bank_transfer,Marketplace,14.68,0.51,0,0
txn_101014,2024-11-13,US,USD,bnpl,Marketplace,84.37,2.69,0,0
txn_101015,2024-06-13,IN,INR,card,Suscripcion,29.2,0.72,0,0
txn_101016,2024-03-26,ES,EUR,card,Marketplace,243.57,4.23,0,0
txn_101017,2024-11-07,BR,BRL,card,Donaciones,511.38,10.01,0,0
txn_101018,2024-09-25,FR,EUR,card,SaaS,4.69,0.36,0,0
txn_101019,2024-03-11,IN,INR,bnpl,Marketplace,22.38,0.76,0,0
txn_101020,2024-06-01,BR,BRL,bnpl,SaaS,9.64,0.41,0,1
txn_101021,2024-09-26,DE,EUR,card,SaaS,26.02,0.75,1,1
txn_101022,2024-04-28,JP,JPY,bnpl,Marketplace,29.12,0.85,0,0
txn_101023,2024-04-05,US,USD,card,Suscripcion,7.39,0.37,0,0
txn_101024,2024-06-29,US,USD,card,SaaS,62.62,2.02,0,0
txn_101025,2024-05-16,ES,EUR,wallet,SaaS,7.02,0.35,0,0
txn_101026,2024-01-15,GB,GBP,card,SaaS,30.01,0.95,0,0
txn_101027,2024-10-25,ES,EUR,wallet,Marketplace,14.85,0.61,0,0
txn_101028,2024-03-13,US,USD,card,Marketplace,22.92,0.62,0,0
txn_101029,2024-03-11,US,USD,card,Suscripcion,253.91,4.96,0,0
txn_101030,2024-10-13,GB,GBP,wallet,Marketplace,189.63,4.69,0,0
txn_101031,2024-09-14,FR,EUR,card,Marketplace,59.3,1.49,0,0
txn_101032,2024-08-07,US,USD,wallet,Suscripcion,24.47,0.78,0,0
txn_101033,2024-06-13,DE,EUR,card,Ecommerce,53.0,1.56,0,0
txn_101034,2024-01-09,IN,INR,card,Ecommerce,17.07,0.5,0,0
txn_101035,2024-11-10,IN,INR,card,Ecommerce,20.06,0.54,0,0
txn_101036,2024-08-28,BR,BRL,card,Ecommerce,143.03,3.84,0,0
txn_101037,2024-12-07,US,USD,card,SaaS,53.48,1.64,0,0
txn_101038,2024-04-07,US,USD,card,Ecommerce,7.07,0.36,0,0
txn_101039,2024-11-28,ES,EUR,card,Donaciones,43.93,1.17,0,0
txn_101040,2024-06-14,DE,EUR,card,Suscripcion,15.68,0.65,0,0
txn_101041,2024-05-27,GB,GBP,card,SaaS,577.38,11.03,0,0
txn_101042,2024-04-29,JP,JPY,card,Donaciones,13.45,0.45,0,0
txn_101043,2024-12-20,BR,BRL,card,SaaS,59.05,1.32,0,0
txn_101044,2024-08-28,IN,INR,card,Ecommerce,46.21,1.52,0,0
txn_101045,2024-07-19,US,USD,bank_transfer,SaaS,53.06,1.69,0,0
txn_101046,2024-06-23,DE,EUR,card,Donaciones,31.31,0.75,0,0
txn_101047,2024-06-27,JP,JPY,card,SaaS,32.52,1.05,0,0
txn_101048,2024-10-08,ES,EUR,card,Donaciones,45.82,1.46,0,0
txn_101049,2024-11-30,US,USD,wallet,Marketplace,11.25,0.46,0,0
txn_101050,2024-02-23,IN,INR,card,Donaciones,12.02,0.59,0,0
txn_101051,2024-12-11,GB,GBP,card,Donaciones,14.93,0.49,0,0
txn_101052,2024-03-23,US,USD,card,Marketplace,44.5,0.88,0,0
txn_101053,2024-05-22,IN,INR,bank_transfer,Marketplace,13.97,0.66,0,0
txn_101054,2024-07-07,US,USD,card,Donaciones,15.4,0.47,0,0
txn_101055,2024-10-06,FR,EUR,card,Suscripcion,117.78,2.07,0,0
txn_101056,2024-11-17,IN,INR,card,SaaS,276.31,4.52,0,0
txn_101057,2024-10-01,US,USD,card,SaaS,61.15,2.02,0,0
txn_101058,2024-08-25,JP,JPY,bank_transfer,Marketplace,12.65,0.45,1,1
txn_101059,2024-03-22,US,USD,card,SaaS,11.64,0.57,0,0
txn_101060,2024-08-27,US,USD,card,Donaciones,20.21,0.64,0,0
txn_101061,2024-06-02,US,USD,card,Ecommerce,76.66,2.42,0,0
txn_101062,2024-08-27,BR,BRL,card,Ecommerce,16.21,0.62,0,0
txn_101063,2024-03-18,JP,JPY,card,Donaciones,66.58,1.96,0,0
txn_101064,2024-06-17,IN,INR,card,Suscripcion,29.59,0.9,0,0
txn_101065,2024-07-03,GB,GBP,bank_transfer,Marketplace,39.58,1.26,0,0
txn_101066,2024-02-28,US,USD,card,Marketplace,52.27,1.72,0,0
txn_101067,2024-09-29,US,USD,bank_transfer,Donaciones,219.67,4.98,0,1
txn_101068,2024-03-09,DE,EUR,wallet,Marketplace,13.06,0.54,0,0
txn_101069,2024-08-01,IN,INR,wallet,SaaS,168.43,3.99,0,0
txn_101070,2024-11-14,BR,BRL,card,SaaS,24.49,0.73,1,1
txn_101071,2024-03-02,GB,GBP,card,Suscripcion,11.75,0.46,0,0
txn_101072,2024-02-10,GB,GBP,card,Donaciones,150.72,3.24,0,0
txn_101073,2024-10-28,JP,JPY,card,Ecommerce,38.97,0.95,0,0
txn_101074,2024-07-20,ES,EUR,bnpl,Marketplace,19.69,0.68,0,0
txn_101075,2024-09-02,US,USD,bank_transfer,Marketplace,60.9,1.3,0,0
txn_101076,2024-11-08,US,USD,card,Donaciones,29.21,1.06,0,0
txn_101077,2024-11-19,GB,GBP,card,Suscripcion,15.3,0.61,0,0
txn_101078,2024-01-28,ES,EUR,bnpl,Donaciones,7.83,0.36,0,0
txn_101079,2024-05-14,US,USD,card,Suscripcion,37.19,0.86,0,0
txn_101080,2024-12-31,GB,GBP,card,Donaciones,7.17,0.4,0,0
txn_101081,2024-08-13,IN,INR,wallet,Ecommerce,47.7,1.13,0,0
txn_101082,2024-12-26,FR,EUR,bnpl,SaaS,28.48,0.89,0,0
txn_101083,2024-04-28,BR,BRL,card,Ecommerce,45.62,1.41,0,0
txn_101084,2024-10-23,GB,GBP,card,Suscripcion,16.59,0.65,0,0
txn_101085,2024-02-08,GB,GBP,wallet,Marketplace,41.37,1.09,0,0
txn_101086,2024-11-02,IN,INR,card,Ecommerce,32.45,1.05,0,0
txn_101087,2024-06-30,US,USD,card,Donaciones,10.84,0.49,0,1
txn_101088,2024-09-14,IN,INR,card,Donaciones,18.03,0.57,0,0
txn_101089,2024-10-27,GB,GBP,wallet,Donaciones,6.34,0.39,0,0
txn_101090,2024-10-11,BR,BRL,wallet,Suscripcion,55.37,1.48,0,0
txn_101091,2024-02-23,ES,EUR,bnpl,Marketplace,2.69,0.32,0,0
txn_101092,2024-03-04,DE,EUR,bnpl,Ecommerce,53.1,1.31,0,0
txn_101093,2024-11-29,US,USD,bnpl,Ecommerce,9.14,0.51,0,0
txn_101094,2024-11-01,IN,INR,card,Donaciones,5.11,0.37,0,0
txn_101095,2024-05-29,US,USD,card,Marketplace,16.46,0.54,0,0
txn_101096,2024-07-30,IN,INR,card,Ecommerce,50.96,1.37,0,0
txn_101097,2024-03-07,GB,GBP,card,SaaS,7.01,0.39,0,0
txn_101098,2024-03-27,BR,BRL,card,Ecommerce,22.07,0.57,0,0
txn_101099,2024-03-12,BR,BRL,card,Marketplace,201.87,3.25,0,0
txn_101100,2024-04-07,GB,GBP,card,Ecommerce,12.53,0.45,0,0
txn_101101,2024-10-28,GB,GBP,card,SaaS,28.56,0.97,0,0
txn_101102,2024-06-16,DE,EUR,card,Donaciones,83.8,2.57,0,0
txn_101103,2024-04-15,DE,EUR,wallet,SaaS,18.72,0.75,0,0
txn_101104,2024-11-28,IN,INR,card,SaaS,147.31,2.37,0,0
txn_101105,2024-04-03,GB,GBP,bnpl,Donaciones,29.61,0.95,1,0
txn_101106,2024-09-10,GB,GBP,bnpl,Suscripcion,76.23,1.42,0,0
txn_101107,2024-03-14,ES,EUR,card,Marketplace,321.83,5.73,0,0
txn_101108,2024-03-22,US,USD,card,Suscripcion,36.05,1.28,0,0
txn_101109,2024-09-17,DE,EUR,card,Ecommerce,36.31,0.85,0,0
txn_101110,2024-11-16,BR,BRL,card,Suscripcion,33.46,0.85,0,0
txn_101111,2024-03-22,GB,GBP,card,SaaS,91.41,2.6,0,0
txn_101112,2024-08-03,US,USD,card,Suscripcion,14.66,0.51,0,0
txn_101113,2024-12-22,DE,EUR,wallet,Ecommerce,4.81,0.36,0,0
txn_101114,2024-03-16,US,USD,bnpl,Donaciones,23.31,0.63,0,0
txn_101115,2024-02-02,JP,JPY,wallet,Ecommerce,140.94,3.5,0,0
txn_101116,2024-04-29,BR,BRL,wallet,Ecommerce,35.81,0.9,0,0
txn_101117,2024-07-04,US,USD,card,SaaS,47.17,1.06,0,0
txn_101118,2024-06-25,IN,INR,card,Suscripcion,31.62,1.07,0,0
txn_101119,2024-08-12,IN,INR,wallet,Donaciones,18.8,0.55,0,0
txn_101120,2024-03-08,DE,EUR,card,Suscripcion,23.5,0.82,0,1
txn_101121,2024-07-17,US,USD,card,Marketplace,6.88,0.41,0,0
txn_101122,2024-01-11,JP,JPY,card,Marketplace,10.46,0.51,0,0
txn_101123,2024-09-15,US,USD,card,Ecommerce,75.1,1.9,0,0
txn_101124,2024-08-28,US,USD,card,Donaciones,252.6,4.07,0,0
txn_101125,2024-12-11,GB,GBP,wallet,Donaciones,16.93,0.73,0,0
txn_101126,2024-05-12,IN,INR,card,SaaS,8.69,0.39,0,0
txn_101127,2024-11-19,IN,INR,bnpl,Donaciones,188.41,5.52,0,0
txn_101128,2024-07-29,GB,GBP,wallet,Suscripcion,191.99,3.5,0,0
txn_101129,2024-04-18,US,USD,wallet,Donaciones,68.35,1.28,0,0
txn_101130,2024-03-24,GB,GBP,card,Donaciones,8.77,0.45,0,0
txn_101131,2024-08-06,ES,EUR,card,Marketplace,36.07,1.26,0,0
txn_101132,2024-08-12,IN,INR,wallet,Donaciones,42.38,0.88,0,0
txn_101133,2024-02-08,GB,GBP,card,Marketplace,7.47,0.37,0,0
txn_101134,2024-10-24,BR,BRL,card,SaaS,33.07,1.13,0,1
txn_101135,2024-07-11,FR,EUR,card,Marketplace,29.7,1.01,0,0
txn_101136,2024-06-11,JP,JPY,bank_transfer,Ecommerce,25.33,0.95,0,0
txn_101137,2024-12-11,BR,BRL,card,Suscripcion,9.81,0.49,0,0
txn_101138,2024-11-12,JP,JPY,card,Ecommerce,67.93,1.55,0,0
txn_101139,2024-07-23,US,USD,bnpl,Suscripcion,56.33,1.27,0,0
txn_101140,2024-10-25,ES,EUR,card,Ecommerce,18.32,0.67,0,0
txn_101141,2024-01-01,ES,EUR,card,Ecommerce,109.44,3.04,0,0
txn_101142,2024-04-06,FR,EUR,card,Marketplace,129.99,2.88,0,0
txn_101143,2024-12-18,GB,GBP,wallet,Ecommerce,9.92,0.48,0,0
txn_101144,2024-11-12,GB,GBP,card,Donaciones,29.68,0.88,0,0
txn_101145,2024-11-03,US,USD,card,Marketplace,70.08,2.21,0,0
txn_101146,2024-09-10,JP,JPY,card,Marketplace,44.25,1.37,0,0
txn_101147,2024-07-30,JP,JPY,card,SaaS,24.62,0.86,0,0
txn_101148,2024-10-03,US,USD,card,Donaciones,117.79,2.18,0,0
txn_101149,2024-06-04,US,USD,bnpl,SaaS,64.73,1.38,0,0
txn_101150,2024-03-29,DE,EUR,card,Suscripcion,10.28,0.55,0,0
txn_101151,2024-02-16,US,USD,card,Donaciones,21.59,0.86,0,0
txn_101152,2024-01-24,US,USD,card,Donaciones,28.87,1.08,0,0
txn_101153,2024-06-14,US,USD,card,Ecommerce,82.72,1.66,0,0
txn_101154,2024-01-10,BR,BRL,wallet,Marketplace,30.62,1.06,0,0
txn_101155,2024-12-12,US,USD,card,Suscripcion,444.33,7.32,0,0
txn_101156,2024-09-22,GB,GBP,card,Ecommerce,37.19,1.09,0,0
txn_101157,2024-06-02,JP,JPY,card,Marketplace,16.42,0.63,0,0
txn_101158,2024-10-28,IN,INR,wallet,SaaS,33.16,0.92,0,1
txn_101159,2024-04-13,BR,BRL,card,SaaS,38.34,0.95,0,0
txn_101160,2024-03-16,FR,EUR,card,Suscripcion,23.7,0.61,0,0
txn_101161,2024-08-16,FR,EUR,bank_transfer,Ecommerce,6.71,0.43,0,0
txn_101162,2024-07-21,GB,GBP,card,Marketplace,14.85,0.51,0,0
txn_101163,2024-03-15,ES,EUR,bnpl,Suscripcion,31.68,1.15,0,0
txn_101164,2024-11-22,DE,EUR,card,Suscripcion,36.9,1.08,0,0
txn_101165,2024-07-05,US,USD,wallet,Suscripcion,24.42,0.74,0,0
txn_101166,2024-10-20,GB,GBP,wallet,Marketplace,20.98,0.81,0,0
txn_101167,2024-08-16,IN,INR,card,Donaciones,28.23,0.83,0,1
txn_101168,2024-08-05,JP,JPY,card,Donaciones,29.81,0.83,0,0
txn_101169,2024-06-05,FR,EUR,bnpl,Donaciones,130.35,3.38,0,0
txn_101170,2024-07-29,US,USD,bank_transfer,SaaS,83.16,2.43,0,0
txn_101171,2024-04-08,GB,GBP,bnpl,Ecommerce,42.32,1.29,0,0
txn_101172,2024-03-17,ES,EUR,card,Marketplace,31.68,0.98,0,0
txn_101173,2024-09-01,JP,JPY,card,Marketplace,3.76,0.31,0,0
txn_101174,2024-03-02,GB,GBP,bnpl,Ecommerce,55.24,1.08,0,0
txn_101175,2024-09-24,GB,GBP,card,Suscripcion,146.91,3.82,0,0
txn_101176,2024-07-26,US,USD,wallet,SaaS,149.11,2.52,0,0
txn_101177,2024-12-07,ES,EUR,bnpl,Donaciones,166.8,4.41,0,0
txn_101178,2024-09-22,US,USD,bnpl,Donaciones,34.29,0.92,0,0
txn_101179,2024-06-21,JP,JPY,card,Marketplace,9.82,0.45,0,0
txn_101180,2024-11-30,US,USD,card,Ecommerce,139.28,2.72,0,0
txn_101181,2024-09-08,DE,EUR,card,Marketplace,18.15,0.69,0,1
txn_101182,2024-05-23,GB,GBP,wallet,SaaS,9.69,0.45,0,0
txn_101183,2024-05-15,ES,EUR,wallet,Donaciones,14.78,0.66,0,1
txn_101184,2024-07-19,GB,GBP,card,Marketplace,66.44,2.05,0,0
txn_101185,2024-01-24,US,USD,card,Suscripcion,15.26,0.66,0,0
txn_101186,2024-06-23,FR,EUR,wallet,Donaciones,14.91,0.6,0,0
txn_101187,2024-10-30,US,USD,wallet,Ecommerce,76.99,1.79,0,0
txn_101188,2024-05-09,FR,EUR,wallet,Suscripcion,8.88,0.44,0,0
txn_101189,2024-11-26,US,USD,card,Donaciones,30.13,1.04,0,0
txn_101190,2024-02-12,BR,BRL,wallet,Suscripcion,38.05,0.88,0,0
txn_101191,2024-12-25,GB,GBP,card,Suscripcion,119.7,3.28,0,0
txn_101192,2024-03-16,GB,GBP,card,Ecommerce,25.56,0.85,0,0
txn_101193,2024-06-03,IN,INR,card,Ecommerce,275.91,6.46,0,0
txn_101194,2024-12-22,US,USD,card,SaaS,253.12,5.42,0,0
txn_101195,2024-09-13,GB,GBP,card,SaaS,19.8,0.69,0,0
txn_101196,2024-07-03,JP,JPY,wallet,Marketplace,54.87,1.5,0,0
txn_101197,2024-09-17,IN,INR,card,Ecommerce,39.78,1.21,0,0
txn_101198,2024-02-02,FR,EUR,card,Ecommerce,8.86,0.5,0,0
txn_101199,2024-11-04,US,USD,card,SaaS,18.52,0.78,0,0
txn_101200,2024-12-18,BR,BRL,card,Marketplace,17.46,0.5,1,0
txn_101201,2024-10-13,ES,EUR,wallet,Donaciones,26.42,0.94,0,0
txn_101202,2024-04-27,BR,BRL,card,SaaS,56.76,1.78,1,1
txn_101203,2024-10-16,ES,EUR,card,Ecommerce,10.48,0.41,0,0
txn_101204,2024-12-14,US,USD,card,Ecommerce,29.3,0.95,0,0
txn_101205,2024-11-04,ES,EUR,wallet,Ecommerce,48.33,1.29,0,0
txn_101206,2024-06-13,DE,EUR,card,Ecommerce,25.12,0.76,0,0
txn_101207,2024-06-13,US,USD,wallet,Marketplace,26.11,0.93,0,0
txn_101208,2024-10-10,IN,INR,card,Ecommerce,24.26,0.93,0,0
txn_101209,2024-12-07,ES,EUR,card,Marketplace,61.3,1.92,0,0
txn_101210,2024-07-22,US,USD,bank_transfer,SaaS,33.78,0.73,0,0
txn_101211,2024-04-12,FR,EUR,wallet,Ecommerce,51.73,1.16,0,0
txn_101212,2024-07-02,US,USD,card,Donaciones,8.81,0.43,0,0
txn_101213,2024-02-08,US,USD,card,SaaS,2.52,0.3,0,0
txn_101214,2024-10-27,US,USD,bank_transfer,SaaS,19.65,0.75,0,0
txn_101215,2024-12-07,US,USD,card,Suscripcion,9.9,0.42,0,0
txn_101216,2024-03-07,US,USD,card,SaaS,32.92,0.87,0,0
txn_101217,2024-07-20,DE,EUR,wallet,Suscripcion,4.94,0.37,0,0
txn_101218,2024-10-16,BR,BRL,wallet,Ecommerce,25.35,0.86,0,0
txn_101219,2024-03-30,IN,INR,card,Marketplace,264.55,4.93,0,0
txn_101220,2024-09-11,IN,INR,card,Suscripcion,47.53,1.36,0,0
txn_101221,2024-07-10,GB,GBP,bnpl,Ecommerce,21.79,0.64,0,0
txn_101222,2024-07-14,FR,EUR,card,Ecommerce,37.73,1.26,0,0
txn_101223,2024-08-21,GB,GBP,card,Suscripcion,52.72,1.02,0,0
txn_101224,2024-08-29,US,USD,wallet,Suscripcion,28.55,0.83,0,0
txn_101225,2024-12-27,US,USD,card,Ecommerce,85.42,1.98,0,0
txn_101226,2024-02-26,US,USD,card,Ecommerce,82.95,2.21,0,0
txn_101227,2024-09-08,FR,EUR,card,Ecommerce,15.63,0.64,0,0
txn_101228,2024-05-05,US,USD,wallet,Donaciones,58.3,1.33,0,0
txn_101229,2024-07-08,IN,INR,card,Ecommerce,38.51,1.16,0,0
txn_101230,2024-07-15,US,USD,card,SaaS,30.26,0.8,0,0
txn_101231,2024-05-18,GB,GBP,card,Suscripcion,12.36,0.47,0,0
txn_101232,2024-12-24,GB,GBP,bnpl,Suscripcion,81.52,1.81,0,0
txn_101233,2024-06-04,DE,EUR,card,Suscripcion,26.95,0.74,0,0
txn_101234,2024-06-16,US,USD,wallet,Marketplace,42.98,1.24,0,0
txn_101235,2024-03-07,GB,GBP,bnpl,Marketplace,37.24,1.18,0,0
txn_101236,2024-02-19,BR,BRL,wallet,SaaS,6.07,0.41,0,0
txn_101237,2024-04-03,US,USD,wallet,Donaciones,45.32,1.45,0,0
txn_101238,2024-10-17,US,USD,card,SaaS,4.96,0.33,0,0
txn_101239,2024-07-20,US,USD,card,Ecommerce,108.11,2.32,0,0
txn_101240,2024-01-13,US,USD,card,Donaciones,7.44,0.43,0,0
txn_101241,2024-01-10,BR,BRL,card,Donaciones,10.07,0.4,0,1
txn_101242,2024-09-23,BR,BRL,card,Suscripcion,36.73,1.04,0,0
txn_101243,2024-05-12,GB,GBP,card,Suscripcion,201.58,4.68,0,0
txn_101244,2024-07-15,BR,BRL,card,Donaciones,81.82,2.36,0,1
txn_101245,2024-09-22,ES,EUR,card,Donaciones,138.62,3.03,0,0
txn_101246,2024-09-21,BR,BRL,card,Marketplace,15.67,0.65,0,0
txn_101247,2024-03-01,US,USD,card,Marketplace,26.15,0.69,0,0
txn_101248,2024-05-25,US,USD,wallet,Suscripcion,21.27,0.8,0,0
txn_101249,2024-12-20,US,USD,card,Ecommerce,41.95,1.31,0,0
txn_101250,2024-11-13,DE,EUR,wallet,Ecommerce,12.03,0.53,0,0
txn_101251,2024-03-25,US,USD,wallet,SaaS,5.02,0.37,0,0
txn_101252,2024-05-01,IN,INR,bank_transfer,SaaS,16.67,0.62,0,0
txn_101253,2024-05-29,FR,EUR,card,Ecommerce,31.32,0.82,0,0
txn_101254,2024-01-09,BR,BRL,card,Donaciones,90.81,2.76,0,0
txn_101255,2024-12-18,JP,JPY,card,SaaS,25.03,0.72,0,0
txn_101256,2024-05-20,BR,BRL,bank_transfer,SaaS,25.5,0.85,0,0
txn_101257,2024-12-16,IN,INR,wallet,Marketplace,29.77,1.09,0,0
txn_101258,2024-05-22,US,USD,card,Suscripcion,170.8,4.3,0,0
txn_101259,2024-02-20,ES,EUR,card,Ecommerce,46.45,1.32,0,0
txn_101260,2024-10-18,BR,BRL,card,Donaciones,4.86,0.35,0,0
txn_101261,2024-03-08,FR,EUR,card,Donaciones,32.78,1.18,0,0
txn_101262,2024-11-08,US,USD,card,Suscripcion,6.56,0.35,0,0
txn_101263,2024-08-25,GB,GBP,card,Marketplace,71.18,2.18,0,0
txn_101264,2024-11-17,US,USD,card,Suscripcion,83.58,1.64,0,0
txn_101265,2024-01-10,JP,JPY,wallet,SaaS,1.59,0.27,0,0
txn_101266,2024-09-15,US,USD,wallet,SaaS,35.56,0.88,0,0
txn_101267,2024-04-26,US,USD,card,Suscripcion,12.91,0.47,0,0
txn_101268,2024-03-28,GB,GBP,bnpl,Donaciones,25.43,0.92,0,0
txn_101269,2024-08-15,GB,GBP,card,Ecommerce,18.87,0.64,0,0
txn_101270,2024-09-30,US,USD,bank_transfer,Suscripcion,19.51,0.74,1,1
txn_101271,2024-10-01,DE,EUR,card,Ecommerce,171.39,3.63,0,0
txn_101272,2024-12-17,US,USD,card,Marketplace,79.24,2.5,0,1
txn_101273,2024-02-20,GB,GBP,bnpl,Donaciones,104.7,1.82,0,0
txn_101274,2024-09-21,ES,EUR,card,Suscripcion,19.84,0.57,0,0
txn_101275,2024-06-22,GB,GBP,bnpl,Donaciones,3.48,0.33,0,1
txn_101276,2024-05-17,FR,EUR,card,Suscripcion,319.75,7.4,0,0
txn_101277,2024-11-30,DE,EUR,card,Donaciones,17.13,0.71,0,0
txn_101278,2024-01-29,US,USD,card,Donaciones,59.04,1.89,0,0
txn_101279,2024-08-21,DE,EUR,card,Ecommerce,7.06,0.41,0,0
txn_101280,2024-05-21,JP,JPY,card,SaaS,34.08,0.82,0,0
txn_101281,2024-11-02,GB,GBP,bnpl,SaaS,233.95,6.94,0,0
txn_101282,2024-01-11,US,USD,card,Marketplace,43.93,1.33,0,0
txn_101283,2024-06-13,ES,EUR,card,Donaciones,89.81,2.71,0,0
txn_101284,2024-05-23,IN,INR,wallet,SaaS,53.84,1.66,0,0
txn_101285,2024-09-21,IN,INR,card,Suscripcion,22.33,0.82,0,1
txn_101286,2024-12-01,US,USD,card,Marketplace,26.98,0.99,0,0
txn_101287,2024-05-11,IN,INR,card,Suscripcion,77.74,1.47,0,0
txn_101288,2024-01-24,FR,EUR,card,SaaS,42.38,1.1,0,0
txn_101289,2024-12-02,US,USD,card,SaaS,88.45,2.6,0,0
txn_101290,2024-11-01,JP,JPY,card,Marketplace,142.19,4.2,0,0
txn_101291,2024-05-11,US,USD,wallet,Ecommerce,103.21,2.74,0,0
txn_101292,2024-09-04,GB,GBP,wallet,SaaS,347.98,5.78,0,0
txn_101293,2024-06-19,US,USD,card,Donaciones,182.87,3.13,0,1
txn_101294,2024-10-27,US,USD,card,Marketplace,21.91,0.7,0,0
txn_101295,2024-03-22,US,USD,card,SaaS,62.97,1.57,0,0
txn_101296,2024-07-09,JP,JPY,card,Suscripcion,80.81,2.25,0,0
txn_101297,2024-10-23,US,USD,card,Ecommerce,32.41,1.18,0,0
txn_101298,2024-11-05,DE,EUR,card,Marketplace,45.08,1.26,0,0
txn_101299,2024-11-15,FR,EUR,bnpl,Donaciones,8.97,0.49,0,0
txn_101300,2024-08-25,FR,EUR,card,Ecommerce,10.98,0.52,0,0
txn_101301,2024-06-30,US,USD,wallet,SaaS,36.54,0.93,0,0
txn_101302,2024-09-04,JP,JPY,card,SaaS,25.49,0.88,0,0
txn_101303,2024-05-06,GB,GBP,card,SaaS,2.29,0.3,0,0
txn_101304,2024-02-09,IN,INR,card,SaaS,24.41,0.74,0,0
txn_101305,2024-06-28,ES,EUR,card,Ecommerce,64.07,1.74,0,0
txn_101306,2024-09-04,GB,GBP,card,Ecommerce,29.11,0.73,0,0
txn_101307,2024-10-10,DE,EUR,card,Marketplace,26.45,0.79,0,0
txn_101308,2024-12-26,JP,JPY,wallet,SaaS,10.7,0.5,0,0
txn_101309,2024-07-09,DE,EUR,card,Suscripcion,45.31,1.22,0,0
txn_101310,2024-07-01,US,USD,card,Donaciones,12.23,0.6,0,0
txn_101311,2024-08-17,US,USD,bank_transfer,Suscripcion,98.1,1.98,0,0
txn_101312,2024-02-09,GB,GBP,card,Marketplace,40.89,1.28,0,0
txn_101313,2024-12-23,BR,BRL,card,SaaS,5.74,0.36,0,1
txn_101314,2024-10-10,IN,INR,bnpl,SaaS,23.45,0.72,0,0
txn_101315,2024-02-12,FR,EUR,bank_transfer,Donaciones,59.31,1.4,0,0
txn_101316,2024-06-29,JP,JPY,card,Suscripcion,38.66,1.01,0,0
txn_101317,2024-10-30,GB,GBP,wallet,SaaS,165.23,3.41,0,0
txn_101318,2024-07-16,IN,INR,card,Ecommerce,40.74,1.06,0,0
txn_101319,2024-11-07,US,USD,wallet,Ecommerce,25.59,0.88,0,0
txn_101320,2024-01-24,IN,INR,bank_transfer,Ecommerce,32.09,1.14,0,0
txn_101321,2024-01-17,US,USD,bank_transfer,SaaS,100.47,3.05,0,0
txn_101322,2024-06-27,DE,EUR,card,SaaS,62.88,1.95,0,0
txn_101323,2024-11-13,US,USD,card,SaaS,17.27,0.51,0,0
txn_101324,2024-08-26,US,USD,bnpl,SaaS,19.4,0.75,0,0
txn_101325,2024-06-19,FR,EUR,card,Donaciones,5.13,0.39,0,0
txn_101326,2024-04-02,US,USD,card,SaaS,181.41,3.26,0,0
txn_101327,2024-02-04,GB,GBP,wallet,SaaS,8.13,0.4,0,0
txn_101328,2024-07-09,DE,EUR,card,Marketplace,102.17,1.76,0,0
txn_101329,2024-08-12,US,USD,card,SaaS,56.69,1.75,0,0
txn_101330,2024-01-20,FR,EUR,card,SaaS,35.3,1.19,0,0
txn_101331,2024-11-01,FR,EUR,card,Ecommerce,11.9,0.42,0,0
txn_101332,2024-09-08,GB,GBP,wallet,Ecommerce,105.69,3.29,0,0
txn_101333,2024-06-12,US,USD,card,SaaS,40.01,1.12,0,0
txn_101334,2024-10-07,ES,EUR,wallet,Suscripcion,45.65,1.5,0,0
txn_101335,2024-03-20,JP,JPY,card,Suscripcion,142.12,2.61,0,0
txn_101336,2024-06-28,DE,EUR,card,Suscripcion,101.03,2.39,0,0
txn_101337,2024-01-05,IN,INR,card,Suscripcion,34.19,1.16,0,0
txn_101338,2024-07-25,BR,BRL,wallet,Ecommerce,205.86,5.55,0,0
txn_101339,2024-06-18,ES,EUR,card,Donaciones,20.12,0.72,0,0
txn_101340,2024-05-05,ES,EUR,wallet,Donaciones,222.28,4.18,0,0
txn_101341,2024-09-26,FR,EUR,card,Marketplace,26.04,1.0,0,1
txn_101342,2024-08-09,FR,EUR,card,Ecommerce,22.49,0.61,0,0
txn_101343,2024-03-16,IN,INR,card,Donaciones,7.65,0.41,0,0
txn_101344,2024-07-08,US,USD,wallet,Ecommerce,13.3,0.55,0,0
txn_101345,2024-04-13,US,USD,wallet,Ecommerce,58.89,1.54,0,0
txn_101346,2024-10-20,JP,JPY,card,Donaciones,80.49,2.02,0,0
txn_101347,2024-12-22,US,USD,card,Ecommerce,35.68,0.76,0,0
txn_101348,2024-03-14,JP,JPY,card,Suscripcion,19.65,0.69,0,0
txn_101349,2024-01-31,US,USD,card,Donaciones,6.22,0.43,0,0
txn_101350,2024-12-19,GB,GBP,wallet,Suscripcion,6.74,0.45,0,0
txn_101351,2024-07-06,US,USD,wallet,SaaS,14.49,0.65,0,0
txn_101352,2024-01-31,IN,INR,card,Donaciones,30.29,0.71,0,0
txn_101353,2024-08-20,US,USD,wallet,Donaciones,34.88,0.85,0,0
txn_101354,2024-09-21,FR,EUR,card,Marketplace,6.06,0.39,0,0
txn_101355,2024-12-07,BR,BRL,card,Marketplace,32.29,0.88,0,0
txn_101356,2024-01-12,IN,INR,wallet,Suscripcion,30.91,0.72,0,0
txn_101357,2024-04-06,US,USD,wallet,SaaS,82.06,2.19,0,0
txn_101358,2024-11-09,IN,INR,card,Marketplace,4.66,0.36,0,0
txn_101359,2024-07-10,JP,JPY,card,Marketplace,4.72,0.34,0,0
txn_101360,2024-12-02,DE,EUR,card,Suscripcion,4.35,0.35,0,0
txn_101361,2024-08-22,US,USD,card,Ecommerce,28.97,0.95,0,0
txn_101362,2024-08-27,US,USD,wallet,Suscripcion,18.68,0.58,0,0
txn_101363,2024-08-27,FR,EUR,card,SaaS,25.74,0.89,0,0
txn_101364,2024-02-13,US,USD,wallet,Marketplace,17.66,0.69,0,0
txn_101365,2024-11-08,IN,INR,wallet,Ecommerce,82.74,2.06,0,0
txn_101366,2024-11-30,BR,BRL,card,SaaS,30.22,0.9,0,0
txn_101367,2024-07-16,GB,GBP,wallet,Marketplace,41.25,0.95,0,0
txn_101368,2024-07-04,US,USD,bnpl,Marketplace,26.07,1.0,0,0
txn_101369,2024-03-26,ES,EUR,wallet,Marketplace,12.7,0.51,0,0
txn_101370,2024-03-02,FR,EUR,wallet,SaaS,75.14,2.37,0,0
txn_101371,2024-05-12,ES,EUR,card,SaaS,11.69,0.53,0,0
txn_101372,2024-08-23,US,USD,card,Ecommerce,29.08,0.91,0,0
txn_101373,2024-02-23,US,USD,wallet,SaaS,28.51,0.69,0,0
txn_101374,2024-03-14,GB,GBP,card,Ecommerce,8.78,0.48,0,0
txn_101375,2024-10-27,ES,EUR,bank_transfer,Marketplace,78.66,1.41,0,0
txn_101376,2024-04-06,GB,GBP,wallet,Marketplace,7.57,0.36,0,0
txn_101377,2024-11-14,JP,JPY,bnpl,Suscripcion,19.67,0.81,0,0
txn_101378,2024-08-04,GB,GBP,card,SaaS,154.54,3.35,0,0
txn_101379,2024-04-16,US,USD,bnpl,Suscripcion,48.84,0.94,0,0
txn_101380,2024-06-12,US,USD,card,SaaS,16.0,0.65,0,0
txn_101381,2024-06-04,GB,GBP,card,Ecommerce,27.25,0.72,0,0
txn_101382,2024-04-22,JP,JPY,card,Marketplace,34.92,1.13,0,0
txn_101383,2024-05-27,FR,EUR,wallet,Marketplace,10.12,0.51,1,0
txn_101384,2024-11-05,US,USD,card,Donaciones,27.84,0.94,0,0
txn_101385,2024-10-21,GB,GBP,wallet,Suscripcion,272.68,5.09,0,0
txn_101386,2024-12-29,US,USD,card,Donaciones,51.56,1.03,0,1
txn_101387,2024-08-29,US,USD,wallet,Ecommerce,40.9,1.06,0,0
txn_101388,2024-08-31,BR,BRL,wallet,Ecommerce,28.39,1.0,0,0
txn_101389,2024-01-08,IN,INR,card,Suscripcion,6.71,0.39,0,0
txn_101390,2024-11-19,US,USD,card,Marketplace,74.29,2.11,0,0
txn_101391,2024-08-26,DE,EUR,card,Suscripcion,19.81,0.55,0,0
txn_101392,2024-10-11,BR,BRL,card,Marketplace,128.69,2.28,0,0
txn_101393,2024-07-08,IN,INR,card,Donaciones,23.18,0.65,0,0
txn_101394,2024-03-20,US,USD,card,Ecommerce,27.55,0.73,0,1
txn_101395,2024-08-10,US,USD,card,Ecommerce,28.03,0.76,0,0
txn_101396,2024-09-08,US,USD,wallet,SaaS,158.95,3.01,0,0
txn_101397,2024-10-07,US,USD,card,Ecommerce,118.99,2.6,0,0
txn_101398,2024-01-10,JP,JPY,card,SaaS,35.44,0.96,0,0
txn_101399,2024-06-13,IN,INR,card,Donaciones,34.93,0.76,0,0
txn_101400,2024-10-17,DE,EUR,card,Ecommerce,81.81,2.27,0,0
txn_101401,2024-06-21,US,USD,card,Marketplace,86.37,2.71,0,0
txn_101402,2024-03-17,US,USD,wallet,Marketplace,51.36,1.61,0,0
txn_101403,2024-09-12,US,USD,card,Marketplace,1.83,0.28,0,0
txn_101404,2024-07-08,ES,EUR,wallet,Ecommerce,36.71,0.85,0,0
txn_101405,2024-06-04,JP,JPY,card,Suscripcion,37.06,1.21,0,0
txn_101406,2024-08-28,US,USD,bank_transfer,Ecommerce,10.55,0.45,0,0
txn_101407,2024-03-27,US,USD,card,Suscripcion,82.41,1.68,0,0
txn_101408,2024-11-30,BR,BRL,card,SaaS,143.13,3.34,1,0
txn_101409,2024-08-27,DE,EUR,bank_transfer,Marketplace,15.61,0.63,0,0
txn_101410,2024-07-02,US,USD,wallet,Suscripcion,887.74,22.11,0,0
txn_101411,2024-02-09,GB,GBP,bank_transfer,Ecommerce,30.44,1.08,0,0
txn_101412,2024-05-31,GB,GBP,card,Ecommerce,3.87,0.36,0,0
txn_101413,2024-02-05,FR,EUR,card,SaaS,19.16,0.71,0,0
txn_101414,2024-09-06,DE,EUR,card,Donaciones,172.06,3.19,0,0
txn_101415,2024-10-07,US,USD,card,Donaciones,16.92,0.72,0,0
txn_101416,2024-01-13,FR,EUR,card,SaaS,92.14,1.87,0,0
txn_101417,2024-10-25,US,USD,bnpl,Ecommerce,3.84,0.34,0,0
txn_101418,2024-05-02,US,USD,card,SaaS,477.99,10.17,0,0
txn_101419,2024-05-16,US,USD,card,SaaS,819.27,13.93,0,0
txn_101420,2024-05-03,US,USD,bnpl,Marketplace,46.31,0.98,0,0
txn_101421,2024-04-12,US,USD,card,Marketplace,27.47,1.04,0,0
txn_101422,2024-10-25,JP,JPY,bank_transfer,Marketplace,247.47,4.96,0,0
txn_101423,2024-05-10,GB,GBP,card,Ecommerce,101.19,2.14,0,0
txn_101424,2024-09-17,DE,EUR,wallet,Ecommerce,134.42,2.21,0,0
txn_101425,2024-03-07,GB,GBP,bnpl,Ecommerce,6.02,0.4,0,1
txn_101426,2024-02-07,US,USD,bnpl,Suscripcion,43.67,1.38,0,0
txn_101427,2024-04-24,US,USD,card,Suscripcion,4.92,0.33,0,0
txn_101428,2024-08-26,US,USD,bank_transfer,Ecommerce,9.3,0.49,0,0
txn_101429,2024-11-24,JP,JPY,bnpl,Ecommerce,7.27,0.41,0,1
txn_101430,2024-08-29,DE,EUR,wallet,Ecommerce,7.02,0.4,0,0
txn_101431,2024-01-01,JP,JPY,wallet,Marketplace,27.09,0.91,0,0
txn_101432,2024-05-22,US,USD,card,Suscripcion,1065.5,30.7,0,0
txn_101433,2024-07-28,IN,INR,card,Ecommerce,22.32,0.7,0,0
txn_101434,2024-11-28,US,USD,card,Marketplace,67.68,2.01,0,0
txn_101435,2024-09-19,DE,EUR,card,SaaS,155.72,3.63,0,0
txn_101436,2024-10-23,JP,JPY,wallet,Marketplace,68.03,2.05,0,0
txn_101437,2024-02-24,ES,EUR,card,SaaS,43.22,1.42,0,1
txn_101438,2024-03-26,JP,JPY,card,Ecommerce,149.13,4.06,0,0
txn_101439,2024-04-29,ES,EUR,card,Donaciones,90.75,2.69,0,0
txn_101440,2024-11-11,US,USD,card,Marketplace,47.37,1.22,0,0
txn_101441,2024-01-28,DE,EUR,card,SaaS,11.59,0.43,0,0
txn_101442,2024-12-13,GB,GBP,card,SaaS,316.59,6.5,0,0
txn_101443,2024-07-22,DE,EUR,bank_transfer,Ecommerce,119.56,3.24,0,0
txn_101444,2024-10-29,US,USD,card,Ecommerce,9.42,0.4,0,0
txn_101445,2024-06-01,US,USD,card,Marketplace,12.5,0.51,0,1
txn_101446,2024-05-04,GB,GBP,card,SaaS,13.01,0.59,0,0
txn_101447,2024-05-17,US,USD,card,Ecommerce,42.14,0.91,0,0
txn_101448,2024-02-23,IN,INR,bank_transfer,SaaS,34.8,0.9,0,0
txn_101449,2024-02-02,US,USD,wallet,Marketplace,11.89,0.46,0,0
txn_101450,2024-01-18,FR,EUR,card,Ecommerce,30.51,0.72,0,0
txn_101451,2024-12-13,US,USD,card,SaaS,548.74,10.44,0,1
txn_101452,2024-09-06,JP,JPY,card,Marketplace,33.25,1.12,0,0
txn_101453,2024-09-13,GB,GBP,card,Donaciones,120.59,2.86,0,0
txn_101454,2024-06-01,GB,GBP,card,Marketplace,35.77,1.05,0,0
txn_101455,2024-01-22,ES,EUR,card,Ecommerce,100.06,2.86,0,0
txn_101456,2024-09-22,ES,EUR,wallet,Marketplace,20.46,0.56,0,0
txn_101457,2024-05-02,DE,EUR,wallet,Marketplace,29.93,1.02,0,0
txn_101458,2024-05-26,US,USD,card,Donaciones,91.11,1.53,0,0
txn_101459,2024-01-18,GB,GBP,wallet,Suscripcion,29.59,0.68,0,0
txn_101460,2024-04-25,JP,JPY,bank_transfer,Suscripcion,10.15,0.44,0,0
txn_101461,2024-11-02,GB,GBP,bank_transfer,Marketplace,20.22,0.55,0,0
txn_101462,2024-04-16,GB,GBP,card,Ecommerce,67.09,1.41,0,0
txn_101463,2024-03-09,FR,EUR,card,Marketplace,40.57,1.27,0,1
txn_101464,2024-11-04,JP,JPY,wallet,Ecommerce,116.57,3.55,0,0
txn_101465,2024-07-01,IN,INR,bank_transfer,Ecommerce,36.17,0.92,0,0
txn_101466,2024-08-31,GB,GBP,card,Marketplace,53.41,1.46,0,0
txn_101467,2024-07-19,FR,EUR,wallet,Suscripcion,15.93,0.62,0,0
txn_101468,2024-01-10,ES,EUR,card,SaaS,5.33,0.37,0,0
txn_101469,2024-07-05,IN,INR,card,SaaS,6.64,0.38,0,0
txn_101470,2024-03-20,US,USD,card,Ecommerce,33.88,0.84,0,0
txn_101471,2024-11-05,IN,INR,card,SaaS,86.03,1.46,0,0
txn_101472,2024-04-23,FR,EUR,bnpl,SaaS,11.84,0.55,0,1
txn_101473,2024-11-02,JP,JPY,card,Suscripcion,24.06,0.79,0,0
txn_101474,2024-07-24,US,USD,card,Ecommerce,16.67,0.6,0,0
txn_101475,2024-09-16,ES,EUR,wallet,Suscripcion,113.45,2.76,0,0
txn_101476,2024-10-16,US,USD,card,Suscripcion,77.57,1.92,0,0
txn_101477,2024-03-30,US,USD,card,SaaS,4.81,0.37,0,0
txn_101478,2024-09-06,DE,EUR,card,Marketplace,91.4,1.56,0,0
txn_101479,2024-08-08,GB,GBP,wallet,Suscripcion,44.72,1.01,0,0
txn_101480,2024-08-24,FR,EUR,card,Donaciones,114.16,1.94,0,0
txn_101481,2024-02-25,BR,BRL,bnpl,Suscripcion,34.51,1.04,0,0
txn_101482,2024-08-24,BR,BRL,wallet,Suscripcion,28.94,0.88,1,1
txn_101483,2024-12-19,DE,EUR,card,Donaciones,120.26,2.08,0,0
txn_101484,2024-06-04,US,USD,card,SaaS,32.7,1.01,0,0
txn_101485,2024-08-11,BR,BRL,card,Suscripcion,33.57,1.04,0,0
txn_101486,2024-03-25,US,USD,bnpl,Ecommerce,15.75,0.69,0,0
txn_101487,2024-08-14,GB,GBP,bnpl,Ecommerce,114.49,1.91,0,0
txn_101488,2024-06-23,US,USD,card,Marketplace,31.31,1.06,0,0
txn_101489,2024-03-04,BR,BRL,card,Marketplace,21.56,0.75,0,0
txn_101490,2024-04-01,US,USD,wallet,Donaciones,12.98,0.51,0,0
txn_101491,2024-07-28,US,USD,card,Ecommerce,48.87,1.55,0,0
txn_101492,2024-03-13,DE,EUR,card,Donaciones,45.37,1.55,0,0
txn_101493,2024-08-20,ES,EUR,card,Suscripcion,34.59,0.77,0,0
txn_101494,2024-12-13,US,USD,card,Ecommerce,16.49,0.7,0,0
txn_101495,2024-10-09,ES,EUR,wallet,Marketplace,330.07,5.13,0,0
txn_101496,2024-08-01,BR,BRL,wallet,Ecommerce,58.64,1.09,0,0
txn_101497,2024-05-29,BR,BRL,card,SaaS,22.73,0.63,0,0
txn_101498,2024-11-27,FR,EUR,bnpl,Ecommerce,1.47,0.28,0,0
txn_101499,2024-02-10,JP,JPY,wallet,SaaS,43.64,1.32,0,0
txn_101500,2024-05-07,BR,BRL,card,Suscripcion,109.56,3.06,0,0
txn_101501,2024-02-28,JP,JPY,card,Suscripcion,28.07,0.75,0,0
txn_101502,2024-07-14,GB,GBP,card,Marketplace,20.47,0.6,0,1
txn_101503,2024-05-24,BR,BRL,bank_transfer,Ecommerce,126.43,3.55,0,0
txn_101504,2024-03-11,DE,EUR,wallet,Donaciones,35.2,0.97,0,0
txn_101505,2024-07-27,GB,GBP,bnpl,Marketplace,24.69,0.75,0,0
txn_101506,2024-06-03,ES,EUR,wallet,Ecommerce,42.68,0.9,0,0
txn_101507,2024-06-06,DE,EUR,card,SaaS,21.58,0.75,0,0
txn_101508,2024-10-22,FR,EUR,card,SaaS,256.63,5.49,0,0
txn_101509,2024-01-26,US,USD,card,SaaS,28.6,0.96,0,0
txn_101510,2024-02-13,BR,BRL,card,Donaciones,4.55,0.38,0,0
txn_101511,2024-11-17,US,USD,card,SaaS,31.96,0.98,0,0
txn_101512,2024-10-11,ES,EUR,bnpl,SaaS,405.72,8.61,0,0
txn_101513,2024-03-27,DE,EUR,wallet,Donaciones,19.79,0.78,0,0
txn_101514,2024-08-20,US,USD,bnpl,Ecommerce,43.74,0.91,0,0
txn_101515,2024-09-12,DE,EUR,card,Donaciones,20.95,0.79,0,0
txn_101516,2024-10-25,GB,GBP,card,Marketplace,27.19,0.73,0,0
txn_101517,2024-05-02,IN,INR,card,Donaciones,51.0,1.5,0,0
txn_101518,2024-09-13,DE,EUR,card,Ecommerce,5.53,0.39,0,0
txn_101519,2024-03-06,US,USD,card,SaaS,113.4,2.17,0,0
txn_101520,2024-07-29,BR,BRL,bnpl,SaaS,115.52,3.17,0,0
txn_101521,2024-10-25,DE,EUR,bank_transfer,Marketplace,18.26,0.7,0,0
txn_101522,2024-12-26,IN,INR,card,Ecommerce,15.32,0.52,0,0
txn_101523,2024-11-17,DE,EUR,wallet,Ecommerce,14.91,0.63,0,0
txn_101524,2024-07-24,ES,EUR,card,SaaS,114.35,2.79,0,0
txn_101525,2024-07-01,IN,INR,card,Marketplace,51.48,1.45,0,0
txn_101526,2024-07-25,BR,BRL,card,Ecommerce,130.3,2.62,0,0
txn_101527,2024-09-20,JP,JPY,bnpl,SaaS,106.08,2.97,0,0
txn_101528,2024-12-26,US,USD,wallet,Suscripcion,41.49,1.12,0,0
txn_101529,2024-12-10,BR,BRL,card,Donaciones,29.84,0.68,0,0
txn_101530,2024-11-01,DE,EUR,card,Ecommerce,63.55,1.29,0,0
txn_101531,2024-08-23,ES,EUR,card,Suscripcion,121.76,3.49,0,0
txn_101532,2024-09-08,IN,INR,card,Suscripcion,6.51,0.42,0,0
txn_101533,2024-10-20,US,USD,card,Marketplace,161.48,2.59,0,0
txn_101534,2024-05-02,FR,EUR,card,SaaS,40.87,1.11,0,0
txn_101535,2024-04-04,DE,EUR,wallet,Marketplace,176.33,4.67,0,1
txn_101536,2024-10-25,US,USD,bnpl,Ecommerce,32.39,1.17,0,0
txn_101537,2024-12-10,US,USD,card,Ecommerce,8.82,0.39,0,0
txn_101538,2024-08-01,US,USD,card,Marketplace,25.57,0.72,0,0
txn_101539,2024-04-20,GB,GBP,card,Donaciones,111.09,1.97,0,0
txn_101540,2024-05-09,BR,BRL,card,Donaciones,10.12,0.41,0,0
txn_101541,2024-09-09,US,USD,wallet,Donaciones,22.18,0.76,0,0
txn_101542,2024-09-07,US,USD,card,SaaS,19.84,0.55,0,0
txn_101543,2024-10-10,US,USD,wallet,Ecommerce,39.13,0.94,0,0
txn_101544,2024-01-21,IN,INR,wallet,Ecommerce,50.9,1.35,0,0
txn_101545,2024-11-23,FR,EUR,wallet,Marketplace,24.54,0.83,0,0
txn_101546,2024-10-06,DE,EUR,card,Marketplace,27.71,0.72,0,0
txn_101547,2024-09-11,US,USD,card,Ecommerce,13.25,0.53,0,0
txn_101548,2024-07-25,US,USD,bnpl,Ecommerce,7.3,0.41,0,0
txn_101549,2024-10-07,US,USD,bank_transfer,Suscripcion,116.68,3.45,0,0
txn_101550,2024-01-23,IN,INR,card,Donaciones,12.07,0.46,0,0
txn_101551,2024-04-19,ES,EUR,bnpl,Ecommerce,43.77,0.88,0,0
txn_101552,2024-06-23,GB,GBP,card,Ecommerce,2.85,0.29,0,1
txn_101553,2024-09-16,BR,BRL,bnpl,Ecommerce,305.17,7.53,0,0
txn_101554,2024-08-13,JP,JPY,card,Donaciones,19.2,0.52,0,0
txn_101555,2024-04-18,BR,BRL,card,Donaciones,21.83,0.74,0,0
txn_101556,2024-10-15,GB,GBP,card,Donaciones,105.58,2.53,0,0
txn_101557,2024-05-17,BR,BRL,wallet,Suscripcion,80.76,2.18,0,0
txn_101558,2024-12-17,DE,EUR,bnpl,Ecommerce,144.82,4.06,0,0
txn_101559,2024-05-13,GB,GBP,bnpl,Donaciones,41.6,1.41,0,0
txn_101560,2024-12-27,DE,EUR,card,Ecommerce,126.76,2.38,0,0
txn_101561,2024-07-06,DE,EUR,card,Marketplace,20.58,0.72,0,0
txn_101562,2024-05-26,IN,INR,bank_transfer,Suscripcion,13.19,0.49,0,0
txn_101563,2024-05-03,DE,EUR,card,SaaS,22.68,0.62,0,0
txn_101564,2024-12-31,US,USD,card,Marketplace,30.41,1.08,0,0
txn_101565,2024-11-06,FR,EUR,card,Marketplace,8.64,0.42,0,0
txn_101566,2024-01-16,IN,INR,wallet,Marketplace,38.09,1.34,0,0
txn_101567,2024-05-04,BR,BRL,wallet,Donaciones,34.14,1.02,0,0
txn_101568,2024-07-27,US,USD,bnpl,Ecommerce,39.79,1.05,0,0
txn_101569,2024-12-19,GB,GBP,bnpl,Donaciones,53.75,1.2,0,1
txn_101570,2024-12-08,IN,INR,card,SaaS,35.25,0.88,0,0
txn_101571,2024-07-08,IN,INR,bank_transfer,Ecommerce,9.7,0.47,0,0
txn_101572,2024-04-14,GB,GBP,wallet,SaaS,277.15,7.48,0,0
txn_101573,2024-02-18,GB,GBP,card,Donaciones,283.88,7.94,0,0
txn_101574,2024-04-03,BR,BRL,card,SaaS,19.86,0.55,0,0
txn_101575,2024-03-22,US,USD,card,Ecommerce,15.9,0.69,0,0
txn_101576,2024-02-12,GB,GBP,bnpl,Marketplace,11.48,0.47,0,0
txn_101577,2024-03-24,US,USD,card,SaaS,36.18,1.11,0,0
txn_101578,2024-12-31,ES,EUR,card,Suscripcion,19.18,0.69,0,0
txn_101579,2024-09-05,DE,EUR,card,Suscripcion,20.93,0.8,0,0
txn_101580,2024-11-10,US,USD,card,Donaciones,14.81,0.61,0,0
txn_101581,2024-06-13,US,USD,wallet,Ecommerce,115.07,2.49,0,0
txn_101582,2024-08-26,US,USD,card,Ecommerce,74.92,1.71,0,0
txn_101583,2024-09-04,IN,INR,card,Ecommerce,349.09,10.14,0,0
txn_101584,2024-10-16,US,USD,card,Suscripcion,8.63,0.41,0,0
txn_101585,2024-11-11,BR,BRL,bnpl,Donaciones,58.85,1.5,0,0
txn_101586,2024-01-10,US,USD,wallet,SaaS,28.26,0.94,0,1
txn_101587,2024-02-20,US,USD,wallet,Donaciones,42.72,1.0,0,0
txn_101588,2024-11-16,US,USD,bank_transfer,Ecommerce,15.62,0.53,0,0
txn_101589,2024-10-29,US,USD,bnpl,Marketplace,122.11,1.98,0,0
txn_101590,2024-09-16,BR,BRL,card,Ecommerce,68.35,2.19,0,0
txn_101591,2024-12-03,GB,GBP,wallet,Ecommerce,81.99,1.68,0,0
txn_101592,2024-05-25,IN,INR,card,Ecommerce,23.24,0.75,0,0
txn_101593,2024-08-29,GB,GBP,card,Donaciones,7.29,0.42,0,1
txn_101594,2024-02-05,US,USD,card,Ecommerce,4.31,0.32,0,0
txn_101595,2024-07-05,US,USD,card,SaaS,34.21,1.15,0,0
txn_101596,2024-01-30,BR,BRL,card,Ecommerce,18.08,0.53,0,0
txn_101597,2024-05-15,DE,EUR,wallet,Marketplace,29.84,0.7,0,0
txn_101598,2024-09-19,US,USD,card,Suscripcion,17.75,0.7,0,0
txn_101599,2024-09-27,US,USD,bank_transfer,Marketplace,114.68,2.61,0,0
