tienda_id,plan,pais,antiguedad_meses,gmv_usd,pedidos_mes,apps_instaladas,activa
ST00000,Shopify,EEUU,70,27360.37,317,3,False
ST00001,Shopify,EEUU,14,2550.52,27,3,True
ST00002,Basic,EEUU,94,11589.57,113,3,True
ST00003,Advanced,Alemania,55,60709.2,999,4,True
ST00004,Shopify,Alemania,58,11900.52,112,3,True
ST00005,Advanced,EEUU,44,40361.0,549,13,True
ST00006,Plus,Espana,46,106339.86,1967,21,True
ST00007,Basic,Mexico,14,5922.24,87,4,True
ST00008,Basic,Francia,44,9464.42,158,4,True
ST00009,Advanced,Alemania,41,79377.2,1361,6,True
ST00010,Advanced,Mexico,73,113853.29,1818,12,True
ST00011,Shopify,Mexico,95,28029.8,514,5,True
ST00012,Basic,EEUU,2,8438.75,90,3,True
ST00013,Shopify,Reino Unido,82,37900.71,438,7,False
ST00014,Basic,Canada,5,7144.96,77,4,True
ST00015,Basic,EEUU,90,7298.43,108,3,False
ST00016,Shopify,EEUU,87,18804.25,185,5,True
ST00017,Basic,Canada,12,3315.75,65,7,True
ST00018,Shopify,EEUU,78,29353.73,342,6,True
ST00019,Plus,EEUU,77,194999.47,3143,26,True
ST00020,Advanced,Canada,47,39920.98,485,10,False
ST00021,Plus,Mexico,79,102811.61,1560,19,True
ST00022,Advanced,Australia,35,46311.46,448,12,True
ST00023,Basic,Alemania,19,7836.82,70,2,False
ST00024,Advanced,Canada,79,101529.71,1021,6,False
ST00025,Plus,Reino Unido,63,119893.34,2218,19,True
ST00026,Plus,EEUU,8,95292.37,1537,23,True
ST00027,Shopify,EEUU,23,59977.52,528,5,True
ST00028,Basic,Mexico,13,7665.48,102,3,False
ST00029,Basic,Canada,23,8893.95,77,3,True
ST00030,Basic,Mexico,31,19068.12,267,2,True
ST00031,Plus,Espana,30,244613.64,2106,26,True
ST00032,Shopify,EEUU,42,23111.38,202,2,True
ST00033,Advanced,Canada,2,127415.54,1372,8,False
ST00034,Shopify,Canada,11,16153.04,396,9,False
ST00035,Shopify,Reino Unido,25,29032.87,403,6,True
ST00036,Basic,Alemania,29,6318.18,55,3,True
ST00037,Basic,Francia,22,19131.35,172,1,False
ST00038,Basic,Mexico,19,9749.59,177,3,True
ST00039,Shopify,Australia,73,1013.9,14,4,True
ST00040,Basic,EEUU,41,5800.2,54,2,True
ST00041,Advanced,EEUU,38,109113.93,1265,8,True
ST00042,Basic,EEUU,29,1553.6,14,2,True
ST00043,Advanced,EEUU,74,36446.1,343,5,True
ST00044,Basic,Canada,22,1493.03,13,3,True
ST00045,Shopify,Espana,88,4179.55,84,2,False
ST00046,Basic,Canada,8,3727.13,72,3,False
ST00047,Advanced,Australia,47,65330.05,1401,6,False
ST00048,Basic,Francia,6,3259.19,28,5,True
ST00049,Shopify,EEUU,7,72049.93,923,3,True
ST00050,Plus,Australia,84,242381.35,5368,26,True
ST00051,Basic,Canada,81,9117.15,138,5,False
ST00052,Basic,Canada,36,2657.92,39,5,True
ST00053,Advanced,Mexico,8,11139.98,106,4,True
ST00054,Shopify,EEUU,77,18247.08,184,5,True
ST00055,Basic,Australia,88,26208.12,275,3,True
ST00056,Shopify,Espana,46,8218.19,196,8,True
ST00057,Basic,Australia,64,2408.49,21,1,False
ST00058,Basic,Francia,31,16814.4,293,2,True
ST00059,Basic,Canada,23,16471.14,182,3,True
ST00060,Advanced,EEUU,61,62126.26,1382,8,False
ST00061,Shopify,EEUU,81,13715.24,294,4,True
ST00062,Shopify,Reino Unido,50,31126.97,763,3,False
ST00063,Advanced,EEUU,46,14367.97,168,11,True
ST00064,Basic,Mexico,88,9214.35,101,4,False
ST00065,Shopify,EEUU,43,3685.72,83,6,True
ST00066,Advanced,Francia,10,52594.38,831,5,False
ST00067,Basic,Espana,95,17203.59,159,1,True
ST00068,Basic,EEUU,20,26723.4,555,5,True
ST00069,Plus,Canada,16,114169.78,1991,21,True
ST00070,Plus,Canada,78,216372.84,2925,25,True
ST00071,Basic,Canada,3,4996.89,46,1,True
ST00072,Basic,Canada,30,12629.63,209,3,False
ST00073,Basic,EEUU,18,15892.12,132,4,True
ST00074,Basic,Espana,59,12498.17,182,2,False
ST00075,Basic,Canada,70,5177.36,73,3,True
ST00076,Shopify,Mexico,84,9199.63,184,4,False
ST00077,Advanced,Mexico,35,25241.16,267,5,True
ST00078,Basic,EEUU,19,8753.94,147,3,False
ST00079,Advanced,EEUU,26,13145.01,145,4,True
ST00080,Basic,Espana,35,5613.52,97,2,True
ST00081,Basic,Francia,76,12291.63,173,3,True
ST00082,Shopify,Canada,72,25320.78,233,5,False
ST00083,Basic,EEUU,57,3103.66,31,3,False
ST00084,Basic,EEUU,49,16092.56,307,5,False
ST00085,Advanced,EEUU,10,43619.29,492,8,True
ST00086,Basic,Reino Unido,85,19005.78,210,6,False
ST00087,Shopify,Reino Unido,29,12612.42,266,4,False
ST00088,Basic,Espana,95,5275.2,68,7,True
ST00089,Basic,EEUU,71,15744.29,258,3,True
ST00090,Shopify,EEUU,94,6077.68,78,3,False
ST00091,Advanced,Reino Unido,68,74865.56,732,6,True
ST00092,Basic,Australia,94,1461.99,27,2,False
ST00093,Shopify,Canada,89,11461.65,229,7,False
ST00094,Plus,Francia,78,116342.23,1890,21,False
ST00095,Advanced,Canada,24,72108.43,620,5,False
ST00096,Basic,EEUU,43,567.94,5,3,False
ST00097,Shopify,EEUU,95,33253.55,800,6,True
ST00098,Shopify,Espana,39,13647.25,189,4,True
ST00099,Shopify,Canada,92,50945.05,840,5,False
ST00100,Shopify,Alemania,25,11948.86,131,7,True
ST00101,Basic,Mexico,83,4727.76,61,2,False
ST00102,Shopify,Espana,68,5195.96,44,4,True
ST00103,Shopify,EEUU,34,22452.72,390,3,True
ST00104,Shopify,Mexico,89,62361.35,716,3,True
ST00105,Advanced,Canada,86,40180.53,418,12,True
ST00106,Advanced,Reino Unido,53,55151.6,520,10,False
ST00107,Shopify,Canada,92,3903.69,53,7,False
ST00108,Shopify,Alemania,55,32823.41,345,4,True
ST00109,Shopify,EEUU,53,15428.83,240,7,False
ST00110,Shopify,Reino Unido,18,13560.26,181,1,False
ST00111,Plus,Reino Unido,7,77969.05,698,21,True
ST00112,Shopify,Reino Unido,63,11726.55,101,2,True
ST00113,Basic,EEUU,75,12396.69,127,4,True
ST00114,Shopify,EEUU,42,37242.56,532,4,False
ST00115,Shopify,EEUU,11,3175.3,30,2,True
ST00116,Shopify,Reino Unido,9,6766.7,160,6,False
ST00117,Shopify,Australia,35,21341.56,442,6,False
ST00118,Basic,EEUU,87,2767.01,29,3,False
ST00119,Basic,Reino Unido,65,3406.11,53,3,False
ST00120,Basic,Reino Unido,84,4088.02,35,3,False
ST00121,Basic,Mexico,5,10743.72,143,1,True
ST00122,Basic,EEUU,93,19165.28,257,1,True
ST00123,Advanced,EEUU,26,41559.94,440,11,True
ST00124,Basic,EEUU,51,8777.35,86,0,True
ST00125,Plus,Francia,38,246321.99,3156,16,True
ST00126,Basic,Alemania,3,4145.08,72,1,True
ST00127,Basic,EEUU,85,11499.11,112,2,True
ST00128,Shopify,EEUU,59,66882.79,1019,4,True
ST00129,Basic,EEUU,13,3485.48,64,2,False
ST00130,Plus,EEUU,95,219201.4,2421,24,True
ST00131,Basic,Mexico,81,8824.82,186,3,False
ST00132,Basic,Canada,35,3330.51,28,2,True
ST00133,Plus,Alemania,87,309463.4,3416,17,True
ST00134,Basic,Reino Unido,3,5000.74,42,2,True
ST00135,Basic,Alemania,53,2974.59,44,3,True
ST00136,Basic,EEUU,55,5307.23,45,1,False
ST00137,Shopify,Reino Unido,45,29254.57,566,4,True
ST00138,Basic,Espana,66,5225.2,120,1,True
ST00139,Shopify,EEUU,67,1897.71,44,4,False
ST00140,Advanced,Alemania,84,155888.52,2019,13,False
ST00141,Advanced,Australia,44,99464.51,2132,8,True
ST00142,Basic,EEUU,73,9569.26,118,4,True
ST00143,Basic,Australia,68,5773.83,87,1,True
ST00144,Basic,EEUU,62,6176.79,92,3,True
ST00145,Shopify,Reino Unido,25,8871.65,97,8,False
ST00146,Basic,Alemania,52,8778.57,165,4,False
ST00147,Advanced,Alemania,50,196525.61,1939,8,True
ST00148,Shopify,EEUU,1,18745.27,216,5,True
ST00149,Basic,Mexico,39,13749.45,121,4,False
ST00150,Shopify,Francia,52,11214.61,162,4,True
ST00151,Basic,EEUU,76,9478.06,79,2,False
ST00152,Basic,Australia,40,5023.75,58,3,False
ST00153,Basic,Alemania,60,8433.67,71,4,True
ST00154,Basic,Francia,88,19865.16,471,2,True
ST00155,Shopify,EEUU,73,26033.39,265,5,False
ST00156,Shopify,Mexico,84,48384.03,459,5,True
ST00157,Basic,EEUU,69,19830.9,448,4,False
ST00158,Plus,Australia,20,129514.41,1500,17,True
ST00159,Basic,Espana,85,23044.31,221,7,True
ST00160,Basic,Reino Unido,2,10948.47,128,3,False
ST00161,Basic,EEUU,85,10375.56,230,2,False
ST00162,Shopify,Mexico,88,12359.73,129,5,True
ST00163,Plus,Alemania,9,341396.62,7612,14,True
ST00164,Shopify,Reino Unido,39,28861.45,273,4,True
ST00165,Plus,Canada,30,94061.51,2165,21,True
ST00166,Basic,Australia,54,12407.34,243,3,True
ST00167,Basic,Reino Unido,82,2960.06,47,2,False
ST00168,Shopify,EEUU,58,7042.73,77,3,True
ST00169,Shopify,Francia,44,20478.64,173,4,True
ST00170,Basic,Reino Unido,43,6050.63,122,0,False
ST00171,Advanced,Reino Unido,10,38475.34,748,7,True
ST00172,Basic,EEUU,48,19199.76,276,2,True
ST00173,Basic,Australia,85,9382.51,87,5,True
ST00174,Shopify,EEUU,86,15094.95,195,6,True
ST00175,Shopify,Alemania,17,7850.08,119,4,False
ST00176,Basic,Australia,5,10910.54,128,3,True
ST00177,Basic,EEUU,70,12711.66,208,2,True
ST00178,Shopify,Australia,74,33333.75,462,3,True
ST00179,Shopify,Reino Unido,64,17023.6,255,3,True
ST00180,Advanced,Espana,66,10124.35,97,8,False
ST00181,Shopify,Reino Unido,71,49258.33,432,10,True
ST00182,Basic,Espana,4,2995.64,29,2,True
ST00183,Plus,EEUU,83,137740.57,1833,23,True
ST00184,Advanced,EEUU,28,81099.44,1009,9,True
ST00185,Basic,Francia,84,11718.78,234,9,True
ST00186,Basic,EEUU,94,4262.54,42,2,True
ST00187,Basic,Australia,38,29426.03,335,3,True
ST00188,Shopify,EEUU,66,16884.44,150,6,False
ST00189,Advanced,Reino Unido,67,57773.44,1030,14,False
ST00190,Advanced,Australia,60,60417.02,599,2,True
ST00191,Advanced,EEUU,47,71324.07,752,9,True
ST00192,Basic,Australia,25,12111.49,197,0,True
ST00193,Shopify,Canada,66,14065.47,150,6,True
ST00194,Basic,Reino Unido,79,256.24,2,1,False
ST00195,Basic,Espana,67,10612.75,93,0,False
ST00196,Shopify,Reino Unido,69,6301.97,64,3,False
ST00197,Basic,Reino Unido,40,8685.36,198,6,True
ST00198,Shopify,Mexico,50,31330.41,285,5,False
ST00199,Shopify,Reino Unido,40,23801.66,256,5,True
ST00200,Advanced,EEUU,37,36072.81,556,10,True
ST00201,Basic,Mexico,91,7175.67,130,2,True
ST00202,Advanced,Mexico,69,163128.22,3309,5,True
ST00203,Plus,Canada,17,166028.28,3771,27,True
ST00204,Advanced,Canada,62,15185.67,151,8,True
ST00205,Advanced,Espana,41,21290.33,361,12,True
ST00206,Shopify,Canada,76,40223.25,959,7,False
ST00207,Basic,Reino Unido,42,2125.15,29,2,False
ST00208,Shopify,Francia,31,12229.77,155,3,False
ST00209,Shopify,EEUU,33,28752.18,537,3,True
ST00210,Shopify,Alemania,43,20189.24,463,2,True
ST00211,Advanced,Australia,93,48787.81,884,9,True
ST00212,Basic,Espana,67,18764.43,198,4,False
ST00213,Basic,Australia,38,1106.73,23,2,True
ST00214,Shopify,Reino Unido,41,29439.35,348,2,True
ST00215,Basic,EEUU,63,23703.74,458,2,True
ST00216,Basic,Australia,40,6573.07,118,1,False
ST00217,Basic,Reino Unido,30,6215.06,86,5,False
ST00218,Basic,Espana,47,10432.49,217,3,True
ST00219,Advanced,EEUU,22,47826.77,888,11,False
ST00220,Shopify,Mexico,55,33039.97,486,6,True
ST00221,Basic,Alemania,43,7214.73,108,3,True
ST00222,Shopify,EEUU,61,22365.39,223,2,False
ST00223,Basic,Canada,74,2267.25,49,4,True
ST00224,Shopify,Espana,32,21871.24,200,6,True
ST00225,Basic,EEUU,4,7671.45,72,4,False
ST00226,Plus,Alemania,93,466546.8,4606,15,True
ST00227,Basic,Alemania,45,14447.82,223,4,False
ST00228,Shopify,EEUU,72,25084.98,237,6,True
ST00229,Advanced,Mexico,20,68958.42,1262,5,True
ST00230,Plus,Reino Unido,71,162635.65,3255,26,True
ST00231,Basic,EEUU,65,7750.46,177,3,False
ST00232,Shopify,Canada,60,33009.42,286,5,True
ST00233,Basic,Espana,89,4682.13,72,3,True
ST00234,Shopify,Francia,26,13365.31,117,4,True
ST00235,Basic,EEUU,73,1626.52,26,2,False
ST00236,Advanced,Reino Unido,23,39688.22,352,7,True
ST00237,Basic,EEUU,40,8051.67,71,5,True
ST00238,Shopify,Mexico,2,26753.16,234,1,True
ST00239,Shopify,Canada,26,6440.24,80,3,True
ST00240,Plus,Espana,78,171844.32,1572,27,True
ST00241,Shopify,Reino Unido,62,32633.58,281,4,True
ST00242,Basic,Australia,44,3703.52,56,2,False
ST00243,Basic,Canada,31,19367.0,263,4,True
ST00244,Basic,Francia,26,5436.23,55,4,True
ST00245,Advanced,EEUU,83,198485.06,3099,5,True
ST00246,Shopify,Canada,5,55638.08,554,3,False
ST00247,Shopify,Mexico,70,12893.19,280,1,True
ST00248,Basic,Alemania,35,16137.98,197,7,False
ST00249,Advanced,EEUU,16,100789.01,2024,6,False
ST00250,Shopify,Francia,31,15994.35,252,11,True
ST00251,Plus,EEUU,82,209005.51,3443,16,True
ST00252,Shopify,EEUU,14,13988.59,130,5,False
ST00253,Basic,Canada,25,3347.82,60,3,False
ST00254,Basic,Alemania,79,19922.42,190,11,False
ST00255,Basic,Mexico,90,7449.44,71,4,False
ST00256,Shopify,Reino Unido,75,27064.97,338,2,True
ST00257,Shopify,Reino Unido,71,47549.32,809,6,False
ST00258,Basic,Canada,18,17148.61,294,3,True
ST00259,Basic,Reino Unido,50,6116.97,79,3,True
ST00260,Basic,Francia,20,4726.52,116,2,False
ST00261,Plus,Australia,56,20239.67,245,22,True
ST00262,Basic,Canada,2,15766.29,135,3,True
ST00263,Basic,EEUU,26,8051.36,153,4,True
ST00264,Basic,Australia,23,2937.77,34,3,True
ST00265,Basic,EEUU,32,7775.27,66,0,False
ST00266,Shopify,EEUU,13,57079.85,524,7,True
ST00267,Advanced,EEUU,13,139855.51,1294,8,True
ST00268,Basic,EEUU,17,2393.09,22,3,True
ST00269,Shopify,Mexico,89,11581.7,178,8,True
ST00270,Basic,Alemania,58,23770.86,213,3,True
ST00271,Plus,Francia,86,115478.91,1001,23,True
ST00272,Basic,EEUU,27,5924.83,74,3,True
ST00273,Basic,Canada,17,1604.63,23,7,False
ST00274,Shopify,Francia,90,18306.15,250,4,True
ST00275,Basic,Australia,38,16625.39,249,4,True
ST00276,Basic,Espana,14,1588.46,27,1,True
ST00277,Shopify,EEUU,14,8556.61,95,5,True
ST00278,Shopify,Mexico,12,46380.64,545,6,True
ST00279,Shopify,Reino Unido,69,32664.56,424,0,False
ST00280,Shopify,Canada,68,13354.78,280,5,True
ST00281,Shopify,Alemania,55,94472.68,910,5,True
ST00282,Shopify,Alemania,63,32072.4,593,2,False
ST00283,Shopify,Espana,29,59265.95,1205,5,True
ST00284,Shopify,Espana,89,20737.39,230,3,True
ST00285,Basic,EEUU,45,4970.6,69,3,False
ST00286,Basic,Canada,4,6774.66,151,3,False
ST00287,Basic,Espana,16,2198.92,32,4,True
ST00288,Basic,EEUU,66,15355.66,150,1,False
ST00289,Advanced,Reino Unido,23,39122.82,438,4,True
ST00290,Basic,EEUU,68,9856.55,142,2,False
ST00291,Basic,Reino Unido,20,5629.36,101,2,False
ST00292,Basic,Francia,17,9665.16,106,3,True
ST00293,Basic,EEUU,52,1412.59,12,0,True
ST00294,Shopify,Canada,6,26758.87,291,8,True
ST00295,Shopify,Mexico,82,8673.09,82,5,True
ST00296,Shopify,EEUU,84,15709.7,192,1,True
ST00297,Basic,Australia,39,5559.57,57,2,False
ST00298,Advanced,Reino Unido,34,62029.7,555,9,True
ST00299,Plus,Australia,54,42313.85,415,17,True
ST00300,Shopify,EEUU,88,13780.15,122,4,False
ST00301,Advanced,EEUU,82,112302.15,1507,5,False
ST00302,Shopify,Reino Unido,94,7244.97,64,5,True
ST00303,Plus,Reino Unido,65,38022.32,423,15,True
ST00304,Advanced,Australia,87,28316.79,258,6,False
ST00305,Plus,EEUU,29,81452.43,1887,17,True
ST00306,Shopify,Espana,41,66886.76,722,5,True
ST00307,Advanced,EEUU,63,83281.24,772,9,False
ST00308,Shopify,Australia,32,4418.5,81,5,False
ST00309,Basic,Mexico,66,6796.92,73,3,True
ST00310,Basic,Canada,45,9745.48,91,6,True
ST00311,Advanced,EEUU,17,39148.63,621,7,True
ST00312,Basic,Alemania,43,777.95,10,6,False
ST00313,Shopify,EEUU,66,28420.69,332,4,False
ST00314,Basic,EEUU,68,2797.72,34,2,False
ST00315,Basic,Alemania,34,1194.29,27,0,False
ST00316,Advanced,Francia,1,8418.65,175,7,False
ST00317,Advanced,Australia,23,36274.34,755,9,True
ST00318,Shopify,Alemania,6,22031.06,361,4,False
ST00319,Basic,Canada,16,1356.66,22,1,True
ST00320,Shopify,Francia,2,14922.31,150,4,False
ST00321,Basic,Alemania,76,3692.63,43,5,True
ST00322,Basic,Reino Unido,27,14533.17,143,3,True
ST00323,Basic,Australia,19,4879.03,107,3,True
ST00324,Shopify,EEUU,28,38172.46,484,5,True
ST00325,Basic,EEUU,35,10754.8,163,1,True
ST00326,Shopify,Alemania,68,8179.49,75,8,False
ST00327,Basic,EEUU,49,7244.82,74,1,False
ST00328,Basic,Reino Unido,7,5856.53,53,3,False
ST00329,Basic,Reino Unido,37,15910.99,363,2,False
ST00330,Plus,Alemania,25,233844.62,2394,21,True
ST00331,Shopify,Francia,41,20368.05,244,4,True
ST00332,Basic,EEUU,81,7334.99,69,2,True
ST00333,Shopify,Reino Unido,62,16640.27,206,3,True
ST00334,Advanced,EEUU,41,37570.05,451,9,True
ST00335,Advanced,Alemania,14,62541.34,1416,10,True
ST00336,Shopify,Espana,54,89483.73,957,4,True
ST00337,Basic,Canada,2,10013.05,161,4,True
ST00338,Shopify,EEUU,88,20654.77,496,7,True
ST00339,Advanced,Alemania,79,65225.45,1439,7,True
ST00340,Shopify,Canada,48,3025.48,25,11,False
ST00341,Advanced,EEUU,51,38302.13,565,12,True
ST00342,Basic,Reino Unido,55,17132.88,156,1,True
ST00343,Basic,Reino Unido,12,4665.41,39,6,True
ST00344,Advanced,Francia,83,88944.04,770,5,False
ST00345,Shopify,Australia,69,20162.19,182,4,True
ST00346,Basic,Mexico,1,8222.5,73,5,True
ST00347,Basic,Australia,59,2909.41,46,3,False
ST00348,Advanced,Mexico,73,52423.68,1005,8,False
ST00349,Basic,Australia,34,7420.58,81,4,False
ST00350,Basic,EEUU,93,4867.49,61,3,True
ST00351,Basic,Canada,46,21889.41,456,2,False
ST00352,Plus,Mexico,59,506380.76,5375,25,True
ST00353,Plus,Alemania,66,73950.13,869,29,True
ST00354,Shopify,EEUU,19,11692.18,107,3,True
ST00355,Shopify,Reino Unido,28,44058.76,496,7,True
ST00356,Basic,Reino Unido,40,4794.85,55,4,False
ST00357,Basic,EEUU,57,10310.5,136,2,False
ST00358,Advanced,Reino Unido,51,36053.56,468,4,True
ST00359,Basic,Canada,22,7138.24,61,4,True
ST00360,Shopify,Australia,68,11871.74,232,3,True
ST00361,Shopify,Mexico,8,32177.12,425,3,True
ST00362,Basic,Australia,60,32276.61,349,3,False
ST00363,Shopify,Australia,65,20430.26,273,6,False
ST00364,Shopify,Reino Unido,36,25320.88,404,6,False
ST00365,Shopify,Reino Unido,71,22193.64,352,5,True
ST00366,Basic,EEUU,89,1370.46,23,5,False
ST00367,Basic,Francia,29,5540.54,82,1,True
ST00368,Shopify,EEUU,65,8971.73,81,3,False
ST00369,Plus,Mexico,56,261420.28,3250,27,True
ST00370,Basic,Reino Unido,82,4431.44,74,2,False
ST00371,Plus,Francia,4,336566.42,4756,21,True
ST00372,Shopify,Reino Unido,84,7759.58,160,7,True
ST00373,Advanced,Mexico,72,86804.78,772,13,True
ST00374,Basic,EEUU,91,3022.98,41,0,False
ST00375,Basic,EEUU,50,9924.63,83,4,False
ST00376,Basic,Alemania,39,4226.88,62,3,False
ST00377,Basic,Francia,35,4481.19,41,10,True
ST00378,Plus,Canada,25,586683.11,9695,23,True
ST00379,Basic,Francia,78,3773.63,81,2,False
ST00380,Shopify,Mexico,44,20554.11,483,6,True
ST00381,Basic,Mexico,47,15710.48,177,5,False
ST00382,Shopify,Reino Unido,40,3829.31,58,4,False
ST00383,Basic,Reino Unido,31,11204.16,148,1,False
ST00384,Basic,EEUU,69,25111.32,238,2,True
ST00385,Basic,Francia,81,3316.06,55,3,False
ST00386,Advanced,Francia,74,38018.91,587,10,True
ST00387,Basic,Mexico,43,5535.22,51,4,False
ST00388,Basic,EEUU,55,16351.73,205,4,False
ST00389,Basic,EEUU,16,7044.65,66,2,False
ST00390,Plus,Francia,68,315066.24,4503,26,True
ST00391,Shopify,EEUU,69,58203.05,809,7,True
ST00392,Shopify,Australia,42,62104.31,1163,3,False
ST00393,Shopify,Reino Unido,41,66119.19,583,7,True
ST00394,Basic,Reino Unido,50,4415.94,39,3,True
ST00395,Shopify,Australia,84,54889.38,462,5,True
ST00396,Basic,EEUU,6,13392.93,185,3,True
ST00397,Basic,Reino Unido,75,12261.79,116,4,False
ST00398,Shopify,Francia,53,23306.58,318,4,True
ST00399,Shopify,Espana,17,22699.0,297,4,False
ST00400,Basic,Mexico,57,7567.04,71,1,True
ST00401,Basic,Mexico,67,6834.87,126,3,False
ST00402,Advanced,EEUU,16,42364.54,735,8,True
ST00403,Shopify,EEUU,52,7713.75,118,2,True
ST00404,Basic,Canada,90,17555.08,170,4,False
ST00405,Basic,Reino Unido,88,2408.9,34,1,False
ST00406,Advanced,Reino Unido,34,163914.47,2387,6,True
ST00407,Advanced,Mexico,84,11517.61,96,8,True
ST00408,Plus,EEUU,81,96740.37,1368,15,True
ST00409,Basic,Espana,20,11289.48,188,2,False
ST00410,Shopify,EEUU,80,18342.05,204,5,False
ST00411,Basic,EEUU,56,12033.42,115,3,False
ST00412,Shopify,Reino Unido,51,14398.39,315,8,False
ST00413,Basic,Australia,53,5866.5,65,3,True
ST00414,Basic,EEUU,49,6084.51,141,1,False
ST00415,Basic,Alemania,4,11472.05,139,3,True
ST00416,Shopify,Espana,18,23038.83,380,5,True
ST00417,Shopify,EEUU,36,24251.16,375,4,True
ST00418,Shopify,Canada,35,94389.34,1220,4,True
ST00419,Advanced,Francia,30,7831.45,68,5,False
ST00420,Shopify,Canada,63,15244.89,157,2,True
ST00421,Shopify,EEUU,82,6958.75,60,3,True
ST00422,Plus,Alemania,21,182960.62,1971,23,True
ST00423,Shopify,Alemania,52,34527.2,851,4,True
ST00424,Basic,EEUU,69,4279.35,69,3,True
ST00425,Plus,EEUU,41,18024.08,160,24,True
ST00426,Basic,EEUU,54,13482.63,147,2,False
ST00427,Shopify,EEUU,87,8316.5,70,5,False
ST00428,Basic,EEUU,30,4414.27,84,6,False
ST00429,Shopify,Canada,91,10510.73,164,4,False
ST00430,Shopify,Reino Unido,56,13642.06,197,0,False
ST00431,Basic,Australia,79,6813.4,103,4,True
ST00432,Shopify,Alemania,41,18658.72,310,2,True
ST00433,Advanced,Australia,14,22460.32,297,9,True
ST00434,Basic,Canada,21,4745.37,51,1,False
ST00435,Basic,EEUU,90,1405.59,21,5,True
ST00436,Basic,Canada,25,11611.27,250,1,True
ST00437,Advanced,Australia,50,68016.5,703,10,False
ST00438,Shopify,EEUU,95,7693.34,100,5,False
ST00439,Advanced,EEUU,53,95388.76,1128,8,True
ST00440,Basic,Reino Unido,48,5685.81,74,6,True
ST00441,Basic,Reino Unido,70,4258.35,38,3,False
ST00442,Basic,Reino Unido,48,2148.11,25,6,False
ST00443,Basic,EEUU,4,2549.01,22,1,False
ST00444,Shopify,EEUU,24,10446.64,129,3,False
ST00445,Plus,Espana,31,364981.38,5756,19,True
ST00446,Basic,Reino Unido,83,4171.28,60,5,False
ST00447,Plus,Alemania,75,242368.03,2964,39,True
ST00448,Basic,Canada,29,9539.24,115,3,True
ST00449,Plus,Alemania,5,321413.19,3383,19,True
ST00450,Basic,EEUU,82,508.31,8,4,False
ST00451,Plus,Canada,67,57556.83,620,16,True
ST00452,Basic,EEUU,75,11701.59,114,6,False
ST00453,Plus,Reino Unido,85,318042.47,3378,26,False
ST00454,Basic,Alemania,94,17813.73,226,2,False
ST00455,Basic,EEUU,83,6060.32,50,2,True
ST00456,Shopify,EEUU,53,10767.44,148,3,True
ST00457,Basic,EEUU,89,21329.83,439,2,False
ST00458,Shopify,EEUU,64,17862.91,168,6,True
ST00459,Plus,Reino Unido,35,44141.01,774,13,False
ST00460,Shopify,Francia,12,22250.44,229,1,True
ST00461,Shopify,Reino Unido,47,15298.8,281,5,True
ST00462,Basic,Canada,90,4196.08,101,2,False
ST00463,Shopify,Espana,55,18052.71,342,5,True
ST00464,Shopify,Espana,69,15388.34,219,5,False
ST00465,Advanced,Francia,83,12700.92,261,7,True
ST00466,Basic,Australia,91,8472.33,151,4,True
ST00467,Shopify,Mexico,38,8633.07,85,4,True
ST00468,Basic,Francia,29,6781.61,66,3,False
ST00469,Basic,EEUU,12,23209.11,220,3,True
ST00470,Basic,Alemania,19,18564.05,173,6,False
ST00471,Basic,Australia,9,23697.91,321,1,True
ST00472,Basic,Alemania,82,16543.53,151,5,True
ST00473,Basic,Francia,29,4311.22,52,5,True
ST00474,Advanced,EEUU,3,220307.38,2837,14,True
ST00475,Basic,Reino Unido,87,2811.19,28,4,True
ST00476,Advanced,Francia,30,96205.46,1684,10,False
ST00477,Basic,Reino Unido,58,2559.16,24,1,True
ST00478,Basic,Mexico,88,3997.58,53,4,True
ST00479,Shopify,EEUU,53,35125.22,699,3,True
ST00480,Shopify,Espana,4,21746.43,438,4,True
ST00481,Shopify,Francia,57,8920.8,167,6,False
ST00482,Shopify,Reino Unido,54,20430.32,183,1,False
ST00483,Basic,EEUU,28,8582.98,71,3,True
ST00484,Shopify,EEUU,16,20487.31,298,2,True
ST00485,Shopify,Australia,13,53757.81,848,3,True
ST00486,Basic,Espana,72,3119.09,54,2,False
ST00487,Advanced,EEUU,56,35463.57,334,8,True
ST00488,Shopify,EEUU,53,2879.8,50,4,False
ST00489,Basic,Mexico,48,8260.65,72,2,True
ST00490,Advanced,Mexico,25,83794.83,897,10,True
ST00491,Plus,EEUU,66,323819.82,2897,23,True
ST00492,Shopify,Reino Unido,30,5445.53,64,6,True
ST00493,Basic,Mexico,3,9670.13,101,1,True
ST00494,Plus,Canada,23,363261.27,4056,18,True
ST00495,Basic,Francia,29,4258.25,39,2,False
ST00496,Basic,Canada,41,43537.04,407,1,False
ST00497,Basic,Espana,94,11218.27,128,4,False
ST00498,Shopify,Canada,11,1441.35,15,3,False
ST00499,Plus,Francia,21,132379.08,1163,19,True
ST00500,Shopify,Reino Unido,91,14590.95,127,7,True
ST00501,Plus,EEUU,24,144358.65,1549,23,True
ST00502,Basic,Reino Unido,95,21042.56,518,2,False
ST00503,Basic,Australia,94,11471.41,237,3,True
ST00504,Shopify,Canada,65,6191.47,56,6,True
ST00505,Plus,Reino Unido,1,194123.7,4149,22,True
ST00506,Shopify,Alemania,54,38651.33,677,4,False
ST00507,Basic,EEUU,72,887.14,15,3,True
ST00508,Basic,EEUU,34,3941.28,44,2,True
ST00509,Basic,EEUU,80,12990.54,150,1,False
ST00510,Basic,Alemania,91,25942.78,410,2,False
ST00511,Basic,Espana,68,2359.38,41,6,True
ST00512,Plus,Australia,83,282011.02,2787,21,True
ST00513,Shopify,Francia,29,53026.57,461,6,False
ST00514,Shopify,Reino Unido,3,12209.75,276,5,True
ST00515,Basic,Mexico,11,15059.01,297,2,False
ST00516,Basic,EEUU,8,5900.17,64,3,True
ST00517,Shopify,EEUU,62,19007.04,182,2,False
ST00518,Advanced,EEUU,33,62497.31,605,2,False
ST00519,Shopify,Canada,8,48787.08,499,5,False
ST00520,Advanced,EEUU,25,187816.77,1692,10,False
ST00521,Advanced,EEUU,88,32960.2,574,10,False
ST00522,Basic,Espana,26,3297.55,67,5,True
ST00523,Basic,Reino Unido,26,18979.98,212,3,True
ST00524,Shopify,Alemania,17,35477.77,335,6,True
ST00525,Basic,Reino Unido,91,11278.72,130,0,True
ST00526,Basic,EEUU,29,15858.1,135,2,False
ST00527,Basic,EEUU,43,5985.35,57,4,True
ST00528,Basic,EEUU,73,11372.34,118,6,True
ST00529,Plus,EEUU,78,445151.21,9931,19,True
ST00530,Basic,Alemania,5,4931.43,101,3,False
ST00531,Basic,Mexico,50,15104.2,146,1,False
ST00532,Shopify,Reino Unido,94,16521.9,295,4,False
ST00533,Shopify,Reino Unido,56,46100.27,1089,8,False
ST00534,Shopify,Mexico,63,52323.89,463,3,False
ST00535,Plus,EEUU,57,155544.23,1397,16,True
ST00536,Advanced,EEUU,92,61032.4,1061,4,False
ST00537,Shopify,Canada,45,10613.97,103,2,True
ST00538,Basic,Espana,37,12112.64,276,1,False
ST00539,Shopify,Alemania,72,5690.16,90,5,False
ST00540,Shopify,Espana,79,29970.41,333,2,False
ST00541,Advanced,EEUU,92,80881.0,800,10,False
ST00542,Plus,Reino Unido,36,195079.34,4777,19,True
ST00543,Shopify,EEUU,33,11444.68,173,5,False
ST00544,Shopify,Mexico,6,51607.2,903,3,True
ST00545,Basic,Australia,76,4541.93,37,3,True
ST00546,Basic,EEUU,71,23197.86,247,3,True
ST00547,Basic,EEUU,45,9570.99,132,1,True
ST00548,Basic,EEUU,92,31607.69,686,3,True
ST00549,Basic,EEUU,7,16504.74,187,2,False
ST00550,Basic,Reino Unido,65,4754.56,52,1,True
ST00551,Shopify,Canada,24,33696.37,319,5,False
ST00552,Shopify,Francia,45,38772.56,614,3,True
ST00553,Shopify,Reino Unido,61,25769.06,217,5,False
ST00554,Shopify,EEUU,19,21127.61,281,5,True
ST00555,Basic,EEUU,32,21460.0,337,5,False
ST00556,Plus,EEUU,30,83577.29,1231,28,True
ST00557,Basic,EEUU,65,9353.79,114,1,True
ST00558,Plus,Mexico,32,1239809.11,10786,23,True
ST00559,Basic,EEUU,57,9565.35,96,5,True
ST00560,Shopify,Francia,20,23379.94,271,4,False
ST00561,Basic,Canada,85,2473.04,46,3,False
ST00562,Basic,Alemania,83,20690.45,398,1,False
ST00563,Basic,Reino Unido,94,18865.4,235,0,True
ST00564,Shopify,Espana,92,16668.04,169,4,True
ST00565,Basic,Canada,30,21288.12,212,3,True
ST00566,Shopify,Reino Unido,87,15269.97,262,2,True
ST00567,Basic,EEUU,91,6582.27,137,6,True
ST00568,Basic,Francia,59,9474.83,133,4,True
ST00569,Plus,EEUU,90,91922.69,810,23,True
ST00570,Advanced,Reino Unido,62,31994.41,382,6,True
ST00571,Shopify,Reino Unido,67,35534.08,541,4,True
ST00572,Basic,EEUU,31,2438.24,37,2,False
ST00573,Basic,EEUU,66,9549.57,188,3,False
ST00574,Plus,EEUU,54,275591.4,3539,18,True
ST00575,Basic,Espana,10,12596.92,121,3,True
ST00576,Advanced,Reino Unido,38,123735.13,1053,11,False
ST00577,Basic,Mexico,83,2787.23,34,0,False
ST00578,Plus,Espana,31,28718.13,538,23,True
ST00579,Basic,EEUU,29,5168.42,54,5,True
ST00580,Basic,Alemania,25,26462.24,263,4,False
ST00581,Shopify,Mexico,32,18810.51,411,4,False
ST00582,Plus,Alemania,17,287493.27,2661,24,True
ST00583,Plus,Alemania,45,275824.43,2593,21,True
ST00584,Shopify,Mexico,49,12488.7,160,3,False
ST00585,Advanced,EEUU,87,16917.01,199,11,True
ST00586,Shopify,Mexico,18,14454.38,148,4,False
ST00587,Advanced,EEUU,75,70671.6,750,8,True
ST00588,Advanced,Alemania,52,54541.87,1319,8,False
ST00589,Shopify,EEUU,20,24676.56,495,2,True
ST00590,Shopify,Australia,62,11134.2,210,3,True
ST00591,Shopify,Canada,13,23411.68,233,4,False
ST00592,Shopify,Espana,88,5782.49,76,6,True
ST00593,Advanced,Mexico,43,34808.78,416,15,True
ST00594,Basic,Australia,84,2838.65,27,4,False
ST00595,Basic,Mexico,92,9577.87,142,2,True
ST00596,Shopify,EEUU,21,18821.38,188,4,True
ST00597,Basic,Australia,6,5160.2,68,4,True
ST00598,Shopify,Alemania,71,10119.77,144,3,False
ST00599,Plus,Alemania,93,132467.49,1987,28,True
ST00600,Shopify,Francia,53,13530.73,115,4,False
ST00601,Advanced,EEUU,87,65979.4,648,5,True
ST00602,Basic,EEUU,52,17638.05,423,7,True
ST00603,Plus,Canada,69,262196.91,2248,19,True
ST00604,Shopify,Mexico,86,35399.06,346,5,False
ST00605,Basic,Canada,9,509.32,9,4,False
ST00606,Shopify,Alemania,74,21268.23,461,7,False
ST00607,Plus,Canada,46,196823.64,3044,16,True
ST00608,Basic,Alemania,92,15744.41,175,5,True
ST00609,Shopify,Australia,75,42080.03,471,5,False
ST00610,Plus,EEUU,71,406992.59,6557,22,True
ST00611,Basic,Espana,30,5506.8,72,4,True
ST00612,Shopify,Mexico,43,15150.49,266,7,True
ST00613,Shopify,Canada,59,983.05,22,5,False
ST00614,Basic,Reino Unido,38,3175.32,39,4,True
ST00615,Shopify,EEUU,34,27930.58,412,5,True
ST00616,Basic,Mexico,46,9985.8,119,3,False
ST00617,Advanced,Reino Unido,92,64938.52,561,8,False
ST00618,Basic,Reino Unido,32,10698.61,207,1,True
ST00619,Basic,Reino Unido,16,2171.97,54,1,False
ST00620,Shopify,Canada,39,43166.64,935,3,True
ST00621,Basic,Espana,1,7462.58,96,5,False
ST00622,Basic,Mexico,57,9818.76,101,2,False
ST00623,Advanced,Reino Unido,87,85232.07,985,9,False
ST00624,Plus,Espana,20,552917.43,6946,17,True
ST00625,Advanced,Espana,82,82420.16,1206,7,False
ST00626,Shopify,EEUU,82,11065.94,170,3,False
ST00627,Advanced,EEUU,42,190948.82,2723,9,True
ST00628,Plus,Australia,85,172888.58,1944,25,True
ST00629,Basic,Espana,72,8929.6,167,2,True
ST00630,Basic,Espana,34,20785.78,204,3,False
ST00631,Basic,EEUU,50,2850.01,33,1,False
ST00632,Shopify,Mexico,11,30797.24,500,6,True
ST00633,Plus,Alemania,43,302686.9,3779,25,True
ST00634,Shopify,Australia,10,19900.49,170,1,False
ST00635,Shopify,Francia,8,37591.43,902,5,True
ST00636,Basic,Francia,72,26949.15,481,2,True
ST00637,Basic,Australia,19,1743.19,22,3,True
ST00638,Shopify,EEUU,65,10744.8,117,5,True
ST00639,Plus,Australia,55,16573.58,290,26,True
ST00640,Basic,EEUU,52,2723.62,23,3,False
ST00641,Advanced,Australia,3,41873.44,458,7,True
ST00642,Basic,EEUU,53,6022.25,54,2,True
ST00643,Shopify,Alemania,44,13511.81,203,5,True
ST00644,Shopify,EEUU,48,51577.78,485,3,False
ST00645,Advanced,Mexico,54,126507.61,1800,5,True
ST00646,Basic,EEUU,16,24359.98,404,1,False
ST00647,Basic,Reino Unido,30,9513.79,84,2,True
ST00648,Basic,Mexico,92,37615.31,793,2,True
ST00649,Plus,Espana,28,251952.1,2182,24,True
ST00650,Basic,EEUU,16,11500.92,149,0,True
ST00651,Basic,Reino Unido,51,12187.48,102,3,False
ST00652,Shopify,EEUU,33,31451.6,378,3,False
ST00653,Shopify,Espana,25,15938.86,158,4,True
ST00654,Advanced,Francia,18,84072.83,2072,13,True
ST00655,Plus,Espana,26,397656.59,4987,28,True
ST00656,Shopify,EEUU,6,3558.55,35,3,False
ST00657,Plus,Reino Unido,38,220121.39,2144,21,True
ST00658,Shopify,Francia,44,1663.14,31,2,True
ST00659,Basic,EEUU,67,17505.62,238,3,False
ST00660,Plus,Alemania,43,209086.44,2843,19,True
ST00661,Shopify,Reino Unido,6,22403.65,463,1,True
ST00662,Basic,Mexico,78,443.37,5,7,True
ST00663,Shopify,Australia,64,14116.89,135,4,True
ST00664,Basic,Reino Unido,82,6266.62,97,4,False
ST00665,Basic,Espana,80,17161.06,230,0,True
ST00666,Shopify,Alemania,88,17592.35,150,5,True
ST00667,Advanced,EEUU,13,45880.63,1078,6,True
ST00668,Shopify,EEUU,65,40951.45,468,6,True
ST00669,Basic,Canada,38,32311.76,324,1,True
ST00670,Plus,EEUU,64,166101.6,1646,21,True
ST00671,Basic,Mexico,14,23042.85,236,3,True
ST00672,Basic,EEUU,17,26839.14,273,2,True
ST00673,Basic,EEUU,77,2435.37,54,0,True
ST00674,Basic,Reino Unido,13,4444.57,53,2,True
ST00675,Basic,EEUU,73,42826.59,417,1,False
ST00676,Shopify,Canada,6,41981.57,883,5,True
ST00677,Advanced,Reino Unido,6,19921.07,486,6,True
ST00678,Plus,Espana,94,484767.73,4609,21,True
ST00679,Advanced,Francia,37,174176.84,1795,5,True
ST00680,Shopify,Mexico,57,24565.01,336,1,False
ST00681,Shopify,EEUU,53,38224.02,331,4,True
ST00682,Advanced,Francia,46,71538.17,706,7,True
ST00683,Shopify,Reino Unido,78,55343.6,471,4,False
ST00684,Advanced,Canada,4,25466.56,222,8,True
ST00685,Shopify,Reino Unido,34,14778.43,188,5,False
ST00686,Basic,EEUU,66,17090.89,170,2,False
ST00687,Shopify,Australia,63,43248.31,462,3,True
ST00688,Shopify,Reino Unido,61,42645.81,406,8,False
ST00689,Shopify,Alemania,81,33225.63,322,2,False
ST00690,Basic,EEUU,42,19802.73,378,4,True
ST00691,Shopify,Mexico,78,61431.82,1046,4,False
ST00692,Plus,Mexico,64,449464.21,7337,29,True
ST00693,Plus,EEUU,17,131072.59,1242,26,True
ST00694,Basic,Espana,61,7986.82,76,3,True
ST00695,Basic,Espana,30,10946.6,137,4,True
ST00696,Shopify,Alemania,43,11548.75,133,3,True
ST00697,Basic,Alemania,93,6760.77,63,4,False
ST00698,Basic,Alemania,7,9835.53,151,2,True
ST00699,Basic,EEUU,73,6898.77,156,2,True
ST00700,Advanced,Espana,46,29718.17,378,8,True
ST00701,Advanced,Canada,23,46364.53,409,16,False
ST00702,Shopify,Reino Unido,36,71931.14,696,1,True
ST00703,Shopify,Australia,14,75912.42,1094,7,False
ST00704,Shopify,EEUU,20,10554.37,233,3,True
ST00705,Basic,EEUU,56,2042.07,22,1,False
ST00706,Shopify,EEUU,81,23649.14,221,5,False
ST00707,Basic,EEUU,32,2957.19,31,2,False
ST00708,Shopify,EEUU,25,10570.59,142,4,False
ST00709,Basic,Francia,94,13206.79,264,0,False
ST00710,Shopify,EEUU,49,15209.66,134,4,True
ST00711,Shopify,Espana,57,60125.39,968,5,False
ST00712,Basic,EEUU,27,5383.54,92,5,False
ST00713,Basic,Alemania,27,12276.87,116,4,True
ST00714,Basic,Francia,46,30196.97,254,6,True
ST00715,Shopify,EEUU,95,15147.2,163,5,False
ST00716,Basic,Australia,45,2421.76,26,1,False
ST00717,Basic,Francia,26,3795.76,57,2,True
ST00718,Shopify,Alemania,14,68008.15,1633,8,False
ST00719,Advanced,Reino Unido,48,30008.64,542,7,True
ST00720,Basic,Espana,85,2993.59,34,6,False
ST00721,Shopify,Australia,92,42069.65,807,7,False
ST00722,Plus,EEUU,15,57775.0,521,22,True
ST00723,Plus,Canada,94,203260.21,3692,20,True
ST00724,Basic,Reino Unido,89,2478.62,30,2,False
ST00725,Advanced,EEUU,51,42837.92,529,14,True
ST00726,Shopify,Australia,54,51790.33,586,4,False
ST00727,Plus,Reino Unido,11,115558.25,1745,25,True
ST00728,Shopify,Reino Unido,75,6410.34,58,6,False
ST00729,Advanced,Alemania,28,53974.27,714,5,False
ST00730,Advanced,EEUU,55,82245.9,856,7,True
ST00731,Shopify,EEUU,69,20177.56,222,6,False
ST00732,Advanced,Canada,92,185948.06,3766,5,False
ST00733,Basic,Reino Unido,72,3996.2,44,2,False
ST00734,Basic,EEUU,26,6449.41,76,1,True
ST00735,Basic,EEUU,70,7641.94,68,3,False
ST00736,Plus,Canada,32,224481.62,2032,16,True
ST00737,Shopify,Mexico,48,9578.64,183,2,True
ST00738,Shopify,Australia,12,14891.7,320,4,True
ST00739,Shopify,EEUU,70,14165.58,222,2,False
ST00740,Basic,Alemania,77,3648.88,30,4,True
ST00741,Basic,Australia,61,7611.39,182,0,True
ST00742,Shopify,Reino Unido,34,33843.75,360,5,True
ST00743,Plus,Francia,87,45400.07,511,17,True
ST00744,Basic,Australia,81,8607.31,93,3,False
ST00745,Basic,EEUU,45,9832.13,171,2,True
ST00746,Basic,EEUU,60,9671.96,166,4,True
ST00747,Basic,EEUU,65,36582.37,491,1,False
ST00748,Basic,EEUU,71,9917.14,208,2,True
ST00749,Shopify,Australia,13,17615.0,383,6,True
ST00750,Basic,Francia,78,5031.2,106,4,False
ST00751,Basic,EEUU,81,5715.49,66,2,False
ST00752,Advanced,Alemania,94,25531.71,355,8,True
ST00753,Plus,Alemania,48,103772.32,1634,15,True
ST00754,Basic,Reino Unido,49,6201.23,95,0,False
ST00755,Shopify,Alemania,91,18586.79,328,3,True
ST00756,Basic,Francia,58,12503.07,171,2,False
ST00757,Plus,EEUU,89,94540.94,1680,19,True
ST00758,Shopify,EEUU,73,11920.05,124,5,False
ST00759,Advanced,EEUU,70,56093.71,1123,5,False
ST00760,Basic,Reino Unido,61,9364.59,80,3,True
ST00761,Shopify,Reino Unido,26,13860.26,293,1,True
ST00762,Shopify,Reino Unido,39,6251.5,54,4,False
ST00763,Basic,Canada,58,16285.9,152,6,False
ST00764,Basic,Mexico,27,11659.26,123,2,False
ST00765,Shopify,Reino Unido,40,21508.73,190,8,False
ST00766,Shopify,Reino Unido,31,36370.14,711,3,False
ST00767,Basic,Australia,3,1704.38,31,6,True
ST00768,Shopify,Australia,88,3344.95,55,5,True
ST00769,Basic,EEUU,15,8142.39,136,6,True
ST00770,Basic,Reino Unido,54,13283.08,204,4,True
ST00771,Shopify,Australia,70,19892.53,231,5,False
ST00772,Basic,EEUU,11,1681.68,39,4,False
ST00773,Basic,Reino Unido,30,13295.37,188,5,False
ST00774,Basic,Canada,35,4752.96,79,2,False
ST00775,Shopify,EEUU,43,43412.35,490,6,True
ST00776,Shopify,EEUU,61,88175.07,742,1,False
ST00777,Plus,Reino Unido,40,35910.53,441,19,True
ST00778,Basic,Mexico,93,3424.9,46,8,False
ST00779,Shopify,Australia,87,16746.75,241,6,True
ST00780,Basic,Francia,42,8873.81,86,5,False
ST00781,Shopify,EEUU,42,40200.16,878,6,True
ST00782,Shopify,EEUU,3,19594.91,167,5,True
ST00783,Basic,Mexico,90,3266.12,44,5,True
ST00784,Shopify,Alemania,78,27365.26,420,5,True
ST00785,Basic,Reino Unido,83,3466.67,29,6,True
ST00786,Basic,EEUU,85,5065.74,44,5,False
ST00787,Basic,EEUU,21,17277.61,189,5,False
ST00788,Shopify,Reino Unido,73,11630.32,280,4,False
ST00789,Advanced,EEUU,77,21363.14,213,8,True
ST00790,Basic,Francia,53,5329.58,79,6,True
ST00791,Basic,EEUU,44,12073.34,169,6,False
ST00792,Basic,Francia,46,1240.99,23,6,True
ST00793,Basic,Australia,37,10880.6,132,2,True
ST00794,Advanced,Reino Unido,38,46119.15,463,7,False
ST00795,Shopify,Mexico,88,11762.56,190,4,True
ST00796,Basic,Espana,38,7753.29,67,4,True
ST00797,Basic,EEUU,11,7020.84,126,2,False
ST00798,Advanced,Reino Unido,93,39325.45,868,11,False
ST00799,Basic,Canada,45,7496.26,81,3,False
ST00800,Basic,Alemania,64,7228.53,66,2,True
ST00801,Shopify,Alemania,44,10148.39,87,3,False
ST00802,Shopify,Canada,81,13980.5,137,6,False
ST00803,Shopify,Canada,62,26246.18,468,1,False
ST00804,Advanced,Canada,90,13566.18,114,9,False
ST00805,Basic,Reino Unido,61,8748.97,77,1,False
ST00806,Shopify,Alemania,90,6603.12,124,5,True
ST00807,Basic,Australia,12,8358.31,98,2,False
ST00808,Shopify,Alemania,82,5319.68,62,6,False
ST00809,Advanced,Espana,9,26277.16,348,10,True
ST00810,Shopify,Alemania,67,23638.26,199,2,False
ST00811,Shopify,Espana,74,16893.85,377,5,False
ST00812,Advanced,Alemania,2,46013.98,510,11,True
ST00813,Basic,EEUU,8,3639.8,64,1,True
ST00814,Shopify,Francia,43,34855.97,424,3,True
ST00815,Plus,EEUU,18,137859.79,1346,20,True
ST00816,Shopify,Reino Unido,52,15510.83,259,5,False
ST00817,Basic,EEUU,39,7926.53,110,2,True
ST00818,Basic,EEUU,31,1095.17,9,1,True
ST00819,Basic,Mexico,14,6958.83,68,3,False
ST00820,Basic,Reino Unido,64,8123.78,94,4,True
ST00821,Shopify,Mexico,93,10631.87,184,7,False
ST00822,Basic,EEUU,44,15110.94,204,4,False
ST00823,Basic,EEUU,60,2056.84,20,0,False
ST00824,Basic,EEUU,2,13923.07,131,1,False
ST00825,Shopify,Alemania,32,46615.49,782,4,False
ST00826,Shopify,Mexico,36,28262.63,304,8,False
ST00827,Shopify,Canada,55,11304.23,237,11,True
ST00828,Basic,Reino Unido,87,8953.07,213,3,True
ST00829,Basic,Francia,63,3588.41,42,2,True
ST00830,Basic,EEUU,69,25862.57,446,4,False
ST00831,Basic,Canada,80,6572.09,141,3,False
ST00832,Basic,Reino Unido,40,3707.5,37,3,False
ST00833,Shopify,EEUU,24,1540.73,19,5,True
ST00834,Basic,EEUU,58,7603.16,73,1,True
ST00835,Plus,EEUU,28,328766.47,3530,16,True
ST00836,Shopify,Australia,62,27521.18,279,7,True
ST00837,Basic,Alemania,25,15074.43,233,2,False
ST00838,Advanced,Mexico,7,169629.24,2777,6,True
ST00839,Shopify,Canada,38,19600.3,222,10,True
ST00840,Shopify,Alemania,71,16595.76,296,6,False
ST00841,Plus,Espana,86,631546.5,6001,23,True
ST00842,Basic,Australia,86,9045.71,110,3,False
ST00843,Advanced,EEUU,91,14434.05,248,10,True
ST00844,Basic,Reino Unido,45,4513.02,50,1,False
ST00845,Advanced,Espana,32,183562.67,1587,2,True
ST00846,Basic,Francia,32,10183.38,218,3,True
ST00847,Basic,Francia,1,16615.24,340,4,False
ST00848,Shopify,Alemania,74,8140.51,75,5,False
ST00849,Basic,EEUU,45,16560.21,339,2,True
ST00850,Basic,EEUU,64,6177.92,143,1,False
ST00851,Basic,Francia,68,17030.79,251,1,False
ST00852,Shopify,Reino Unido,93,60976.54,788,2,True
ST00853,Advanced,EEUU,7,26183.28,306,8,True
ST00854,Shopify,Francia,38,33380.67,414,4,True
ST00855,Advanced,EEUU,70,56924.78,503,10,True
ST00856,Shopify,Espana,53,13860.11,136,5,True
ST00857,Basic,Alemania,75,4727.97,39,0,True
ST00858,Basic,EEUU,73,9044.93,115,3,True
ST00859,Shopify,Reino Unido,30,9612.12,205,2,True
ST00860,Basic,EEUU,22,7349.02,63,0,True
ST00861,Basic,Alemania,58,14062.03,348,3,False
ST00862,Shopify,Canada,73,5595.82,54,2,False
ST00863,Shopify,EEUU,55,8661.64,203,4,False
ST00864,Basic,Francia,46,4371.13,43,2,True
ST00865,Advanced,Reino Unido,26,67153.56,583,7,False
ST00866,Shopify,EEUU,64,38399.07,539,3,True
ST00867,Shopify,EEUU,80,22132.54,373,1,True
ST00868,Plus,EEUU,9,269995.74,4646,14,True
ST00869,Basic,Francia,87,10553.14,133,4,False
ST00870,Shopify,EEUU,15,65113.76,1213,6,True
ST00871,Advanced,Reino Unido,19,18122.78,193,4,True
ST00872,Shopify,Australia,16,7265.38,104,6,False
ST00873,Advanced,Espana,25,3538.63,53,11,True
ST00874,Basic,Reino Unido,51,2193.78,28,6,True
ST00875,Shopify,Australia,77,10971.25,131,4,False
ST00876,Basic,Mexico,46,8482.22,165,1,True
ST00877,Plus,EEUU,7,170137.23,1760,27,True
ST00878,Advanced,Espana,34,67317.31,608,8,True
ST00879,Advanced,Francia,58,47153.66,757,8,True
ST00880,Shopify,Canada,78,20718.97,380,7,True
ST00881,Basic,Mexico,23,11211.98,111,4,False
ST00882,Basic,Francia,23,23632.32,432,2,True
ST00883,Advanced,Espana,17,113554.2,2622,14,True
ST00884,Basic,EEUU,13,2528.23,28,3,False
ST00885,Basic,EEUU,27,29190.49,493,3,False
ST00886,Shopify,Alemania,66,79267.16,1474,7,True
ST00887,Basic,EEUU,30,2527.81,21,4,True
ST00888,Shopify,Francia,4,16326.78,257,3,True
ST00889,Shopify,Reino Unido,94,24221.27,215,3,True
ST00890,Shopify,Canada,67,31165.04,574,5,False
ST00891,Advanced,Espana,14,20573.83,194,7,False
ST00892,Basic,Canada,11,1818.52,22,3,True
ST00893,Basic,Reino Unido,40,18304.26,395,2,True
ST00894,Basic,EEUU,87,13810.39,139,2,False
ST00895,Plus,Alemania,3,161365.41,1448,25,True
ST00896,Basic,Australia,1,6716.45,126,1,True
ST00897,Basic,Espana,9,15138.05,154,1,True
ST00898,Shopify,Reino Unido,73,7237.67,95,9,True
ST00899,Basic,EEUU,76,10748.87,107,2,False
ST00900,Plus,Mexico,1,280276.88,2886,23,True
ST00901,Advanced,Francia,16,46891.12,1113,8,False
ST00902,Shopify,Reino Unido,94,8499.35,156,3,True
ST00903,Shopify,Espana,72,9154.89,117,2,False
ST00904,Basic,Reino Unido,46,5855.5,51,3,True
ST00905,Shopify,Canada,10,19649.05,291,6,True
ST00906,Shopify,Australia,33,9107.38,100,4,True
ST00907,Basic,EEUU,41,14927.78,364,3,False
ST00908,Basic,Canada,51,9988.27,103,4,True
ST00909,Plus,EEUU,22,40315.75,456,31,True
ST00910,Basic,Reino Unido,16,10424.88,107,2,True
ST00911,Shopify,Espana,83,42349.39,376,2,True
ST00912,Basic,EEUU,75,12490.24,241,4,False
ST00913,Basic,Alemania,62,23617.94,387,2,False
ST00914,Advanced,EEUU,53,9389.2,78,10,True
ST00915,Basic,Espana,75,4885.85,93,3,False
ST00916,Shopify,EEUU,14,28711.92,294,6,True
ST00917,Basic,Mexico,59,5641.1,57,2,False
ST00918,Basic,Espana,26,7690.52,81,3,True
ST00919,Plus,Francia,44,491024.52,8437,19,True
ST00920,Shopify,Francia,20,47200.27,825,5,True
ST00921,Plus,EEUU,84,246962.62,2646,23,True
ST00922,Plus,EEUU,5,179104.73,3262,22,True
ST00923,Plus,Espana,65,251283.86,2704,18,True
ST00924,Advanced,Alemania,11,85145.85,1072,6,True
ST00925,Basic,EEUU,47,5720.69,80,3,True
ST00926,Plus,EEUU,10,313984.06,4904,22,True
ST00927,Basic,Alemania,61,11245.7,97,5,True
ST00928,Basic,Francia,92,11097.35,137,1,False
ST00929,Basic,Australia,45,8161.52,96,3,False
ST00930,Basic,EEUU,47,12401.36,106,5,False
ST00931,Shopify,Reino Unido,34,42418.09,459,5,False
ST00932,Basic,EEUU,13,3722.99,31,3,False
ST00933,Basic,Canada,89,28176.12,580,5,False
ST00934,Shopify,Mexico,23,44891.35,416,3,True
ST00935,Basic,Mexico,36,3238.55,48,3,True
ST00936,Advanced,Canada,63,93441.53,891,8,False
ST00937,Basic,EEUU,76,7121.84,65,3,False
ST00938,Basic,Reino Unido,47,2803.77,45,5,False
ST00939,Basic,Francia,66,4972.58,68,2,True
ST00940,Basic,EEUU,84,5274.9,53,2,False
ST00941,Shopify,Reino Unido,80,32818.26,684,3,True
ST00942,Shopify,Mexico,14,20232.45,201,5,True
ST00943,Basic,Mexico,53,11160.0,228,4,False
ST00944,Basic,Francia,66,14928.35,131,3,True
ST00945,Basic,Reino Unido,49,12346.82,198,1,True
ST00946,Plus,Canada,16,302387.9,3514,27,True
ST00947,Basic,Canada,68,4595.83,93,4,True
ST00948,Advanced,Francia,43,39524.97,642,8,False
ST00949,Shopify,Mexico,77,9792.58,135,4,False
ST00950,Basic,Australia,65,6917.83,87,5,False
ST00951,Plus,EEUU,9,82154.71,2053,26,False
ST00952,Advanced,Mexico,21,31726.63,285,9,True
ST00953,Shopify,Reino Unido,82,11718.2,288,4,False
ST00954,Basic,EEUU,84,9255.14,90,2,False
ST00955,Shopify,EEUU,43,53136.31,684,3,True
ST00956,Basic,Espana,66,1468.82,17,3,True
ST00957,Basic,Reino Unido,4,6111.25,107,1,True
ST00958,Advanced,Australia,7,83055.4,937,8,True
ST00959,Advanced,Mexico,86,32475.71,391,10,False
ST00960,Basic,EEUU,84,17051.44,320,2,False
ST00961,Advanced,Espana,58,23238.44,393,10,False
ST00962,Shopify,EEUU,4,15594.62,343,4,True
ST00963,Basic,Reino Unido,20,5803.84,128,3,True
ST00964,Basic,Alemania,35,4793.22,116,0,True
ST00965,Basic,Australia,59,6780.46,117,3,False
ST00966,Advanced,Canada,85,103580.93,1097,8,True
ST00967,Advanced,Mexico,45,55524.78,850,7,False
ST00968,Basic,Mexico,14,24282.26,360,9,False
ST00969,Shopify,Reino Unido,95,8588.02,169,1,False
ST00970,Advanced,Canada,22,119966.3,1394,11,False
ST00971,Advanced,Espana,48,4939.91,73,13,True
ST00972,Basic,EEUU,30,13965.86,148,0,True
ST00973,Shopify,Australia,29,65799.59,662,4,True
ST00974,Advanced,Mexico,36,151207.68,1742,6,True
ST00975,Basic,EEUU,42,4836.05,77,1,True
ST00976,Basic,Francia,29,15394.28,190,1,True
ST00977,Advanced,EEUU,7,112614.96,1872,5,True
ST00978,Basic,Francia,32,13400.68,119,4,True
ST00979,Advanced,Reino Unido,13,33676.67,332,5,True
ST00980,Basic,Mexico,13,4252.72,53,0,True
ST00981,Basic,Canada,54,7227.24,61,2,False
ST00982,Basic,Mexico,14,14873.41,177,3,True
ST00983,Basic,EEUU,6,6093.02,91,0,True
ST00984,Basic,EEUU,16,7326.58,153,5,False
ST00985,Shopify,EEUU,41,18655.0,223,4,True
ST00986,Basic,Australia,52,12514.11,114,2,True
ST00987,Plus,EEUU,85,167298.21,1530,25,True
ST00988,Shopify,Espana,16,12267.05,138,2,True
ST00989,Shopify,Australia,5,11925.05,166,4,False
ST00990,Basic,Australia,24,20679.71,224,3,False
ST00991,Shopify,EEUU,43,38579.16,382,2,False
ST00992,Shopify,Australia,65,31117.81,426,2,True
ST00993,Basic,EEUU,10,9379.85,120,4,True
ST00994,Advanced,Mexico,59,8589.94,90,6,True
ST00995,Basic,Espana,35,18986.01,172,6,False
ST00996,Basic,EEUU,31,4967.0,48,6,True
ST00997,Shopify,EEUU,79,13374.79,320,4,False
ST00998,Shopify,Canada,11,35590.51,712,5,True
ST00999,Basic,Reino Unido,9,19013.49,175,5,True
ST01000,Advanced,Francia,66,50985.38,477,11,True
ST01001,Shopify,Reino Unido,44,28010.42,393,4,False
ST01002,Shopify,Francia,94,4289.43,49,6,True
ST01003,Basic,Canada,16,9132.18,81,4,False
ST01004,Plus,Francia,48,142147.68,1258,19,True
ST01005,Basic,Mexico,53,11609.64,113,3,False
ST01006,Shopify,Australia,65,24937.23,439,3,True
ST01007,Basic,EEUU,48,3545.97,36,5,True
ST01008,Shopify,Alemania,70,38685.35,804,9,True
ST01009,Basic,EEUU,46,12828.98,115,4,True
ST01010,Basic,EEUU,75,6502.19,125,2,True
ST01011,Advanced,Alemania,33,13996.09,150,9,False
ST01012,Basic,Espana,52,24578.55,276,1,True
ST01013,Basic,EEUU,81,8482.13,83,0,True
ST01014,Shopify,Canada,55,28948.58,344,2,False
ST01015,Shopify,Alemania,51,11790.7,263,5,False
ST01016,Basic,EEUU,40,13210.92,136,0,True
ST01017,Basic,Canada,25,9280.77,131,4,False
ST01018,Plus,Espana,63,206406.11,3145,19,True
ST01019,Shopify,EEUU,22,8276.29,69,6,True
ST01020,Basic,Mexico,90,9561.04,109,5,False
ST01021,Advanced,Alemania,91,19330.12,199,11,True
ST01022,Shopify,Australia,38,31484.9,383,2,True
ST01023,Basic,EEUU,9,12967.27,127,4,False
ST01024,Basic,Australia,37,9382.35,93,4,True
ST01025,Basic,EEUU,5,8435.34,91,3,True
ST01026,Advanced,Reino Unido,82,66897.89,558,9,False
ST01027,Basic,EEUU,22,4049.74,52,3,False
ST01028,Basic,Australia,12,29619.96,306,6,True
ST01029,Advanced,Espana,60,36132.73,348,6,False
ST01030,Basic,EEUU,44,12528.59,178,4,False
ST01031,Shopify,EEUU,22,40475.41,528,12,False
ST01032,Basic,EEUU,6,6936.91,59,3,True
ST01033,Shopify,EEUU,27,37256.89,874,2,True
ST01034,Basic,Alemania,55,21139.5,316,2,True
ST01035,Basic,Espana,15,11648.24,147,4,True
ST01036,Shopify,Francia,64,10931.22,272,4,True
ST01037,Shopify,Francia,17,9748.69,87,4,True
ST01038,Shopify,Espana,3,71129.88,1130,8,True
ST01039,Shopify,EEUU,10,13852.05,228,5,True
ST01040,Shopify,Reino Unido,63,34722.3,328,4,False
ST01041,Shopify,Canada,63,69420.26,1115,4,False
ST01042,Shopify,Canada,89,17815.07,192,7,False
ST01043,Shopify,Alemania,62,11843.81,112,8,False
ST01044,Shopify,Francia,85,19158.64,185,8,False
ST01045,Shopify,Australia,9,25849.85,252,6,True
ST01046,Basic,EEUU,24,12324.31,261,4,False
ST01047,Basic,EEUU,32,2415.23,52,3,False
ST01048,Basic,Australia,3,4759.42,73,0,False
ST01049,Plus,Australia,33,168053.07,3919,12,True
ST01050,Advanced,EEUU,43,71670.88,895,7,True
ST01051,Shopify,Mexico,12,35003.51,488,5,True
ST01052,Basic,Espana,93,17106.68,202,1,False
ST01053,Basic,Canada,85,4101.87,64,4,False
ST01054,Advanced,EEUU,32,51679.41,655,8,False
ST01055,Advanced,Australia,20,51240.66,767,7,True
ST01056,Basic,Espana,67,15453.62,277,3,True
ST01057,Advanced,EEUU,68,91880.79,999,8,True
ST01058,Basic,Espana,17,3925.65,41,3,False
ST01059,Basic,Mexico,81,2863.14,26,2,False
ST01060,Shopify,Australia,19,15853.65,144,3,True
ST01061,Shopify,EEUU,4,6473.19,67,3,True
ST01062,Advanced,Francia,93,26231.12,276,9,True
ST01063,Basic,EEUU,17,19580.74,439,3,True
ST01064,Basic,Alemania,64,1917.87,39,3,False
ST01065,Basic,Espana,22,2075.51,19,1,False
ST01066,Basic,Reino Unido,66,2836.4,48,6,False
ST01067,Shopify,Canada,42,40230.16,587,3,True
ST01068,Basic,Australia,76,10967.3,212,2,False
ST01069,Basic,Espana,45,762.32,13,2,False
ST01070,Basic,Canada,11,4079.58,39,3,True
ST01071,Shopify,EEUU,53,4020.41,65,7,False
ST01072,Shopify,EEUU,60,5337.83,70,2,False
ST01073,Shopify,EEUU,29,35703.42,684,3,True
ST01074,Basic,Francia,20,5939.95,63,4,True
ST01075,Basic,Mexico,5,12459.4,126,2,True
ST01076,Basic,Francia,25,73.13,1,1,True
ST01077,Basic,EEUU,34,7986.94,77,1,False
ST01078,Basic,Espana,12,823.81,13,4,True
ST01079,Basic,EEUU,28,4310.24,45,1,False
ST01080,Shopify,Mexico,6,5675.79,57,3,True
ST01081,Plus,Reino Unido,19,88092.78,749,21,False
ST01082,Basic,EEUU,12,3950.85,67,3,True
ST01083,Advanced,Alemania,25,58139.57,1224,3,False
ST01084,Basic,EEUU,13,5906.36,96,3,False
ST01085,Shopify,Espana,81,15975.18,320,6,True
ST01086,Shopify,Espana,76,14408.1,268,6,True
ST01087,Plus,Espana,3,42682.8,639,21,True
ST01088,Basic,Francia,24,13508.0,184,1,True
ST01089,Basic,Reino Unido,8,7320.74,65,2,True
ST01090,Basic,Canada,90,3152.62,56,3,False
ST01091,Basic,Mexico,45,4826.61,40,3,True
ST01092,Plus,Alemania,72,379869.31,3624,25,True
ST01093,Advanced,EEUU,1,23522.35,212,10,True
ST01094,Shopify,Australia,3,13373.95,116,3,True
ST01095,Shopify,EEUU,65,34002.2,339,5,True
ST01096,Advanced,EEUU,15,40273.08,390,7,True
ST01097,Basic,EEUU,50,7010.93,93,4,False
ST01098,Basic,EEUU,20,9382.23,116,2,True
ST01099,Advanced,EEUU,3,82662.23,721,7,True
