player,overall,position,club
Rodri,90,CDM,Manchester City
Lamine Yamal,89,RM,FC Barcelona
Pedri,89,CM,FC Barcelona
David Raya,87,GK,Arsenal
Nico Williams,86,LM,Athletic Club
Carvajal,85,RB,Real Madrid
Unai Simón,85,GK,Athletic Club
Fabián Ruiz,85,CM,Paris SG
Dani Olmo,85,CAM,FC Barcelona
Marcos Llorente,84,RB,Atlético de Madrid
Marc Cucurella,84,LB,Chelsea
Grimaldo,84,LM,Leverkusen
Álex Baena,84,LM,Atlético de Madrid
Vivian,84,CB,Athletic Club
Mikel Merino,83,CM,Arsenal
Joan García,83,GK,FC Barcelona
Zubimendi,83,CDM,Arsenal
Gavi,83,CM,FC Barcelona
Ferran Torres,83,LW,FC Barcelona
Robin Le Normand,83,CB,Atlético de Madrid
Pedro Porro,82,RB,Spurs
Pablo Barrios,82,CM,Atlético de Madrid
Dean Huijsen,82,CB,Real Madrid
Oyarzabal,82,ST,Real Sociedad
Pau Cubarsí,82,CB,FC Barcelona
Aymeric Laporte,82,CB,Al Nassr
Yeremy Pino,80,RM,Crystal Palace
Borja Iglesias,80,ST,Celta
