mes,pais,plataforma,dau_millones,mau_millones,minutos_diarios,arpu_usd,ingresos_pub_musd
2024-01,India,Facebook,90.39,146.37,37.9,18.32,2681.52
2024-02,India,Facebook,90.64,188.47,14.9,12.72,2397.38
2024-03,India,Facebook,96.97,133.11,51.3,18.63,2479.83
2024-04,India,Facebook,92.28,138.75,39.2,1.37,190.08
2024-05,India,Facebook,93.06,181.74,25.4,18.71,3400.35
2024-06,India,Facebook,87.41,162.47,32.9,4.33,703.48
2024-07,India,Facebook,91.49,194.87,38.2,13.12,2556.66
2024-08,India,Facebook,108.09,151.93,15.5,14.74,2239.47
2024-09,India,Facebook,98.97,176.07,32.2,1.63,286.99
2024-10,India,Facebook,101.28,190.62,14.0,18.35,3497.89
2024-11,India,Facebook,113.45,188.98,54.8,11.41,2156.22
2024-12,India,Facebook,96.05,131.77,18.5,4.09,538.95
2024-01,India,Instagram,70.71,102.61,12.0,12.38,1270.32
2024-02,India,Instagram,72.29,97.48,17.8,5.35,521.5
2024-03,India,Instagram,71.85,112.41,11.7,2.16,242.8
2024-04,India,Instagram,71.48,115.24,41.5,17.33,1997.14
2024-05,India,Instagram,68.49,137.5,44.2,17.38,2389.75
2024-06,India,Instagram,75.74,115.73,18.2,3.95,457.15
2024-07,India,Instagram,76.79,158.21,11.0,15.35,2428.5
2024-08,India,Instagram,89.16,156.7,54.7,4.1,642.46
2024-09,India,Instagram,74.8,137.48,15.5,13.69,1882.08
2024-10,India,Instagram,82.2,115.78,61.4,16.75,1939.33
2024-11,India,Instagram,87.49,167.94,60.0,9.26,1555.08
2024-12,India,Instagram,99.36,142.31,25.3,2.95,419.82
2024-01,India,WhatsApp,105.76,199.15,35.5,15.64,3114.71
2024-02,India,WhatsApp,111.46,213.23,42.1,15.55,3315.79
2024-03,India,WhatsApp,110.46,223.48,49.8,15.16,3388.0
2024-04,India,WhatsApp,102.56,188.55,9.0,10.29,1940.22
2024-05,India,WhatsApp,105.5,196.47,51.6,3.59,705.34
2024-06,India,WhatsApp,118.67,197.4,47.4,6.06,1196.24
2024-07,India,WhatsApp,114.21,185.12,51.4,4.09,757.13
2024-08,India,WhatsApp,138.16,188.05,12.6,12.7,2388.21
2024-09,India,WhatsApp,122.26,258.42,36.1,11.12,2873.68
2024-10,India,WhatsApp,125.28,211.6,42.9,19.45,4115.53
2024-11,India,WhatsApp,123.69,226.12,23.2,15.13,3421.14
2024-12,India,WhatsApp,85.33,130.66,29.0,12.19,1592.78
2024-01,India,Threads,21.13,35.66,20.5,10.45,372.65
2024-02,India,Threads,21.37,30.39,26.3,3.14,95.42
2024-03,India,Threads,20.83,34.13,51.1,6.38,217.75
2024-04,India,Threads,21.55,37.67,53.5,16.67,628.03
2024-05,India,Threads,21.66,34.16,45.2,15.22,519.93
2024-06,India,Threads,24.87,37.15,35.4,4.51,167.55
2024-07,India,Threads,21.43,38.21,10.9,8.17,312.14
2024-08,India,Threads,20.82,29.6,9.6,2.01,59.5
2024-09,India,Threads,21.66,36.09,15.0,15.92,574.59
2024-10,India,Threads,26.48,55.93,43.2,12.19,681.74
2024-11,India,Threads,22.5,34.2,50.8,1.35,46.17
2024-12,India,Threads,23.68,45.94,30.3,8.71,400.17
2024-01,India,Messenger,32.04,46.39,25.8,17.47,810.4
2024-02,India,Messenger,31.88,45.42,33.6,7.99,362.93
2024-03,India,Messenger,31.96,46.59,30.7,8.74,407.16
2024-04,India,Messenger,34.54,55.22,28.0,15.02,829.44
2024-05,India,Messenger,33.83,57.74,36.4,19.35,1117.31
2024-06,India,Messenger,34.09,65.62,16.3,13.73,900.91
2024-07,India,Messenger,31.92,56.34,17.6,17.54,988.19
2024-08,India,Messenger,31.4,49.66,13.3,2.74,136.07
2024-09,India,Messenger,32.75,58.46,30.2,5.32,310.99
2024-10,India,Messenger,38.41,85.0,24.5,2.95,250.74
2024-11,India,Messenger,35.21,78.01,40.7,18.3,1427.53
2024-12,India,Messenger,27.97,58.4,54.5,19.14,1117.86
2024-01,Estados Unidos,Facebook,15.59,21.11,44.6,30.51,643.95
2024-02,Estados Unidos,Facebook,16.07,34.05,15.0,31.85,1084.49
2024-03,Estados Unidos,Facebook,15.95,29.84,19.4,2.85,85.05
2024-04,Estados Unidos,Facebook,15.91,25.85,22.3,44.74,1156.45
2024-05,Estados Unidos,Facebook,15.15,27.29,8.1,41.34,1128.32
2024-06,Estados Unidos,Facebook,15.96,25.03,39.1,8.22,205.72
2024-07,Estados Unidos,Facebook,20.02,44.0,48.7,26.22,1153.7
2024-08,Estados Unidos,Facebook,20.53,27.45,28.6,18.32,502.86
2024-09,Estados Unidos,Facebook,16.88,28.33,42.3,14.32,405.75
2024-10,Estados Unidos,Facebook,23.61,33.81,24.5,31.8,1075.23
2024-11,Estados Unidos,Facebook,17.02,30.02,33.2,3.54,106.26
2024-12,Estados Unidos,Facebook,18.77,33.26,9.6,8.6,286.04
2024-01,Estados Unidos,Instagram,66.02,98.02,58.0,18.91,1853.58
2024-02,Estados Unidos,Instagram,66.69,116.07,15.1,3.14,364.46
2024-03,Estados Unidos,Instagram,69.04,98.53,40.3,43.95,4330.42
2024-04,Estados Unidos,Instagram,68.26,135.09,40.1,22.21,3000.24
2024-05,Estados Unidos,Instagram,66.48,130.47,44.6,30.5,3979.41
2024-06,Estados Unidos,Instagram,62.56,96.82,54.7,16.88,1634.28
2024-07,Estados Unidos,Instagram,81.01,111.1,15.8,9.76,1084.33
2024-08,Estados Unidos,Instagram,76.03,115.17,10.0,10.8,1243.79
2024-09,Estados Unidos,Instagram,66.81,145.93,64.0,8.29,1209.72
2024-10,Estados Unidos,Instagram,58.02,86.44,53.4,20.44,1766.87
2024-11,Estados Unidos,Instagram,76.56,110.25,33.0,24.74,2727.66
2024-12,Estados Unidos,Instagram,80.0,175.12,21.2,31.86,5579.4
2024-01,Estados Unidos,WhatsApp,20.47,40.52,22.2,19.33,783.27
2024-02,Estados Unidos,WhatsApp,21.29,42.66,47.9,18.45,787.07
2024-03,Estados Unidos,WhatsApp,19.97,33.27,24.6,14.45,480.75
2024-04,Estados Unidos,WhatsApp,20.03,27.49,15.7,10.11,277.96
2024-05,Estados Unidos,WhatsApp,21.55,42.64,12.5,5.55,236.66
2024-06,Estados Unidos,WhatsApp,22.27,29.95,16.6,16.2,485.19
2024-07,Estados Unidos,WhatsApp,21.74,30.57,47.2,1.96,59.91
2024-08,Estados Unidos,WhatsApp,20.62,45.81,33.1,12.48,571.74
2024-09,Estados Unidos,WhatsApp,21.13,37.22,49.9,29.84,1110.74
2024-10,Estados Unidos,WhatsApp,24.78,44.62,31.2,21.56,962.03
2024-11,Estados Unidos,WhatsApp,25.17,34.44,35.3,28.69,988.09
2024-12,Estados Unidos,WhatsApp,25.59,39.35,38.8,11.44,450.2
2024-01,Estados Unidos,Threads,7.03,11.44,16.4,33.19,379.72
2024-02,Estados Unidos,Threads,7.21,11.06,38.7,29.82,329.88
2024-03,Estados Unidos,Threads,7.43,11.41,19.1,5.53,63.1
2024-04,Estados Unidos,Threads,6.86,9.18,15.4,17.58,161.39
2024-05,Estados Unidos,Threads,7.7,14.85,49.4,8.67,128.75
2024-06,Estados Unidos,Threads,7.27,12.71,19.6,25.24,320.88
2024-07,Estados Unidos,Threads,6.53,9.9,10.2,38.36,379.92
2024-08,Estados Unidos,Threads,7.97,15.39,23.9,10.39,159.9
2024-09,Estados Unidos,Threads,7.48,12.89,28.1,32.61,420.46
2024-10,Estados Unidos,Threads,6.24,8.69,18.4,34.79,302.45
2024-11,Estados Unidos,Threads,8.26,11.11,22.6,24.09,267.64
2024-12,Estados Unidos,Threads,7.79,10.4,19.3,47.46,493.77
2024-01,Estados Unidos,Messenger,49.1,79.15,55.0,35.68,2824.07
2024-02,Estados Unidos,Messenger,49.34,97.07,8.5,12.52,1215.31
2024-03,Estados Unidos,Messenger,49.55,82.01,38.9,35.91,2945.04
2024-04,Estados Unidos,Messenger,54.08,75.4,37.1,12.84,968.18
2024-05,Estados Unidos,Messenger,49.27,99.45,22.9,29.02,2885.94
2024-06,Estados Unidos,Messenger,52.09,76.22,16.2,13.42,1022.81
2024-07,Estados Unidos,Messenger,55.35,81.62,9.9,7.98,651.34
2024-08,Estados Unidos,Messenger,54.31,72.89,39.0,32.71,2384.13
2024-09,Estados Unidos,Messenger,53.42,113.68,32.0,12.74,1448.23
2024-10,Estados Unidos,Messenger,57.92,106.14,30.9,15.03,1595.35
2024-11,Estados Unidos,Messenger,74.49,112.79,9.9,5.45,614.73
2024-12,Estados Unidos,Messenger,43.74,93.52,15.4,44.72,4182.05
2024-01,Indonesia,Facebook,56.68,84.4,49.8,9.35,789.13
2024-02,Indonesia,Facebook,58.77,85.03,34.1,3.04,258.48
2024-03,Indonesia,Facebook,56.4,97.97,12.3,2.51,245.9
2024-04,Indonesia,Facebook,58.11,107.59,53.6,5.05,543.33
2024-05,Indonesia,Facebook,55.23,96.72,22.2,8.64,835.63
2024-06,Indonesia,Facebook,60.57,132.2,32.0,0.89,117.66
2024-07,Indonesia,Facebook,55.66,76.16,50.7,2.95,224.68
2024-08,Indonesia,Facebook,55.92,81.29,48.6,3.6,292.64
2024-09,Indonesia,Facebook,53.51,103.61,9.1,8.46,876.53
2024-10,Indonesia,Facebook,57.15,108.97,47.8,6.47,705.02
2024-11,Indonesia,Facebook,53.51,77.77,48.9,9.85,766.05
2024-12,Indonesia,Facebook,91.08,194.0,51.0,2.13,413.22
2024-01,Indonesia,Instagram,34.43,67.04,22.3,6.11,409.6
2024-02,Indonesia,Instagram,33.93,51.96,13.8,6.39,332.01
2024-03,Indonesia,Instagram,35.75,56.56,16.2,2.85,161.19
2024-04,Indonesia,Instagram,36.05,69.25,51.2,3.77,261.09
2024-05,Indonesia,Instagram,33.45,61.98,59.3,5.28,327.24
2024-06,Indonesia,Instagram,30.8,50.41,31.4,10.05,506.62
2024-07,Indonesia,Instagram,42.18,69.37,35.1,4.62,320.49
2024-08,Indonesia,Instagram,39.63,66.61,19.6,12.23,814.62
2024-09,Indonesia,Instagram,30.97,53.32,29.2,8.72,464.99
2024-10,Indonesia,Instagram,28.33,47.24,28.3,4.11,194.18
2024-11,Indonesia,Instagram,40.43,83.29,53.5,1.73,144.1
2024-12,Indonesia,Instagram,39.35,56.18,32.4,4.03,226.39
2024-01,Indonesia,WhatsApp,53.93,75.38,10.9,5.47,412.31
2024-02,Indonesia,WhatsApp,54.54,97.21,33.1,2.93,284.83
2024-03,Indonesia,WhatsApp,55.8,113.78,45.4,7.54,857.92
2024-04,Indonesia,WhatsApp,60.12,128.89,31.5,7.3,940.91
2024-05,Indonesia,WhatsApp,55.16,84.44,11.6,2.99,252.48
2024-06,Indonesia,WhatsApp,66.86,135.3,19.5,8.36,1131.08
2024-07,Indonesia,WhatsApp,65.8,141.37,13.9,5.87,829.82
2024-08,Indonesia,WhatsApp,61.92,105.64,38.4,9.64,1018.35
2024-09,Indonesia,WhatsApp,67.64,121.89,15.7,3.66,446.1
2024-10,Indonesia,WhatsApp,60.62,106.68,49.0,4.67,498.2
2024-11,Indonesia,WhatsApp,60.87,100.31,54.6,2.74,274.84
2024-12,Indonesia,WhatsApp,63.08,90.5,26.9,7.98,722.19
2024-01,Indonesia,Threads,7.52,13.01,12.5,9.04,117.57
2024-02,Indonesia,Threads,7.5,13.84,34.6,3.27,45.24
2024-03,Indonesia,Threads,7.66,11.81,14.3,9.95,117.49
2024-04,Indonesia,Threads,7.62,10.96,25.3,4.93,54.04
2024-05,Indonesia,Threads,7.82,12.96,17.4,10.78,139.72
2024-06,Indonesia,Threads,6.97,14.49,27.6,7.42,107.53
2024-07,Indonesia,Threads,6.94,9.9,33.4,3.17,31.39
2024-08,Indonesia,Threads,7.95,16.55,42.6,1.74,28.8
2024-09,Indonesia,Threads,6.69,10.64,44.9,1.36,14.47
2024-10,Indonesia,Threads,9.21,12.75,34.9,6.01,76.61
2024-11,Indonesia,Threads,9.71,13.47,20.4,11.4,153.52
2024-12,Indonesia,Threads,6.54,8.8,15.7,3.68,32.37
2024-01,Indonesia,Messenger,7.13,9.57,22.0,4.41,42.21
2024-02,Indonesia,Messenger,7.18,14.47,45.0,1.19,17.22
2024-03,Indonesia,Messenger,7.4,10.17,13.6,6.88,69.95
2024-04,Indonesia,Messenger,6.87,9.73,41.6,0.72,7.01
2024-05,Indonesia,Messenger,6.86,9.97,25.7,8.57,85.41
2024-06,Indonesia,Messenger,8.16,14.14,14.7,5.15,72.85
2024-07,Indonesia,Messenger,8.43,15.35,10.9,12.1,185.77
2024-08,Indonesia,Messenger,8.03,13.12,47.0,5.45,71.51
2024-09,Indonesia,Messenger,6.94,9.82,21.2,4.96,48.7
2024-10,Indonesia,Messenger,7.27,11.22,38.0,6.8,76.28
2024-11,Indonesia,Messenger,6.64,11.22,44.8,8.45,94.79
2024-12,Indonesia,Messenger,8.1,17.5,38.9,8.26,144.57
2024-01,Brasil,Facebook,67.93,124.13,46.7,4.37,542.46
2024-02,Brasil,Facebook,65.69,103.4,10.5,5.28,545.93
2024-03,Brasil,Facebook,66.38,130.19,38.8,0.56,72.91
2024-04,Brasil,Facebook,72.17,126.92,22.0,10.98,1393.55
2024-05,Brasil,Facebook,74.23,117.03,40.7,10.42,1219.48
2024-06,Brasil,Facebook,71.34,150.34,54.7,0.53,79.68
2024-07,Brasil,Facebook,68.27,107.79,34.0,9.44,1017.57
2024-08,Brasil,Facebook,98.41,212.06,36.9,8.65,1834.28
2024-09,Brasil,Facebook,65.04,90.6,29.5,2.31,209.29
2024-10,Brasil,Facebook,83.04,113.31,12.7,9.05,1025.46
2024-11,Brasil,Facebook,62.93,139.21,20.2,10.24,1425.51
2024-12,Brasil,Facebook,77.91,159.26,42.7,5.09,810.63
2024-01,Brasil,Instagram,14.98,21.76,44.8,9.16,199.31
2024-02,Brasil,Instagram,14.71,25.04,54.6,3.47,86.87
2024-03,Brasil,Instagram,14.81,26.23,28.4,2.55,66.87
2024-04,Brasil,Instagram,16.55,27.82,43.9,1.81,50.35
2024-05,Brasil,Instagram,13.98,22.67,62.2,5.16,116.98
2024-06,Brasil,Instagram,15.49,28.62,42.3,11.06,316.53
2024-07,Brasil,Instagram,15.9,23.97,59.0,11.04,264.64
2024-08,Brasil,Instagram,12.8,25.16,40.6,11.85,298.09
2024-09,Brasil,Instagram,13.19,24.02,39.9,1.16,27.86
2024-10,Brasil,Instagram,13.92,28.13,11.2,8.71,245.04
2024-11,Brasil,Instagram,12.8,25.58,38.5,4.14,105.89
2024-12,Brasil,Instagram,16.97,31.16,9.8,8.32,259.26
2024-01,Brasil,WhatsApp,15.92,31.4,23.6,2.26,70.96
2024-02,Brasil,WhatsApp,16.38,31.31,10.9,10.41,325.95
2024-03,Brasil,WhatsApp,15.93,33.28,32.5,1.84,61.23
2024-04,Brasil,WhatsApp,16.68,35.61,29.8,11.26,401.02
2024-05,Brasil,WhatsApp,15.99,31.32,36.2,11.67,365.53
2024-06,Brasil,WhatsApp,16.55,25.67,15.2,7.79,199.96
2024-07,Brasil,WhatsApp,16.96,26.75,12.2,6.45,172.51
2024-08,Brasil,WhatsApp,13.84,21.14,43.1,10.16,214.81
2024-09,Brasil,WhatsApp,13.93,23.7,39.5,0.64,15.17
2024-10,Brasil,WhatsApp,16.82,26.5,27.8,5.41,143.37
2024-11,Brasil,WhatsApp,17.45,24.93,46.0,6.28,156.56
2024-12,Brasil,WhatsApp,13.07,17.81,37.8,6.66,118.64
2024-01,Brasil,Threads,9.5,14.3,34.0,10.47,149.75
2024-02,Brasil,Threads,9.4,16.14,15.9,7.04,113.62
2024-03,Brasil,Threads,10.08,16.61,49.9,1.49,24.75
2024-04,Brasil,Threads,10.06,14.18,52.2,5.31,75.28
2024-05,Brasil,Threads,10.42,18.09,29.4,6.39,115.57
2024-06,Brasil,Threads,10.14,18.64,38.8,7.56,140.93
2024-07,Brasil,Threads,10.46,18.57,23.8,4.46,82.81
2024-08,Brasil,Threads,11.19,19.68,36.5,6.42,126.35
2024-09,Brasil,Threads,10.31,18.38,28.4,10.1,185.62
2024-10,Brasil,Threads,10.21,16.25,26.8,11.74,190.82
2024-11,Brasil,Threads,11.42,25.21,47.5,8.49,214.04
2024-12,Brasil,Threads,12.64,24.27,15.0,7.64,185.43
2024-01,Brasil,Messenger,21.62,40.89,38.0,3.28,134.13
2024-02,Brasil,Messenger,21.88,47.1,26.4,2.41,113.52
2024-03,Brasil,Messenger,22.9,42.01,44.3,1.74,73.1
2024-04,Brasil,Messenger,21.46,34.17,9.0,0.84,28.7
2024-05,Brasil,Messenger,22.93,36.24,53.2,1.47,53.27
2024-06,Brasil,Messenger,21.24,32.29,39.5,6.35,205.07
2024-07,Brasil,Messenger,23.69,39.45,47.4,3.44,135.72
2024-08,Brasil,Messenger,22.38,29.88,50.8,3.91,116.84
2024-09,Brasil,Messenger,25.67,53.63,39.9,4.35,233.29
2024-10,Brasil,Messenger,24.3,42.36,8.4,3.08,130.48
2024-11,Brasil,Messenger,21.47,37.13,47.5,8.89,330.13
2024-12,Brasil,Messenger,21.92,31.68,25.5,6.23,197.34
2024-01,Mexico,Facebook,9.65,14.49,36.7,6.34,91.87
2024-02,Mexico,Facebook,9.97,14.7,17.8,7.4,108.78
2024-03,Mexico,Facebook,10.32,17.27,30.9,2.48,42.82
2024-04,Mexico,Facebook,10.72,21.2,34.8,7.7,163.23
2024-05,Mexico,Facebook,10.63,17.65,48.5,3.97,70.09
2024-06,Mexico,Facebook,10.92,18.7,28.7,1.57,29.36
2024-07,Mexico,Facebook,11.21,22.85,50.8,3.21,73.34
2024-08,Mexico,Facebook,11.07,15.42,50.1,4.55,70.14
2024-09,Mexico,Facebook,9.95,19.84,20.8,6.62,131.36
2024-10,Mexico,Facebook,14.06,21.36,17.2,4.18,89.28
2024-11,Mexico,Facebook,9.99,16.63,34.8,8.33,138.51
2024-12,Mexico,Facebook,10.36,15.72,15.2,7.74,121.7
2024-01,Mexico,Instagram,48.52,81.73,19.2,6.41,523.87
2024-02,Mexico,Instagram,49.11,88.76,31.6,4.83,428.69
2024-03,Mexico,Instagram,46.73,71.13,46.1,4.42,314.39
2024-04,Mexico,Instagram,48.76,66.71,32.8,3.94,262.85
2024-05,Mexico,Instagram,52.35,93.57,47.6,0.41,38.36
2024-06,Mexico,Instagram,44.18,91.9,66.0,5.39,495.35
2024-07,Mexico,Instagram,48.86,78.97,28.3,8.02,633.36
2024-08,Mexico,Instagram,52.22,86.73,33.8,8.37,725.89
2024-09,Mexico,Instagram,50.91,84.26,32.0,2.93,246.88
2024-10,Mexico,Instagram,62.5,99.78,57.4,4.78,476.95
2024-11,Mexico,Instagram,58.14,98.01,52.6,3.66,358.7
2024-12,Mexico,Instagram,63.01,114.96,48.7,7.53,865.62
2024-01,Mexico,WhatsApp,54.89,82.93,17.7,0.77,63.85
2024-02,Mexico,WhatsApp,56.11,81.03,9.1,7.98,646.66
2024-03,Mexico,WhatsApp,58.01,80.4,45.0,7.6,611.03
2024-04,Mexico,WhatsApp,58.86,79.3,37.6,2.14,169.71
2024-05,Mexico,WhatsApp,56.34,83.39,15.4,7.83,652.95
2024-06,Mexico,WhatsApp,62.75,88.03,30.7,7.11,625.88
2024-07,Mexico,WhatsApp,69.02,119.7,40.7,2.14,256.16
2024-08,Mexico,WhatsApp,54.76,78.68,21.9,0.5,39.34
2024-09,Mexico,WhatsApp,56.07,111.91,46.5,2.41,269.71
2024-10,Mexico,WhatsApp,69.58,93.83,50.7,5.16,484.16
2024-11,Mexico,WhatsApp,59.0,85.24,41.0,8.22,700.69
2024-12,Mexico,WhatsApp,61.01,130.47,54.9,7.09,925.04
2024-01,Mexico,Threads,2.86,6.35,34.2,3.24,20.58
2024-02,Mexico,Threads,2.89,5.53,20.9,3.98,21.99
2024-03,Mexico,Threads,2.75,4.67,35.1,6.06,28.27
2024-04,Mexico,Threads,3.02,5.77,9.8,7.04,40.64
2024-05,Mexico,Threads,3.26,4.38,53.1,5.43,23.78
2024-06,Mexico,Threads,2.97,5.08,45.0,8.04,40.84
2024-07,Mexico,Threads,3.16,5.5,25.8,2.66,14.63
2024-08,Mexico,Threads,3.47,4.98,41.0,2.32,11.56
2024-09,Mexico,Threads,3.25,5.76,34.2,3.3,19.01
2024-10,Mexico,Threads,3.08,4.61,42.4,6.4,29.48
2024-11,Mexico,Threads,3.13,4.77,19.2,4.17,19.88
2024-12,Mexico,Threads,2.54,3.87,50.9,2.77,10.73
2024-01,Mexico,Messenger,27.67,44.94,46.9,6.16,276.85
2024-02,Mexico,Messenger,27.39,39.44,21.0,8.34,328.93
2024-03,Mexico,Messenger,27.59,47.64,10.2,2.76,131.49
2024-04,Mexico,Messenger,29.38,39.95,47.1,3.51,140.24
2024-05,Mexico,Messenger,31.01,51.23,25.7,1.3,66.6
2024-06,Mexico,Messenger,33.33,67.21,17.7,6.41,430.8
2024-07,Mexico,Messenger,29.59,50.93,36.1,8.08,411.47
2024-08,Mexico,Messenger,29.9,46.45,43.0,6.13,284.76
2024-09,Mexico,Messenger,33.95,56.69,34.6,4.04,229.04
2024-10,Mexico,Messenger,31.03,58.42,24.7,3.77,220.25
2024-11,Mexico,Messenger,36.68,61.14,13.1,3.05,186.48
2024-12,Mexico,Messenger,30.78,46.49,23.6,0.36,16.74
2024-01,Filipinas,Facebook,28.58,47.77,35.0,7.21,344.4
2024-02,Filipinas,Facebook,29.06,63.26,25.9,6.17,390.34
2024-03,Filipinas,Facebook,29.38,40.39,32.9,0.96,38.77
2024-04,Filipinas,Facebook,30.48,42.23,54.6,6.68,282.08
2024-05,Filipinas,Facebook,31.59,46.41,18.4,3.13,145.27
2024-06,Filipinas,Facebook,34.57,46.67,28.6,3.96,184.82
2024-07,Filipinas,Facebook,25.08,43.93,11.0,6.65,292.15
2024-08,Filipinas,Facebook,31.46,48.03,20.8,3.81,182.98
2024-09,Filipinas,Facebook,29.84,52.36,33.7,5.03,263.36
2024-10,Filipinas,Facebook,32.93,59.92,35.5,6.97,417.62
2024-11,Filipinas,Facebook,34.16,48.14,53.0,6.57,316.3
2024-12,Filipinas,Facebook,37.49,56.23,30.6,4.71,264.85
2024-01,Filipinas,Instagram,48.31,70.24,38.2,1.59,111.68
2024-02,Filipinas,Instagram,48.59,70.66,41.7,6.49,458.57
2024-03,Filipinas,Instagram,50.52,69.77,46.2,6.24,435.34
2024-04,Filipinas,Instagram,49.33,84.49,60.9,0.65,54.92
2024-05,Filipinas,Instagram,51.18,74.82,51.6,6.6,493.81
2024-06,Filipinas,Instagram,58.45,79.63,37.7,4.91,390.96
2024-07,Filipinas,Instagram,61.53,93.15,15.4,3.0,279.46
2024-08,Filipinas,Instagram,46.83,69.24,40.3,6.05,418.88
2024-09,Filipinas,Instagram,64.82,122.42,44.3,4.41,539.86
2024-10,Filipinas,Instagram,64.35,107.8,40.5,6.34,683.43
2024-11,Filipinas,Instagram,66.88,141.01,37.1,6.5,916.58
2024-12,Filipinas,Instagram,45.62,83.6,61.5,1.43,119.55
2024-01,Filipinas,WhatsApp,12.62,18.8,47.3,0.71,13.35
2024-02,Filipinas,WhatsApp,12.83,19.27,50.0,6.96,134.1
2024-03,Filipinas,WhatsApp,12.91,25.47,22.8,7.23,184.15
2024-04,Filipinas,WhatsApp,13.61,22.25,51.0,6.77,150.63
2024-05,Filipinas,WhatsApp,12.3,17.21,13.4,5.9,101.52
2024-06,Filipinas,WhatsApp,12.17,26.2,18.5,6.17,161.63
2024-07,Filipinas,WhatsApp,12.95,27.2,20.6,2.68,72.89
2024-08,Filipinas,WhatsApp,14.27,20.01,39.1,5.73,114.63
2024-09,Filipinas,WhatsApp,14.0,24.22,22.9,6.6,159.84
2024-10,Filipinas,WhatsApp,14.91,25.84,53.7,0.38,9.82
2024-11,Filipinas,WhatsApp,16.38,24.0,24.9,7.11,170.67
2024-12,Filipinas,WhatsApp,16.38,23.78,17.5,1.74,41.38
2024-01,Filipinas,Threads,4.72,7.54,37.8,0.35,2.64
2024-02,Filipinas,Threads,4.71,10.01,46.5,2.03,20.32
2024-03,Filipinas,Threads,4.92,7.77,35.4,3.32,25.79
2024-04,Filipinas,Threads,4.85,8.3,42.7,2.02,16.76
2024-05,Filipinas,Threads,5.49,12.08,50.7,7.33,88.52
2024-06,Filipinas,Threads,4.98,8.48,27.4,6.53,55.35
2024-07,Filipinas,Threads,4.6,7.26,17.5,0.85,6.18
2024-08,Filipinas,Threads,4.62,7.26,47.1,6.55,47.57
2024-09,Filipinas,Threads,5.07,8.29,51.0,6.22,51.59
2024-10,Filipinas,Threads,5.06,6.76,27.0,5.6,37.85
2024-11,Filipinas,Threads,6.03,12.01,37.9,3.45,41.42
2024-12,Filipinas,Threads,6.08,12.07,43.0,5.46,65.9
2024-01,Filipinas,Messenger,16.58,26.87,12.7,2.79,74.97
2024-02,Filipinas,Messenger,16.42,22.97,27.5,4.72,108.41
2024-03,Filipinas,Messenger,16.99,34.61,25.1,0.98,33.91
2024-04,Filipinas,Messenger,17.43,23.65,38.9,4.92,116.35
2024-05,Filipinas,Messenger,17.01,23.32,30.2,2.26,52.71
2024-06,Filipinas,Messenger,18.49,32.05,25.5,0.53,16.99
2024-07,Filipinas,Messenger,18.28,26.38,30.7,7.36,194.18
2024-08,Filipinas,Messenger,16.52,26.03,41.8,4.89,127.28
2024-09,Filipinas,Messenger,18.76,30.08,40.4,6.68,200.95
2024-10,Filipinas,Messenger,18.83,32.03,37.9,2.61,83.59
2024-11,Filipinas,Messenger,17.22,23.28,17.2,2.0,46.55
2024-12,Filipinas,Messenger,27.05,57.17,9.6,0.75,42.88
2024-01,Vietnam,Facebook,22.81,41.29,28.1,4.3,177.53
2024-02,Vietnam,Facebook,23.21,40.03,26.2,2.56,102.47
2024-03,Vietnam,Facebook,23.2,51.17,49.7,6.85,350.49
2024-04,Vietnam,Facebook,25.92,57.38,43.3,4.12,236.39
2024-05,Vietnam,Facebook,22.83,31.28,44.5,1.23,38.47
2024-06,Vietnam,Facebook,25.63,52.53,29.4,1.32,69.34
2024-07,Vietnam,Facebook,24.73,33.41,34.9,2.0,66.82
2024-08,Vietnam,Facebook,23.29,32.68,51.1,6.55,214.04
2024-09,Vietnam,Facebook,25.6,39.9,24.1,6.5,259.36
2024-10,Vietnam,Facebook,34.55,69.01,28.4,2.16,149.07
2024-11,Vietnam,Facebook,28.25,39.15,31.1,3.99,156.2
2024-12,Vietnam,Facebook,27.8,41.98,12.7,0.58,24.35
2024-01,Vietnam,Instagram,29.76,52.0,28.4,0.6,31.2
2024-02,Vietnam,Instagram,29.69,51.51,34.7,6.28,323.5
2024-03,Vietnam,Instagram,29.72,57.62,46.7,1.14,65.69
2024-04,Vietnam,Instagram,29.96,45.1,16.7,2.14,96.51
2024-05,Vietnam,Instagram,31.15,46.38,62.0,6.2,287.57
2024-06,Vietnam,Instagram,33.03,51.63,31.0,4.96,256.08
2024-07,Vietnam,Instagram,29.14,64.7,14.9,5.45,352.64
2024-08,Vietnam,Instagram,30.7,48.74,58.0,5.25,255.9
2024-09,Vietnam,Instagram,33.42,65.2,61.6,4.07,265.38
2024-10,Vietnam,Instagram,31.13,42.49,21.7,3.24,137.68
2024-11,Vietnam,Instagram,25.85,53.04,32.1,4.97,263.59
2024-12,Vietnam,Instagram,28.22,42.96,55.0,6.17,265.09
2024-01,Vietnam,WhatsApp,3.08,6.23,40.8,2.76,17.21
2024-02,Vietnam,WhatsApp,3.18,6.18,38.3,1.1,6.8
2024-03,Vietnam,WhatsApp,3.19,5.02,23.8,5.0,25.11
2024-04,Vietnam,WhatsApp,3.1,4.86,42.3,5.61,27.28
2024-05,Vietnam,WhatsApp,3.05,6.44,34.9,5.3,34.11
2024-06,Vietnam,WhatsApp,3.59,6.79,20.5,4.11,27.92
2024-07,Vietnam,WhatsApp,3.72,5.73,36.7,4.69,26.85
2024-08,Vietnam,WhatsApp,3.32,4.88,39.2,1.13,5.52
2024-09,Vietnam,WhatsApp,3.11,5.76,52.0,2.45,14.11
2024-10,Vietnam,WhatsApp,3.51,7.13,9.5,2.97,21.18
2024-11,Vietnam,WhatsApp,3.08,5.26,47.4,0.57,3.0
2024-12,Vietnam,WhatsApp,3.12,4.54,39.7,6.01,27.31
2024-01,Vietnam,Threads,2.83,4.33,15.9,5.76,24.94
2024-02,Vietnam,Threads,2.83,5.92,44.0,5.01,29.64
2024-03,Vietnam,Threads,2.87,4.0,21.1,4.58,18.32
2024-04,Vietnam,Threads,2.68,5.13,30.2,6.39,32.79
2024-05,Vietnam,Threads,2.42,3.32,30.9,6.28,20.84
2024-06,Vietnam,Threads,3.43,5.26,44.3,0.7,3.69
2024-07,Vietnam,Threads,3.01,4.14,52.9,6.79,28.08
2024-08,Vietnam,Threads,3.12,4.88,34.0,4.35,21.23
2024-09,Vietnam,Threads,2.94,6.17,37.1,2.37,14.63
2024-10,Vietnam,Threads,3.29,6.48,45.7,6.76,43.82
2024-11,Vietnam,Threads,3.14,4.28,49.5,1.72,7.36
2024-12,Vietnam,Threads,3.43,6.68,12.5,4.18,27.94
2024-01,Vietnam,Messenger,8.71,13.73,24.9,6.9,94.76
2024-02,Vietnam,Messenger,8.7,12.73,45.2,6.85,87.18
2024-03,Vietnam,Messenger,9.14,12.81,11.0,3.99,51.1
2024-04,Vietnam,Messenger,8.99,19.5,12.1,0.4,7.8
2024-05,Vietnam,Messenger,8.65,18.56,27.9,5.74,106.52
2024-06,Vietnam,Messenger,8.19,12.56,9.5,5.92,74.38
2024-07,Vietnam,Messenger,9.05,16.73,32.3,6.53,109.24
2024-08,Vietnam,Messenger,8.1,11.83,42.3,3.81,45.06
2024-09,Vietnam,Messenger,9.07,18.39,20.7,6.9,126.86
2024-10,Vietnam,Messenger,7.67,14.03,19.3,1.8,25.25
2024-11,Vietnam,Messenger,7.07,13.67,38.5,0.76,10.39
2024-12,Vietnam,Messenger,11.58,21.72,44.5,2.43,52.79
2024-01,Nigeria,Facebook,33.45,61.7,42.4,2.18,134.5
2024-02,Nigeria,Facebook,33.84,57.81,51.6,6.88,397.75
2024-03,Nigeria,Facebook,33.91,46.8,14.4,4.67,218.55
2024-04,Nigeria,Facebook,32.9,61.71,32.6,5.26,324.6
2024-05,Nigeria,Facebook,38.67,54.39,34.3,6.5,353.57
2024-06,Nigeria,Facebook,35.75,50.73,18.8,3.84,194.82
2024-07,Nigeria,Facebook,40.95,55.13,8.5,2.46,135.63
2024-08,Nigeria,Facebook,34.67,64.62,46.4,0.55,35.54
2024-09,Nigeria,Facebook,31.13,46.92,27.1,1.22,57.24
2024-10,Nigeria,Facebook,42.11,69.4,54.1,5.3,367.82
2024-11,Nigeria,Facebook,56.07,110.83,43.8,3.97,439.99
2024-12,Nigeria,Facebook,29.46,49.91,18.0,0.56,27.95
2024-01,Nigeria,Instagram,38.13,76.44,46.0,5.23,399.8
2024-02,Nigeria,Instagram,38.4,70.44,59.3,4.59,323.31
2024-03,Nigeria,Instagram,37.43,57.97,50.3,1.23,71.3
2024-04,Nigeria,Instagram,37.9,70.75,56.8,6.28,444.31
2024-05,Nigeria,Instagram,40.41,64.2,15.8,3.19,204.8
2024-06,Nigeria,Instagram,35.01,73.78,15.9,6.96,513.52
2024-07,Nigeria,Instagram,43.79,78.92,23.8,4.61,363.82
2024-08,Nigeria,Instagram,35.86,52.19,38.5,0.35,18.27
2024-09,Nigeria,Instagram,49.92,107.01,56.2,1.02,109.15
2024-10,Nigeria,Instagram,59.31,100.87,20.6,3.89,392.39
2024-11,Nigeria,Instagram,39.11,53.15,14.6,4.14,220.05
2024-12,Nigeria,Instagram,37.91,77.64,45.5,6.08,472.04
2024-01,Nigeria,WhatsApp,25.18,37.8,26.5,6.46,244.17
2024-02,Nigeria,WhatsApp,24.66,39.45,44.0,6.14,242.2
2024-03,Nigeria,WhatsApp,25.84,54.34,42.1,1.63,88.58
2024-04,Nigeria,WhatsApp,25.78,39.05,16.5,5.87,229.22
2024-05,Nigeria,WhatsApp,24.52,39.99,53.7,4.68,187.14
2024-06,Nigeria,WhatsApp,25.42,55.87,17.4,0.43,24.02
2024-07,Nigeria,WhatsApp,24.28,43.88,32.9,4.91,215.46
2024-08,Nigeria,WhatsApp,29.2,46.31,51.1,1.5,69.47
2024-09,Nigeria,WhatsApp,28.83,62.17,33.0,5.26,327.02
2024-10,Nigeria,WhatsApp,26.5,48.18,49.3,1.77,85.28
2024-11,Nigeria,WhatsApp,22.13,34.92,15.7,5.26,183.66
2024-12,Nigeria,WhatsApp,30.29,62.62,52.6,3.57,223.57
2024-01,Nigeria,Threads,6.83,13.91,42.8,4.8,66.78
2024-02,Nigeria,Threads,6.93,10.28,31.7,2.6,26.74
2024-03,Nigeria,Threads,6.8,10.7,31.8,5.47,58.55
2024-04,Nigeria,Threads,6.86,9.37,46.4,2.67,25.02
2024-05,Nigeria,Threads,6.67,9.05,50.1,1.54,13.94
2024-06,Nigeria,Threads,7.28,13.01,49.4,6.51,84.7
2024-07,Nigeria,Threads,7.51,14.1,49.7,0.47,6.63
2024-08,Nigeria,Threads,7.87,13.97,33.2,4.03,56.3
2024-09,Nigeria,Threads,9.42,18.42,45.8,0.76,14.0
2024-10,Nigeria,Threads,7.95,15.66,23.0,2.12,33.2
2024-11,Nigeria,Threads,6.93,11.8,22.1,5.86,69.16
2024-12,Nigeria,Threads,8.52,12.53,19.7,6.45,80.81
2024-01,Nigeria,Messenger,1.64,2.58,35.1,5.75,14.83
2024-02,Nigeria,Messenger,1.64,2.85,48.6,6.25,17.79
2024-03,Nigeria,Messenger,1.75,2.83,43.9,5.51,15.58
2024-04,Nigeria,Messenger,1.68,2.39,27.5,4.64,11.07
2024-05,Nigeria,Messenger,1.55,3.19,46.6,4.31,13.73
2024-06,Nigeria,Messenger,1.9,2.92,21.3,0.72,2.1
2024-07,Nigeria,Messenger,2.06,3.07,32.3,0.29,0.89
2024-08,Nigeria,Messenger,1.65,3.64,51.5,2.05,7.46
2024-09,Nigeria,Messenger,2.2,4.85,12.6,3.3,15.99
2024-10,Nigeria,Messenger,1.83,2.49,32.5,2.65,6.6
2024-11,Nigeria,Messenger,2.01,3.21,25.9,6.39,20.53
2024-12,Nigeria,Messenger,2.42,3.56,47.9,0.91,3.24
2024-01,Egipto,Facebook,35.63,57.5,49.0,1.46,83.95
2024-02,Egipto,Facebook,35.81,62.92,35.9,1.97,123.94
2024-03,Egipto,Facebook,35.7,76.82,11.1,2.44,187.44
2024-04,Egipto,Facebook,35.21,55.46,9.8,1.11,61.57
2024-05,Egipto,Facebook,40.64,69.81,19.6,0.94,65.62
2024-06,Egipto,Facebook,32.02,47.57,40.2,1.69,80.39
2024-07,Egipto,Facebook,34.68,54.74,36.9,1.35,73.9
2024-08,Egipto,Facebook,33.45,56.46,19.2,3.92,221.34
2024-09,Egipto,Facebook,43.38,87.53,15.1,0.89,77.91
2024-10,Egipto,Facebook,36.72,81.43,33.5,1.81,147.39
2024-11,Egipto,Facebook,35.93,49.17,48.8,3.31,162.75
2024-12,Egipto,Facebook,34.09,51.7,51.4,2.84,146.82
2024-01,Egipto,Instagram,5.38,11.86,52.7,0.66,7.83
2024-02,Egipto,Instagram,5.52,8.07,48.5,3.23,26.06
2024-03,Egipto,Instagram,5.63,7.98,35.4,5.58,44.54
2024-04,Egipto,Instagram,5.85,11.66,57.3,2.44,28.44
2024-05,Egipto,Instagram,6.26,12.95,11.9,3.45,44.69
2024-06,Egipto,Instagram,5.87,10.28,14.7,2.22,22.83
2024-07,Egipto,Instagram,6.12,9.52,46.4,0.76,7.24
2024-08,Egipto,Instagram,5.54,8.62,24.2,2.4,20.68
2024-09,Egipto,Instagram,7.55,13.22,11.3,1.4,18.51
2024-10,Egipto,Instagram,5.64,10.76,55.7,2.72,29.26
2024-11,Egipto,Instagram,4.53,6.65,31.2,1.49,9.91
2024-12,Egipto,Instagram,6.64,10.2,36.1,4.57,46.61
2024-01,Egipto,WhatsApp,12.29,22.78,17.4,4.68,106.6
2024-02,Egipto,WhatsApp,12.74,17.68,9.3,3.02,53.41
2024-03,Egipto,WhatsApp,12.38,18.11,17.9,3.26,59.03
2024-04,Egipto,WhatsApp,13.24,20.53,16.4,4.5,92.4
2024-05,Egipto,WhatsApp,12.37,27.25,30.9,4.59,125.07
2024-06,Egipto,WhatsApp,13.74,20.28,41.2,2.67,54.16
2024-07,Egipto,WhatsApp,12.16,18.2,25.3,1.12,20.38
2024-08,Egipto,WhatsApp,12.03,16.87,21.3,1.47,24.79
2024-09,Egipto,WhatsApp,13.22,28.33,53.9,3.1,87.81
2024-10,Egipto,WhatsApp,15.36,22.52,24.6,4.51,101.57
2024-11,Egipto,WhatsApp,15.77,23.45,41.5,2.53,59.33
2024-12,Egipto,WhatsApp,12.76,26.77,43.2,2.15,57.57
2024-01,Egipto,Threads,4.25,6.73,9.2,4.1,27.58
2024-02,Egipto,Threads,4.34,6.75,48.5,4.66,31.45
2024-03,Egipto,Threads,4.61,8.34,30.3,4.78,39.86
2024-04,Egipto,Threads,4.47,9.05,16.5,2.07,18.73
2024-05,Egipto,Threads,4.5,6.32,35.3,0.81,5.12
2024-06,Egipto,Threads,4.74,6.71,24.3,0.76,5.1
2024-07,Egipto,Threads,4.64,6.71,31.2,1.13,7.58
2024-08,Egipto,Threads,4.72,6.41,28.3,2.58,16.54
2024-09,Egipto,Threads,4.74,8.75,46.3,4.45,38.93
2024-10,Egipto,Threads,4.19,5.83,25.9,4.87,28.42
2024-11,Egipto,Threads,4.52,8.15,48.2,5.07,41.31
2024-12,Egipto,Threads,4.64,7.13,46.3,4.02,28.65
2024-01,Egipto,Messenger,6.39,9.85,35.6,4.98,49.06
2024-02,Egipto,Messenger,6.36,12.64,18.1,4.77,60.3
2024-03,Egipto,Messenger,6.5,9.15,10.6,2.31,21.13
2024-04,Egipto,Messenger,6.45,11.27,46.7,0.74,8.34
2024-05,Egipto,Messenger,6.74,10.79,49.9,0.71,7.66
2024-06,Egipto,Messenger,6.48,10.01,54.1,4.78,47.83
2024-07,Egipto,Messenger,6.07,10.04,34.5,4.84,48.58
2024-08,Egipto,Messenger,8.22,11.9,46.5,4.95,58.91
2024-09,Egipto,Messenger,7.82,14.54,53.9,3.14,45.67
2024-10,Egipto,Messenger,7.98,13.28,38.4,4.67,62.03
2024-11,Egipto,Messenger,7.8,16.79,29.3,0.31,5.21
2024-12,Egipto,Messenger,7.31,14.55,37.4,3.28,47.72
2024-01,Espana,Facebook,20.36,31.92,12.2,1.91,60.98
2024-02,Espana,Facebook,20.88,38.13,43.7,1.68,64.07
2024-03,Espana,Facebook,21.31,43.13,44.2,1.04,44.85
2024-04,Espana,Facebook,21.38,39.14,38.0,1.18,46.18
2024-05,Espana,Facebook,21.66,34.82,53.0,3.54,123.28
2024-06,Espana,Facebook,24.21,34.64,18.3,3.16,109.47
2024-07,Espana,Facebook,21.18,31.47,9.2,2.2,69.23
2024-08,Espana,Facebook,22.78,38.72,19.2,2.37,91.77
2024-09,Espana,Facebook,28.78,56.21,25.3,4.85,272.6
2024-10,Espana,Facebook,22.9,49.76,32.9,0.48,23.88
2024-11,Espana,Facebook,19.62,33.68,27.7,1.46,49.17
2024-12,Espana,Facebook,27.43,55.58,45.6,2.5,138.96
2024-01,Espana,Instagram,18.6,36.8,19.5,2.16,79.48
2024-02,Espana,Instagram,18.64,39.87,54.4,2.54,101.26
2024-03,Espana,Instagram,18.68,30.17,12.8,1.36,41.03
2024-04,Espana,Instagram,19.21,33.49,41.2,4.64,155.41
2024-05,Espana,Instagram,20.48,35.02,30.0,0.68,23.81
2024-06,Espana,Instagram,18.24,24.7,27.2,4.65,114.87
2024-07,Espana,Instagram,21.52,28.91,56.7,1.19,34.4
2024-08,Espana,Instagram,23.49,34.06,27.6,1.85,63.02
2024-09,Espana,Instagram,20.0,40.48,16.3,1.36,55.05
2024-10,Espana,Instagram,18.7,33.4,38.2,1.1,36.74
2024-11,Espana,Instagram,17.49,27.12,15.7,3.33,90.29
2024-12,Espana,Instagram,22.45,34.47,31.1,4.17,143.74
2024-01,Espana,WhatsApp,4.42,8.34,10.0,2.83,23.59
2024-02,Espana,WhatsApp,4.37,7.43,45.7,3.92,29.13
2024-03,Espana,WhatsApp,4.57,6.14,29.8,0.36,2.21
2024-04,Espana,WhatsApp,4.26,8.25,16.3,0.51,4.21
2024-05,Espana,WhatsApp,4.41,8.04,22.2,2.98,23.97
2024-06,Espana,WhatsApp,4.65,6.35,12.4,0.89,5.65
2024-07,Espana,WhatsApp,5.83,12.17,25.4,3.13,38.08
2024-08,Espana,WhatsApp,4.46,8.66,39.4,3.23,27.96
2024-09,Espana,WhatsApp,4.29,7.88,43.3,3.73,29.41
2024-10,Espana,WhatsApp,3.9,6.12,39.7,1.47,9.0
2024-11,Espana,WhatsApp,4.45,7.66,44.4,0.18,1.38
2024-12,Espana,WhatsApp,4.92,9.74,38.4,3.39,33.03
2024-01,Espana,Threads,3.33,6.12,22.7,3.7,22.64
2024-02,Espana,Threads,3.37,4.94,38.8,4.35,21.5
2024-03,Espana,Threads,3.4,5.65,9.8,4.49,25.38
2024-04,Espana,Threads,3.56,5.59,42.4,1.52,8.5
2024-05,Espana,Threads,3.09,4.48,12.2,4.71,21.09
2024-06,Espana,Threads,3.59,4.86,46.0,1.57,7.63
2024-07,Espana,Threads,3.77,7.76,43.4,0.9,6.99
2024-08,Espana,Threads,3.89,8.25,41.4,1.05,8.66
2024-09,Espana,Threads,3.35,6.7,22.4,4.62,30.94
2024-10,Espana,Threads,5.09,9.64,16.0,0.26,2.51
2024-11,Espana,Threads,2.95,6.11,9.3,0.66,4.03
2024-12,Espana,Threads,3.14,4.66,11.1,3.38,15.74
2024-01,Espana,Messenger,12.13,24.0,45.3,4.26,102.26
2024-02,Espana,Messenger,12.0,17.32,13.8,4.65,80.54
2024-03,Espana,Messenger,12.08,23.52,15.8,4.6,108.19
2024-04,Espana,Messenger,12.16,17.8,27.0,3.59,63.88
2024-05,Espana,Messenger,13.64,20.44,32.1,4.43,90.55
2024-06,Espana,Messenger,13.91,28.81,17.2,0.55,15.84
2024-07,Espana,Messenger,12.51,25.71,17.4,4.0,102.82
2024-08,Espana,Messenger,15.61,30.21,39.6,2.06,62.24
2024-09,Espana,Messenger,12.01,18.72,21.5,3.0,56.15
2024-10,Espana,Messenger,11.77,21.04,42.6,2.14,45.02
2024-11,Espana,Messenger,12.15,18.13,10.8,2.32,42.05
2024-12,Espana,Messenger,11.08,16.6,36.6,1.72,28.55
2024-01,Alemania,Facebook,36.83,69.14,12.7,9.62,665.13
2024-02,Alemania,Facebook,37.77,57.68,8.2,9.26,534.16
2024-03,Alemania,Facebook,37.49,58.96,17.6,17.0,1002.39
2024-04,Alemania,Facebook,35.53,47.77,33.7,3.57,170.53
2024-05,Alemania,Facebook,34.7,60.12,28.0,7.86,472.52
2024-06,Alemania,Facebook,39.55,63.42,50.0,11.03,699.5
2024-07,Alemania,Facebook,40.38,89.42,22.5,11.18,999.74
2024-08,Alemania,Facebook,45.47,76.65,39.5,17.52,1342.95
2024-09,Alemania,Facebook,39.51,57.06,34.7,5.33,304.11
2024-10,Alemania,Facebook,40.24,86.32,52.2,7.11,613.77
2024-11,Alemania,Facebook,46.87,63.69,9.7,8.02,510.77
2024-12,Alemania,Facebook,43.94,82.49,50.2,12.47,1028.66
2024-01,Alemania,Instagram,21.73,42.22,44.3,2.79,117.81
2024-02,Alemania,Instagram,21.97,31.11,40.9,5.29,164.59
2024-03,Alemania,Instagram,21.27,40.17,63.8,4.85,194.83
2024-04,Alemania,Instagram,22.32,44.69,48.3,12.33,551.0
2024-05,Alemania,Instagram,20.09,40.09,29.8,3.88,155.56
2024-06,Alemania,Instagram,20.89,30.33,51.8,4.09,124.05
2024-07,Alemania,Instagram,24.88,35.61,28.2,0.87,30.98
2024-08,Alemania,Instagram,26.08,42.55,10.4,9.12,388.05
2024-09,Alemania,Instagram,23.32,34.99,11.6,16.44,575.29
2024-10,Alemania,Instagram,25.96,35.62,54.9,4.24,151.04
2024-11,Alemania,Instagram,20.94,34.82,63.4,10.45,363.84
2024-12,Alemania,Instagram,29.22,44.26,24.6,15.38,680.75
2024-01,Alemania,WhatsApp,13.69,18.82,20.5,6.98,131.38
2024-02,Alemania,WhatsApp,13.82,26.94,52.6,13.28,357.75
2024-03,Alemania,WhatsApp,13.07,22.11,39.7,11.84,261.81
2024-04,Alemania,WhatsApp,14.49,20.82,10.7,12.72,264.84
2024-05,Alemania,WhatsApp,14.2,28.17,18.5,8.26,232.68
2024-06,Alemania,WhatsApp,14.31,23.56,33.0,7.11,167.49
2024-07,Alemania,WhatsApp,17.26,31.95,12.6,4.6,146.98
2024-08,Alemania,WhatsApp,14.65,30.51,46.8,2.87,87.57
2024-09,Alemania,WhatsApp,17.18,23.89,41.3,2.0,47.78
2024-10,Alemania,WhatsApp,15.75,29.19,39.6,12.06,352.06
2024-11,Alemania,WhatsApp,11.85,23.86,35.9,16.78,400.31
2024-12,Alemania,WhatsApp,13.21,26.26,45.4,18.4,483.17
2024-01,Alemania,Threads,1.14,2.4,36.3,17.12,41.15
2024-02,Alemania,Threads,1.14,2.16,34.8,9.3,20.06
2024-03,Alemania,Threads,1.17,2.45,37.3,6.73,16.48
2024-04,Alemania,Threads,1.17,1.8,28.7,14.72,26.48
2024-05,Alemania,Threads,1.22,1.65,52.4,2.82,4.66
2024-06,Alemania,Threads,1.22,2.54,32.4,1.32,3.35
2024-07,Alemania,Threads,1.1,1.97,31.9,4.74,9.34
2024-08,Alemania,Threads,1.1,2.15,34.0,7.68,16.47
2024-09,Alemania,Threads,1.11,1.68,25.8,11.96,20.04
2024-10,Alemania,Threads,1.16,1.86,48.7,3.98,7.39
2024-11,Alemania,Threads,1.51,3.21,50.4,13.61,43.76
2024-12,Alemania,Threads,1.58,2.27,41.9,9.26,21.02
2024-01,Alemania,Messenger,1.26,1.71,20.9,13.9,23.78
2024-02,Alemania,Messenger,1.28,1.71,10.2,10.66,18.24
2024-03,Alemania,Messenger,1.22,2.38,40.6,2.89,6.87
2024-04,Alemania,Messenger,1.3,2.7,21.5,3.47,9.37
2024-05,Alemania,Messenger,1.26,2.8,33.5,9.74,27.25
2024-06,Alemania,Messenger,1.29,2.79,24.4,13.72,38.31
2024-07,Alemania,Messenger,1.31,2.54,40.1,1.17,2.97
2024-08,Alemania,Messenger,1.39,2.66,32.5,4.58,12.17
2024-09,Alemania,Messenger,1.32,2.3,32.0,1.26,2.9
2024-10,Alemania,Messenger,1.38,1.87,17.5,3.93,7.34
2024-11,Alemania,Messenger,1.34,2.34,22.2,10.74,25.16
2024-12,Alemania,Messenger,1.62,2.77,37.4,12.4,34.39
2024-01,Francia,Facebook,20.72,29.0,43.5,4.92,142.67
2024-02,Francia,Facebook,21.16,40.42,28.2,2.17,87.71
2024-03,Francia,Facebook,20.87,36.41,24.2,0.21,7.65
2024-04,Francia,Facebook,21.81,44.22,31.5,4.22,186.6
2024-05,Francia,Facebook,23.43,46.78,37.1,4.08,190.85
2024-06,Francia,Facebook,25.0,45.82,9.6,3.31,151.65
2024-07,Francia,Facebook,17.75,25.94,40.0,4.16,107.89
2024-08,Francia,Facebook,20.76,33.2,50.5,3.48,115.54
2024-09,Francia,Facebook,21.16,30.68,40.6,5.21,159.83
2024-10,Francia,Facebook,17.88,32.51,46.6,0.51,16.58
2024-11,Francia,Facebook,22.51,36.87,15.9,1.04,38.34
2024-12,Francia,Facebook,19.73,43.4,43.1,3.95,171.43
2024-01,Francia,Instagram,22.88,49.91,54.8,0.83,41.43
2024-02,Francia,Instagram,23.25,31.67,26.6,1.5,47.5
2024-03,Francia,Instagram,22.88,48.08,18.7,2.44,117.32
2024-04,Francia,Instagram,23.29,32.56,52.2,5.2,169.34
2024-05,Francia,Instagram,23.91,37.6,16.2,4.86,182.76
2024-06,Francia,Instagram,25.07,46.35,56.3,3.42,158.51
2024-07,Francia,Instagram,27.38,43.41,64.6,1.77,76.83
2024-08,Francia,Instagram,24.58,33.08,32.9,2.4,79.39
2024-09,Francia,Instagram,20.98,33.23,26.6,0.7,23.26
2024-10,Francia,Instagram,23.88,40.13,47.5,4.6,184.6
2024-11,Francia,Instagram,23.89,33.75,52.0,5.05,170.43
2024-12,Francia,Instagram,29.38,53.73,46.9,4.94,265.45
2024-01,Francia,WhatsApp,23.77,38.86,16.0,3.75,145.73
2024-02,Francia,WhatsApp,23.74,34.43,24.3,5.13,176.61
2024-03,Francia,WhatsApp,22.74,38.02,34.1,2.94,111.77
2024-04,Francia,WhatsApp,24.35,38.47,11.6,1.11,42.7
2024-05,Francia,WhatsApp,23.77,36.11,32.2,2.01,72.58
2024-06,Francia,WhatsApp,23.4,34.12,31.4,2.95,100.66
2024-07,Francia,WhatsApp,26.97,50.92,21.0,0.52,26.48
2024-08,Francia,WhatsApp,27.09,50.97,22.0,5.29,269.62
2024-09,Francia,WhatsApp,26.1,43.27,26.2,1.68,72.69
2024-10,Francia,WhatsApp,25.81,36.53,30.2,3.88,141.73
2024-11,Francia,WhatsApp,32.14,71.3,39.7,0.8,57.04
2024-12,Francia,WhatsApp,31.29,44.44,11.4,5.27,234.22
2024-01,Francia,Threads,4.13,9.06,35.6,2.73,24.75
2024-02,Francia,Threads,4.26,7.13,8.6,5.32,37.94
2024-03,Francia,Threads,4.35,7.32,44.9,3.85,28.19
2024-04,Francia,Threads,4.29,5.86,16.9,2.19,12.84
2024-05,Francia,Threads,4.51,9.73,41.7,0.22,2.14
2024-06,Francia,Threads,4.52,6.79,34.6,2.39,16.23
2024-07,Francia,Threads,4.87,7.25,45.9,4.42,32.06
2024-08,Francia,Threads,4.61,9.88,17.3,3.55,35.08
2024-09,Francia,Threads,5.37,9.8,53.7,0.67,6.57
2024-10,Francia,Threads,4.73,7.96,27.7,0.32,2.55
2024-11,Francia,Threads,5.08,7.45,23.0,2.84,21.15
2024-12,Francia,Threads,5.3,9.46,36.9,2.42,22.9
2024-01,Francia,Messenger,18.16,37.58,45.6,1.92,72.15
2024-02,Francia,Messenger,18.07,28.63,9.3,3.96,113.39
2024-03,Francia,Messenger,18.46,25.88,52.6,3.76,97.31
2024-04,Francia,Messenger,19.06,30.23,28.2,0.62,18.74
2024-05,Francia,Messenger,18.2,33.17,22.7,1.17,38.81
2024-06,Francia,Messenger,16.5,22.52,24.4,1.52,34.23
2024-07,Francia,Messenger,17.22,29.86,53.5,4.81,143.63
2024-08,Francia,Messenger,19.91,41.75,41.0,5.25,219.19
2024-09,Francia,Messenger,16.06,22.48,27.2,5.17,116.24
2024-10,Francia,Messenger,20.25,42.29,30.5,0.45,19.03
2024-11,Francia,Messenger,19.54,26.97,18.9,5.07,136.73
2024-12,Francia,Messenger,25.74,39.63,53.4,3.55,140.69
2024-01,Reino Unido,Facebook,41.23,60.21,9.5,7.71,464.26
2024-02,Reino Unido,Facebook,42.07,64.4,36.9,14.46,931.19
2024-03,Reino Unido,Facebook,43.15,89.86,24.3,11.39,1023.46
2024-04,Reino Unido,Facebook,41.98,61.5,46.9,3.41,209.73
2024-05,Reino Unido,Facebook,39.47,66.08,14.5,7.6,502.23
2024-06,Reino Unido,Facebook,41.32,59.31,8.0,9.43,559.33
2024-07,Reino Unido,Facebook,43.75,75.63,52.3,11.03,834.25
2024-08,Reino Unido,Facebook,43.37,58.96,10.8,13.67,805.95
2024-09,Reino Unido,Facebook,43.41,60.33,8.1,11.6,699.79
2024-10,Reino Unido,Facebook,50.19,78.88,48.6,17.18,1355.17
2024-11,Reino Unido,Facebook,44.76,89.54,37.9,7.93,710.06
2024-12,Reino Unido,Facebook,35.52,65.25,8.1,17.9,1168.01
2024-01,Reino Unido,Instagram,28.27,49.48,46.0,5.79,286.47
2024-02,Reino Unido,Instagram,28.12,54.84,10.3,5.19,284.6
2024-03,Reino Unido,Instagram,28.9,46.55,19.6,9.73,452.89
2024-04,Reino Unido,Instagram,29.92,41.76,50.2,11.4,476.09
2024-05,Reino Unido,Instagram,32.83,51.55,64.6,8.07,416.04
2024-06,Reino Unido,Instagram,28.99,55.69,12.6,10.9,607.01
2024-07,Reino Unido,Instagram,28.52,43.19,35.3,11.18,482.89
2024-08,Reino Unido,Instagram,26.04,36.51,13.9,14.71,537.13
2024-09,Reino Unido,Instagram,34.67,52.34,14.4,4.64,242.86
2024-10,Reino Unido,Instagram,34.35,55.07,13.2,7.93,436.71
2024-11,Reino Unido,Instagram,28.15,58.36,43.3,9.9,577.79
2024-12,Reino Unido,Instagram,26.55,48.07,51.8,9.6,461.46
2024-01,Reino Unido,WhatsApp,10.61,22.33,12.8,20.81,464.65
2024-02,Reino Unido,WhatsApp,10.93,17.95,41.6,6.98,125.29
2024-03,Reino Unido,WhatsApp,10.51,20.28,32.7,3.51,71.19
2024-04,Reino Unido,WhatsApp,11.28,17.04,54.8,4.48,76.33
2024-05,Reino Unido,WhatsApp,12.33,19.16,53.3,21.66,414.96
2024-06,Reino Unido,WhatsApp,12.92,20.26,31.4,20.27,410.62
2024-07,Reino Unido,WhatsApp,10.0,18.48,20.3,14.42,266.54
2024-08,Reino Unido,WhatsApp,12.39,20.46,11.6,18.32,374.83
2024-09,Reino Unido,WhatsApp,12.79,24.07,45.5,12.15,292.51
2024-10,Reino Unido,WhatsApp,9.91,13.76,44.3,13.56,186.56
2024-11,Reino Unido,WhatsApp,12.84,19.36,27.9,21.75,421.04
2024-12,Reino Unido,WhatsApp,16.07,23.63,27.9,8.61,203.42
2024-01,Reino Unido,Threads,4.67,8.43,52.6,4.27,35.99
2024-02,Reino Unido,Threads,4.68,10.21,9.9,8.4,85.75
2024-03,Reino Unido,Threads,5.04,7.75,30.8,1.9,14.73
2024-04,Reino Unido,Threads,4.36,9.3,17.8,14.81,137.81
2024-05,Reino Unido,Threads,5.46,8.07,33.2,4.97,40.1
2024-06,Reino Unido,Threads,4.97,9.27,19.8,15.85,146.85
2024-07,Reino Unido,Threads,5.23,7.12,22.4,6.4,45.57
2024-08,Reino Unido,Threads,4.9,6.6,40.6,8.59,56.7
2024-09,Reino Unido,Threads,6.27,9.9,20.0,3.79,37.51
2024-10,Reino Unido,Threads,6.05,8.4,47.5,11.86,99.57
2024-11,Reino Unido,Threads,4.5,9.84,27.4,5.47,53.83
2024-12,Reino Unido,Threads,4.86,7.04,21.9,14.27,100.45
2024-01,Reino Unido,Messenger,5.29,7.69,49.5,5.89,45.28
2024-02,Reino Unido,Messenger,5.28,11.53,48.6,5.96,68.73
2024-03,Reino Unido,Messenger,5.46,8.23,48.9,3.95,32.52
2024-04,Reino Unido,Messenger,5.58,9.07,25.2,5.35,48.53
2024-05,Reino Unido,Messenger,6.02,11.68,12.3,3.85,44.96
2024-06,Reino Unido,Messenger,6.1,11.75,13.5,7.59,89.21
2024-07,Reino Unido,Messenger,6.0,8.58,19.9,20.24,173.7
2024-08,Reino Unido,Messenger,4.76,9.44,19.6,10.17,96.03
2024-09,Reino Unido,Messenger,5.23,11.08,36.5,13.78,152.7
2024-10,Reino Unido,Messenger,5.31,7.72,11.6,6.56,50.67
2024-11,Reino Unido,Messenger,6.88,10.22,40.3,11.95,122.15
2024-12,Reino Unido,Messenger,5.18,7.13,42.8,7.38,52.6
2024-01,Japon,Facebook,5.52,8.01,52.6,0.86,6.89
2024-02,Japon,Facebook,5.51,11.83,54.5,3.31,39.14
2024-03,Japon,Facebook,5.9,9.47,34.4,1.18,11.17
2024-04,Japon,Facebook,5.26,9.75,19.6,2.41,23.5
2024-05,Japon,Facebook,5.89,8.81,34.7,2.31,20.36
2024-06,Japon,Facebook,5.43,9.93,37.9,0.15,1.49
2024-07,Japon,Facebook,4.98,8.29,17.8,0.16,1.33
2024-08,Japon,Facebook,6.75,10.4,39.3,1.92,19.98
2024-09,Japon,Facebook,6.03,9.7,19.2,2.25,21.83
2024-10,Japon,Facebook,6.22,8.92,28.4,1.92,17.13
2024-11,Japon,Facebook,6.91,9.62,19.4,3.84,36.94
2024-12,Japon,Facebook,5.93,8.4,16.6,1.87,15.71
2024-01,Japon,Instagram,26.59,37.88,37.5,0.6,22.73
2024-02,Japon,Instagram,27.22,44.28,59.3,3.67,162.51
2024-03,Japon,Instagram,27.05,51.1,28.6,2.32,118.54
2024-04,Japon,Instagram,28.21,49.79,55.5,0.85,42.32
2024-05,Japon,Instagram,25.77,43.82,13.6,0.87,38.12
2024-06,Japon,Instagram,28.53,44.87,14.5,3.48,156.15
2024-07,Japon,Instagram,27.05,57.06,59.7,4.03,229.97
2024-08,Japon,Instagram,27.07,36.82,25.4,2.84,104.58
2024-09,Japon,Instagram,26.71,38.42,57.1,4.11,157.92
2024-10,Japon,Instagram,41.97,88.77,46.7,1.26,111.85
2024-11,Japon,Instagram,29.36,59.35,62.4,2.92,173.3
2024-12,Japon,Instagram,35.94,48.22,55.2,1.4,67.51
2024-01,Japon,WhatsApp,9.45,14.48,29.8,2.23,32.3
2024-02,Japon,WhatsApp,9.44,15.73,24.0,1.3,20.45
2024-03,Japon,WhatsApp,9.71,15.07,28.2,1.87,28.17
2024-04,Japon,WhatsApp,9.69,13.12,18.5,1.79,23.49
2024-05,Japon,WhatsApp,10.49,15.88,28.5,1.83,29.05
2024-06,Japon,WhatsApp,9.94,14.66,32.4,2.05,30.05
2024-07,Japon,WhatsApp,10.7,14.52,41.1,3.23,46.88
2024-08,Japon,WhatsApp,10.86,14.69,11.9,4.19,61.54
2024-09,Japon,WhatsApp,10.08,17.56,23.8,3.41,59.86
2024-10,Japon,WhatsApp,9.77,19.14,36.7,0.72,13.78
2024-11,Japon,WhatsApp,8.88,14.21,37.9,0.74,10.51
2024-12,Japon,WhatsApp,13.02,24.68,36.5,3.92,96.75
2024-01,Japon,Threads,4.27,7.78,13.3,3.76,29.26
2024-02,Japon,Threads,4.32,8.99,33.1,2.89,25.98
2024-03,Japon,Threads,4.48,9.89,37.2,0.31,3.06
2024-04,Japon,Threads,4.26,6.11,54.9,1.65,10.09
2024-05,Japon,Threads,4.52,7.57,21.0,3.77,28.53
2024-06,Japon,Threads,3.81,6.67,43.8,1.53,10.2
2024-07,Japon,Threads,4.49,6.18,17.4,1.42,8.78
2024-08,Japon,Threads,4.74,8.06,22.9,0.3,2.42
2024-09,Japon,Threads,4.51,7.52,27.1,1.27,9.55
2024-10,Japon,Threads,5.26,8.18,49.9,2.78,22.73
2024-11,Japon,Threads,4.88,7.02,15.8,1.37,9.62
2024-12,Japon,Threads,4.52,8.15,54.9,1.48,12.06
2024-01,Japon,Messenger,14.05,23.91,24.5,0.97,23.19
2024-02,Japon,Messenger,13.73,21.28,31.0,3.57,75.95
2024-03,Japon,Messenger,14.19,23.87,54.1,0.44,10.5
2024-04,Japon,Messenger,14.26,24.79,35.4,2.36,58.51
2024-05,Japon,Messenger,13.53,18.82,21.0,3.46,65.1
2024-06,Japon,Messenger,14.15,23.69,22.1,1.38,32.7
2024-07,Japon,Messenger,15.45,22.75,30.4,0.77,17.52
2024-08,Japon,Messenger,15.16,23.35,52.6,2.29,53.48
2024-09,Japon,Messenger,14.24,23.98,40.0,1.92,46.05
2024-10,Japon,Messenger,15.52,20.8,41.9,2.61,54.3
2024-11,Japon,Messenger,14.33,21.6,14.0,1.47,31.75
2024-12,Japon,Messenger,21.71,47.56,43.5,1.07,50.89
2024-01,Turquia,Facebook,40.53,61.16,29.6,5.81,355.35
2024-02,Turquia,Facebook,41.38,73.41,21.8,5.71,419.17
2024-03,Turquia,Facebook,40.31,57.72,17.1,4.13,238.38
2024-04,Turquia,Facebook,42.4,88.09,13.9,1.94,170.89
2024-05,Turquia,Facebook,42.86,64.1,17.6,3.12,200.0
2024-06,Turquia,Facebook,40.39,60.75,45.3,5.65,343.26
2024-07,Turquia,Facebook,43.56,79.01,20.0,5.67,447.98
2024-08,Turquia,Facebook,42.27,90.36,22.8,4.84,437.34
2024-09,Turquia,Facebook,50.21,67.3,24.9,1.9,127.86
2024-10,Turquia,Facebook,44.51,65.01,18.1,5.98,388.78
2024-11,Turquia,Facebook,43.66,63.75,46.9,3.13,199.53
2024-12,Turquia,Facebook,40.4,72.21,46.1,5.23,377.68
2024-01,Turquia,Instagram,23.91,32.26,63.0,3.99,128.72
2024-02,Turquia,Instagram,24.61,40.96,30.8,3.02,123.7
2024-03,Turquia,Instagram,24.11,39.22,47.2,0.89,34.9
2024-04,Turquia,Instagram,24.67,37.02,54.4,6.21,229.91
2024-05,Turquia,Instagram,24.96,35.54,19.3,1.02,36.25
2024-06,Turquia,Instagram,29.63,50.75,54.4,1.94,98.46
2024-07,Turquia,Instagram,27.08,44.05,16.1,1.92,84.58
2024-08,Turquia,Instagram,25.21,46.16,52.8,0.96,44.32
2024-09,Turquia,Instagram,20.83,33.31,40.0,3.17,105.58
2024-10,Turquia,Instagram,24.2,34.3,18.7,5.17,177.33
2024-11,Turquia,Instagram,30.83,51.84,38.4,1.43,74.13
2024-12,Turquia,Instagram,21.21,44.88,11.7,3.71,166.52
2024-01,Turquia,WhatsApp,5.74,7.97,21.7,1.22,9.73
2024-02,Turquia,WhatsApp,5.85,8.18,26.8,0.88,7.2
2024-03,Turquia,WhatsApp,5.46,9.09,24.1,5.65,51.38
2024-04,Turquia,WhatsApp,5.84,9.75,22.4,3.16,30.82
2024-05,Turquia,WhatsApp,6.29,10.6,18.8,4.0,42.42
2024-06,Turquia,WhatsApp,6.17,8.33,47.6,0.75,6.25
2024-07,Turquia,WhatsApp,6.82,11.2,20.1,0.31,3.47
2024-08,Turquia,WhatsApp,6.12,10.97,11.1,3.32,36.43
2024-09,Turquia,WhatsApp,5.38,8.23,15.5,3.35,27.58
2024-10,Turquia,WhatsApp,6.17,13.24,38.0,4.61,61.02
2024-11,Turquia,WhatsApp,6.65,13.43,50.6,2.18,29.27
2024-12,Turquia,WhatsApp,5.79,12.18,29.5,0.47,5.73
2024-01,Turquia,Threads,6.41,14.13,46.1,6.19,87.44
2024-02,Turquia,Threads,6.44,9.65,55.0,5.07,48.95
2024-03,Turquia,Threads,6.56,9.16,41.3,2.0,18.33
2024-04,Turquia,Threads,6.73,11.14,25.5,2.23,24.85
2024-05,Turquia,Threads,7.09,10.07,41.1,2.24,22.57
2024-06,Turquia,Threads,7.41,15.16,13.3,4.02,60.96
2024-07,Turquia,Threads,5.66,7.66,21.1,0.38,2.91
2024-08,Turquia,Threads,5.9,10.53,24.1,0.95,10.01
2024-09,Turquia,Threads,6.6,11.83,46.7,4.06,48.03
2024-10,Turquia,Threads,6.96,10.92,44.6,4.46,48.71
2024-11,Turquia,Threads,5.83,8.88,39.2,0.27,2.4
2024-12,Turquia,Threads,9.09,17.19,33.5,0.9,15.47
2024-01,Turquia,Messenger,1.88,3.78,8.9,1.03,3.89
2024-02,Turquia,Messenger,1.92,3.37,54.1,5.14,17.34
2024-03,Turquia,Messenger,1.93,3.35,28.3,2.42,8.11
2024-04,Turquia,Messenger,2.16,3.32,38.1,2.39,7.93
2024-05,Turquia,Messenger,1.82,3.39,47.3,6.08,20.62
2024-06,Turquia,Messenger,2.03,2.96,46.2,3.21,9.49
2024-07,Turquia,Messenger,2.28,3.32,27.2,1.49,4.95
2024-08,Turquia,Messenger,2.01,3.46,12.1,6.2,21.44
2024-09,Turquia,Messenger,2.36,3.91,39.4,0.92,3.59
2024-10,Turquia,Messenger,1.63,2.53,31.2,3.43,8.68
2024-11,Turquia,Messenger,1.75,2.42,13.3,2.47,5.98
2024-12,Turquia,Messenger,2.16,2.97,46.4,2.57,7.63
2024-01,Argentina,Facebook,12.26,19.36,24.7,2.67,51.7
2024-02,Argentina,Facebook,12.46,18.09,52.9,1.24,22.43
2024-03,Argentina,Facebook,12.48,18.7,15.5,3.37,63.01
2024-04,Argentina,Facebook,12.91,26.09,48.8,1.88,49.06
2024-05,Argentina,Facebook,12.39,24.37,44.9,3.94,96.0
2024-06,Argentina,Facebook,12.85,27.12,12.7,2.8,75.95
2024-07,Argentina,Facebook,10.92,18.9,23.8,2.04,38.55
2024-08,Argentina,Facebook,13.71,22.39,15.7,2.14,47.92
2024-09,Argentina,Facebook,11.7,19.07,13.2,0.77,14.68
2024-10,Argentina,Facebook,12.75,23.94,37.6,1.66,39.73
2024-11,Argentina,Facebook,16.24,25.1,26.5,0.79,19.83
2024-12,Argentina,Facebook,14.82,25.57,51.0,0.93,23.78
2024-01,Argentina,Instagram,23.85,49.56,39.6,2.8,138.77
2024-02,Argentina,Instagram,25.23,44.49,62.8,2.99,133.03
2024-03,Argentina,Instagram,25.46,36.17,55.7,3.09,111.77
2024-04,Argentina,Instagram,24.27,33.9,44.2,0.45,15.25
2024-05,Argentina,Instagram,22.72,47.25,63.1,2.77,130.88
2024-06,Argentina,Instagram,23.8,46.73,38.7,1.54,71.96
2024-07,Argentina,Instagram,23.49,37.2,37.8,1.17,43.53
2024-08,Argentina,Instagram,24.61,41.81,57.6,3.77,157.63
2024-09,Argentina,Instagram,25.66,47.0,11.7,3.9,183.31
2024-10,Argentina,Instagram,35.3,72.31,48.3,1.87,135.22
2024-11,Argentina,Instagram,27.73,37.0,62.2,4.13,152.8
2024-12,Argentina,Instagram,27.33,45.73,60.1,2.88,131.71
2024-01,Argentina,WhatsApp,8.81,19.08,36.7,3.63,69.27
2024-02,Argentina,WhatsApp,8.89,17.84,32.3,2.42,43.18
2024-03,Argentina,WhatsApp,8.56,18.68,42.9,1.13,21.11
2024-04,Argentina,WhatsApp,9.15,14.82,28.2,2.54,37.64
2024-05,Argentina,WhatsApp,8.99,14.46,34.2,1.92,27.76
2024-06,Argentina,WhatsApp,9.75,16.32,29.2,1.93,31.51
2024-07,Argentina,WhatsApp,8.17,12.23,14.2,3.83,46.85
2024-08,Argentina,WhatsApp,11.22,17.32,25.0,3.92,67.9
2024-09,Argentina,WhatsApp,8.79,12.48,34.7,3.87,48.31
2024-10,Argentina,WhatsApp,9.33,13.09,15.5,3.81,49.89
2024-11,Argentina,WhatsApp,9.32,17.22,54.9,2.93,50.46
2024-12,Argentina,WhatsApp,9.13,20.22,34.0,3.04,61.46
2024-01,Argentina,Threads,0.37,0.57,20.9,2.94,1.69
2024-02,Argentina,Threads,0.37,0.54,48.7,2.12,1.14
2024-03,Argentina,Threads,0.38,0.66,24.2,3.69,2.44
2024-04,Argentina,Threads,0.38,0.66,22.1,2.81,1.87
2024-05,Argentina,Threads,0.39,0.79,20.0,0.57,0.45
2024-06,Argentina,Threads,0.37,0.64,44.5,2.34,1.5
2024-07,Argentina,Threads,0.42,0.66,45.4,1.74,1.15
2024-08,Argentina,Threads,0.33,0.49,9.1,3.45,1.68
2024-09,Argentina,Threads,0.37,0.52,12.2,0.59,0.31
2024-10,Argentina,Threads,0.5,0.84,26.4,2.47,2.07
2024-11,Argentina,Threads,0.37,0.57,52.4,2.89,1.64
2024-12,Argentina,Threads,0.51,0.7,40.4,0.38,0.26
2024-01,Argentina,Messenger,11.15,20.57,36.9,1.02,20.98
2024-02,Argentina,Messenger,11.41,17.96,21.4,2.31,41.49
2024-03,Argentina,Messenger,11.44,17.43,50.1,0.5,8.72
2024-04,Argentina,Messenger,11.22,22.58,23.5,1.6,36.14
2024-05,Argentina,Messenger,10.95,23.18,44.1,3.36,77.89
2024-06,Argentina,Messenger,10.38,14.21,28.4,0.69,9.8
2024-07,Argentina,Messenger,11.95,19.61,48.4,1.24,24.32
2024-08,Argentina,Messenger,13.82,23.76,50.0,1.98,47.04
2024-09,Argentina,Messenger,10.38,17.64,25.5,1.94,34.21
2024-10,Argentina,Messenger,11.73,17.35,28.3,1.23,21.34
2024-11,Argentina,Messenger,12.68,28.16,13.3,0.82,23.09
2024-12,Argentina,Messenger,11.41,16.4,42.6,3.08,50.52
2024-01,Colombia,Facebook,26.74,54.18,15.2,3.53,191.26
2024-02,Colombia,Facebook,27.54,49.88,32.9,2.46,122.71
2024-03,Colombia,Facebook,26.6,38.78,34.9,3.36,130.29
2024-04,Colombia,Facebook,25.99,36.73,35.7,0.98,35.99
2024-05,Colombia,Facebook,25.48,34.81,47.7,3.59,124.98
2024-06,Colombia,Facebook,28.17,54.35,16.6,3.44,186.95
2024-07,Colombia,Facebook,26.21,35.22,47.9,2.53,89.11
2024-08,Colombia,Facebook,29.88,59.83,30.3,3.04,181.89
2024-09,Colombia,Facebook,30.87,42.6,40.1,1.32,56.23
2024-10,Colombia,Facebook,29.67,47.13,42.5,1.6,75.41
2024-11,Colombia,Facebook,30.75,67.77,33.3,3.02,204.66
2024-12,Colombia,Facebook,28.63,39.89,12.1,3.85,153.58
2024-01,Colombia,Instagram,4.96,7.35,60.7,3.73,27.41
2024-02,Colombia,Instagram,5.08,9.93,18.3,0.36,3.57
2024-03,Colombia,Instagram,4.94,8.29,15.8,1.9,15.76
2024-04,Colombia,Instagram,4.9,7.34,33.0,1.34,9.84
2024-05,Colombia,Instagram,4.94,7.55,24.9,0.21,1.58
2024-06,Colombia,Instagram,4.8,7.09,20.9,2.28,16.18
2024-07,Colombia,Instagram,5.66,11.61,20.4,3.76,43.65
2024-08,Colombia,Instagram,5.23,10.3,54.6,1.92,19.78
2024-09,Colombia,Instagram,5.24,9.71,12.9,0.76,7.38
2024-10,Colombia,Instagram,6.11,9.59,56.5,0.22,2.11
2024-11,Colombia,Instagram,5.27,8.85,47.1,1.49,13.19
2024-12,Colombia,Instagram,4.02,8.73,12.2,3.16,27.58
2024-01,Colombia,WhatsApp,3.05,4.22,20.5,2.34,9.87
2024-02,Colombia,WhatsApp,3.16,4.68,10.2,2.26,10.59
2024-03,Colombia,WhatsApp,3.06,5.52,43.4,3.78,20.87
2024-04,Colombia,WhatsApp,3.1,6.28,42.5,1.86,11.68
2024-05,Colombia,WhatsApp,3.08,6.26,9.9,2.78,17.41
2024-06,Colombia,WhatsApp,3.04,6.36,48.6,1.6,10.18
2024-07,Colombia,WhatsApp,3.15,5.23,21.1,2.76,14.43
2024-08,Colombia,WhatsApp,3.06,5.15,17.4,3.27,16.85
2024-09,Colombia,WhatsApp,2.95,5.17,29.1,3.85,19.89
2024-10,Colombia,WhatsApp,3.45,4.99,34.7,3.47,17.3
2024-11,Colombia,WhatsApp,3.21,5.96,23.3,0.2,1.19
2024-12,Colombia,WhatsApp,2.92,3.9,19.7,0.22,0.86
2024-01,Colombia,Threads,1.61,2.61,11.2,3.13,8.18
2024-02,Colombia,Threads,1.59,3.1,45.5,1.51,4.68
2024-03,Colombia,Threads,1.62,2.22,49.9,1.56,3.46
2024-04,Colombia,Threads,1.79,3.34,32.2,2.72,9.08
2024-05,Colombia,Threads,1.76,2.42,41.8,0.51,1.24
2024-06,Colombia,Threads,1.4,2.09,22.7,2.11,4.4
2024-07,Colombia,Threads,1.5,2.03,21.2,2.6,5.27
2024-08,Colombia,Threads,1.5,2.02,11.3,2.04,4.11
2024-09,Colombia,Threads,1.35,2.98,28.6,2.35,7.01
2024-10,Colombia,Threads,1.66,2.48,11.1,3.11,7.7
2024-11,Colombia,Threads,1.71,2.45,27.7,0.3,0.73
2024-12,Colombia,Threads,1.87,2.74,24.3,1.16,3.17
2024-01,Colombia,Messenger,9.25,17.22,52.6,1.39,23.94
2024-02,Colombia,Messenger,9.44,16.73,12.0,3.68,61.56
2024-03,Colombia,Messenger,9.33,12.72,12.9,1.15,14.63
2024-04,Colombia,Messenger,9.15,14.13,16.9,2.38,33.62
2024-05,Colombia,Messenger,9.11,12.78,10.3,2.14,27.36
2024-06,Colombia,Messenger,9.1,13.82,52.0,3.28,45.32
2024-07,Colombia,Messenger,11.45,21.97,13.7,3.44,75.58
2024-08,Colombia,Messenger,11.53,18.06,25.3,3.9,70.42
2024-09,Colombia,Messenger,10.09,16.42,51.1,3.81,62.56
2024-10,Colombia,Messenger,7.25,10.53,37.8,1.76,18.53
2024-11,Colombia,Messenger,11.97,17.99,40.9,0.58,10.43
2024-12,Colombia,Messenger,15.04,22.46,15.0,2.75,61.77
2024-01,Tailandia,Facebook,12.72,22.63,24.9,2.87,64.96
2024-02,Tailandia,Facebook,12.91,19.33,22.8,3.9,75.39
2024-03,Tailandia,Facebook,13.5,21.94,33.8,1.62,35.54
2024-04,Tailandia,Facebook,13.31,27.61,14.4,3.04,83.93
2024-05,Tailandia,Facebook,13.01,24.58,22.3,0.86,21.14
2024-06,Tailandia,Facebook,14.02,22.58,19.5,1.92,43.36
2024-07,Tailandia,Facebook,13.95,19.48,11.2,3.08,60.01
2024-08,Tailandia,Facebook,14.02,27.31,48.6,4.15,113.33
2024-09,Tailandia,Facebook,14.88,20.89,42.2,3.62,75.62
2024-10,Tailandia,Facebook,12.35,20.52,52.5,1.06,21.75
2024-11,Tailandia,Facebook,14.18,25.99,46.7,0.53,13.78
2024-12,Tailandia,Facebook,18.43,27.02,22.7,1.24,33.5
2024-01,Tailandia,Instagram,9.01,16.82,32.3,2.6,43.72
2024-02,Tailandia,Instagram,8.99,13.05,20.0,4.1,53.52
2024-03,Tailandia,Instagram,8.78,13.04,38.8,0.48,6.26
2024-04,Tailandia,Instagram,8.72,14.4,27.1,0.21,3.02
2024-05,Tailandia,Instagram,8.74,13.83,15.9,3.08,42.61
2024-06,Tailandia,Instagram,10.32,18.93,14.2,0.79,14.95
2024-07,Tailandia,Instagram,9.99,14.4,45.4,4.03,58.03
2024-08,Tailandia,Instagram,8.26,16.16,48.8,2.24,36.2
2024-09,Tailandia,Instagram,12.4,22.64,28.9,3.18,71.99
2024-10,Tailandia,Instagram,8.71,15.96,16.3,2.74,43.74
2024-11,Tailandia,Instagram,12.57,20.35,9.8,1.42,28.89
2024-12,Tailandia,Instagram,10.85,16.13,10.2,2.26,36.44
2024-01,Tailandia,WhatsApp,9.74,19.98,37.2,4.38,87.53
2024-02,Tailandia,WhatsApp,10.03,18.2,9.3,0.42,7.64
2024-03,Tailandia,WhatsApp,9.69,13.05,8.3,4.18,54.57
2024-04,Tailandia,WhatsApp,10.47,16.94,39.9,1.76,29.81
2024-05,Tailandia,WhatsApp,10.31,16.15,17.1,4.59,74.15
2024-06,Tailandia,WhatsApp,9.5,20.98,52.4,2.08,43.63
2024-07,Tailandia,WhatsApp,10.77,20.21,9.2,1.34,27.08
2024-08,Tailandia,WhatsApp,10.72,17.68,29.5,4.08,72.14
2024-09,Tailandia,WhatsApp,11.03,20.23,53.1,4.02,81.33
2024-10,Tailandia,WhatsApp,9.26,13.99,17.3,1.03,14.41
2024-11,Tailandia,WhatsApp,11.51,19.12,49.9,3.38,64.61
2024-12,Tailandia,WhatsApp,13.06,23.09,53.5,0.25,5.77
2024-01,Tailandia,Threads,4.34,9.02,20.8,2.6,23.44
2024-02,Tailandia,Threads,4.43,7.35,10.8,0.73,5.37
2024-03,Tailandia,Threads,4.43,8.1,18.3,3.91,31.66
2024-04,Tailandia,Threads,4.53,6.48,51.3,2.97,19.26
2024-05,Tailandia,Threads,4.52,9.13,34.7,1.84,16.8
2024-06,Tailandia,Threads,5.27,8.43,8.1,1.4,11.8
2024-07,Tailandia,Threads,4.84,8.26,14.8,0.17,1.4
2024-08,Tailandia,Threads,4.81,7.83,33.1,0.75,5.87
2024-09,Tailandia,Threads,5.65,9.29,37.3,4.08,37.89
2024-10,Tailandia,Threads,5.39,11.66,17.6,0.68,7.93
2024-11,Tailandia,Threads,5.13,11.06,50.4,0.26,2.88
2024-12,Tailandia,Threads,4.25,7.98,30.1,2.13,17.0
2024-01,Tailandia,Messenger,13.59,23.59,42.3,4.29,101.18
2024-02,Tailandia,Messenger,13.86,20.65,30.9,4.18,86.31
2024-03,Tailandia,Messenger,14.39,19.74,45.7,0.83,16.38
2024-04,Tailandia,Messenger,14.21,21.14,40.2,2.85,60.24
2024-05,Tailandia,Messenger,15.26,24.88,24.4,2.68,66.67
2024-06,Tailandia,Messenger,13.97,22.39,50.4,0.18,4.03
2024-07,Tailandia,Messenger,16.02,23.2,13.0,3.94,91.42
2024-08,Tailandia,Messenger,14.27,23.89,19.5,1.45,34.64
2024-09,Tailandia,Messenger,12.63,24.11,23.3,4.31,103.91
2024-10,Tailandia,Messenger,13.65,20.35,52.9,0.19,3.87
2024-11,Tailandia,Messenger,17.45,26.95,28.6,0.67,18.06
2024-12,Tailandia,Messenger,14.57,31.38,33.6,2.67,83.8
2024-01,Italia,Facebook,10.5,14.66,51.7,2.1,30.78
2024-02,Italia,Facebook,10.56,16.92,22.8,0.89,15.06
2024-03,Italia,Facebook,10.88,21.6,23.5,1.29,27.87
2024-04,Italia,Facebook,10.12,16.9,28.1,0.74,12.5
2024-05,Italia,Facebook,10.92,23.4,19.3,2.67,62.48
2024-06,Italia,Facebook,11.85,17.17,27.3,1.55,26.61
2024-07,Italia,Facebook,11.79,19.01,24.4,1.48,28.13
2024-08,Italia,Facebook,11.08,15.09,10.8,1.25,18.86
2024-09,Italia,Facebook,10.12,15.09,35.2,2.83,42.7
2024-10,Italia,Facebook,8.83,12.76,19.8,4.02,51.28
2024-11,Italia,Facebook,10.09,15.83,33.6,0.73,11.55
2024-12,Italia,Facebook,16.06,23.47,18.0,4.05,95.04
2024-01,Italia,Instagram,9.03,14.21,36.2,2.8,39.8
2024-02,Italia,Instagram,9.01,14.18,41.2,2.61,37.0
2024-03,Italia,Instagram,9.38,19.9,18.6,2.61,51.95
2024-04,Italia,Instagram,8.86,19.35,40.3,1.17,22.64
2024-05,Italia,Instagram,9.11,13.5,51.1,3.09,41.71
2024-06,Italia,Instagram,9.15,19.39,38.3,1.21,23.46
2024-07,Italia,Instagram,8.86,12.94,15.7,1.14,14.75
2024-08,Italia,Instagram,10.76,14.57,15.8,2.45,35.69
2024-09,Italia,Instagram,10.89,16.91,46.2,1.12,18.93
2024-10,Italia,Instagram,11.09,23.23,55.7,1.01,23.46
2024-11,Italia,Instagram,11.98,21.62,44.0,1.23,26.59
2024-12,Italia,Instagram,9.46,20.91,30.7,3.5,73.19
2024-01,Italia,WhatsApp,9.31,16.05,48.8,1.78,28.57
2024-02,Italia,WhatsApp,9.34,13.1,27.8,1.63,21.36
2024-03,Italia,WhatsApp,9.79,14.46,16.7,1.13,16.35
2024-04,Italia,WhatsApp,9.66,14.24,41.6,0.92,13.1
2024-05,Italia,WhatsApp,9.51,14.0,52.5,0.87,12.18
2024-06,Italia,WhatsApp,9.25,16.68,37.4,0.7,11.67
2024-07,Italia,WhatsApp,9.28,13.57,33.5,0.8,10.86
2024-08,Italia,WhatsApp,9.83,20.04,25.0,1.77,35.47
2024-09,Italia,WhatsApp,10.83,23.15,49.4,3.74,86.59
2024-10,Italia,WhatsApp,10.22,15.9,12.4,3.43,54.55
2024-11,Italia,WhatsApp,10.32,16.24,36.8,1.65,26.8
2024-12,Italia,WhatsApp,10.68,16.4,30.1,0.87,14.26
2024-01,Italia,Threads,3.3,5.27,32.9,3.58,18.86
2024-02,Italia,Threads,3.32,5.24,27.3,0.93,4.87
2024-03,Italia,Threads,3.43,6.0,23.8,0.83,4.98
2024-04,Italia,Threads,3.02,4.28,11.3,2.44,10.44
2024-05,Italia,Threads,3.51,5.28,30.8,0.6,3.17
2024-06,Italia,Threads,3.63,5.02,24.0,0.36,1.81
2024-07,Italia,Threads,3.7,7.5,30.3,2.36,17.71
2024-08,Italia,Threads,2.93,5.82,13.3,0.43,2.5
2024-09,Italia,Threads,3.62,5.16,14.0,2.99,15.42
2024-10,Italia,Threads,3.18,6.9,33.2,1.17,8.07
2024-11,Italia,Threads,2.9,5.23,39.3,3.87,20.23
2024-12,Italia,Threads,4.25,5.81,17.6,0.44,2.56
2024-01,Italia,Messenger,3.85,5.89,53.6,3.02,17.79
2024-02,Italia,Messenger,3.9,5.44,53.0,3.36,18.28
2024-03,Italia,Messenger,3.88,5.56,16.4,3.8,21.12
2024-04,Italia,Messenger,4.27,8.4,14.8,4.04,33.93
2024-05,Italia,Messenger,4.09,6.8,49.7,0.81,5.51
2024-06,Italia,Messenger,4.24,7.03,23.6,1.9,13.36
2024-07,Italia,Messenger,4.2,9.01,41.9,0.51,4.59
2024-08,Italia,Messenger,4.69,9.19,42.5,2.55,23.44
2024-09,Italia,Messenger,4.06,7.67,10.7,1.58,12.11
2024-10,Italia,Messenger,4.81,9.8,42.7,1.01,9.89
2024-11,Italia,Messenger,4.84,8.76,29.7,2.23,19.54
2024-12,Italia,Messenger,3.92,6.25,30.6,1.75,10.94
2024-01,Canada,Facebook,17.97,25.49,35.5,7.37,187.89
2024-02,Canada,Facebook,18.38,31.88,28.1,10.7,341.1
2024-03,Canada,Facebook,18.68,35.33,19.5,8.26,291.83
2024-04,Canada,Facebook,18.46,40.49,54.0,6.5,263.19
2024-05,Canada,Facebook,19.42,34.96,45.4,8.23,287.75
2024-06,Canada,Facebook,18.61,25.15,17.4,0.67,16.85
2024-07,Canada,Facebook,18.73,30.54,18.5,10.64,324.95
2024-08,Canada,Facebook,17.27,29.14,53.9,6.35,185.04
2024-09,Canada,Facebook,17.33,29.04,34.5,2.68,77.82
2024-10,Canada,Facebook,23.41,50.7,40.9,3.34,169.35
2024-11,Canada,Facebook,16.34,31.77,53.2,11.06,351.32
2024-12,Canada,Facebook,19.21,40.55,44.6,2.61,105.83
2024-01,Canada,Instagram,22.3,37.81,40.1,2.62,99.06
2024-02,Canada,Instagram,22.69,31.71,35.2,8.81,279.33
2024-03,Canada,Instagram,23.24,37.96,32.3,5.06,192.08
2024-04,Canada,Instagram,22.17,42.16,32.7,8.38,353.28
2024-05,Canada,Instagram,23.0,43.99,11.4,7.34,322.85
2024-06,Canada,Instagram,24.42,42.33,17.2,3.83,162.12
2024-07,Canada,Instagram,22.39,42.06,40.6,10.0,420.56
2024-08,Canada,Instagram,22.97,44.29,54.8,3.5,155.0
2024-09,Canada,Instagram,22.28,47.37,27.6,3.22,152.54
2024-10,Canada,Instagram,23.95,32.26,37.4,2.69,86.78
2024-11,Canada,Instagram,23.11,33.0,16.4,7.89,260.4
2024-12,Canada,Instagram,30.04,61.07,48.2,7.23,441.53
2024-01,Canada,WhatsApp,6.32,9.32,35.2,9.17,85.44
2024-02,Canada,WhatsApp,6.19,12.35,55.0,2.66,32.85
2024-03,Canada,WhatsApp,6.21,9.06,48.5,9.9,89.74
2024-04,Canada,WhatsApp,6.74,9.63,35.2,6.34,61.04
2024-05,Canada,WhatsApp,6.77,12.06,39.3,2.46,29.68
2024-06,Canada,WhatsApp,7.18,11.69,50.1,2.88,33.66
2024-07,Canada,WhatsApp,6.71,11.76,40.2,2.07,24.35
2024-08,Canada,WhatsApp,6.72,10.52,47.0,0.61,6.42
2024-09,Canada,WhatsApp,6.08,9.13,11.5,5.52,50.4
2024-10,Canada,WhatsApp,7.11,10.53,25.1,8.45,88.98
2024-11,Canada,WhatsApp,5.71,9.38,30.1,6.48,60.81
2024-12,Canada,WhatsApp,5.58,8.27,21.7,8.93,73.87
2024-01,Canada,Threads,0.6,0.85,46.4,0.5,0.42
2024-02,Canada,Threads,0.61,0.96,21.6,2.75,2.65
2024-03,Canada,Threads,0.61,0.85,50.6,4.33,3.67
2024-04,Canada,Threads,0.67,1.4,11.4,8.87,12.45
2024-05,Canada,Threads,0.71,1.23,23.3,4.86,5.98
2024-06,Canada,Threads,0.63,1.06,45.8,9.4,9.98
2024-07,Canada,Threads,0.64,1.31,26.8,9.54,12.45
2024-08,Canada,Threads,0.55,0.75,52.6,2.3,1.72
2024-09,Canada,Threads,0.63,1.05,31.4,9.41,9.86
2024-10,Canada,Threads,0.69,1.52,37.5,8.46,12.84
2024-11,Canada,Threads,0.75,1.11,42.4,3.91,4.34
2024-12,Canada,Threads,0.75,1.3,31.6,4.92,6.4
2024-01,Canada,Messenger,5.21,7.15,51.6,7.1,50.76
2024-02,Canada,Messenger,5.31,9.38,51.1,8.23,77.22
2024-03,Canada,Messenger,5.28,9.23,11.9,9.63,88.87
2024-04,Canada,Messenger,5.12,10.57,38.4,5.26,55.61
2024-05,Canada,Messenger,5.58,11.42,8.5,3.01,34.37
2024-06,Canada,Messenger,6.17,11.18,33.2,3.59,40.12
2024-07,Canada,Messenger,5.28,7.81,12.2,6.38,49.83
2024-08,Canada,Messenger,6.3,9.67,52.1,9.32,90.16
2024-09,Canada,Messenger,5.69,7.8,26.6,9.97,77.8
2024-10,Canada,Messenger,5.62,7.75,33.9,3.01,23.32
2024-11,Canada,Messenger,5.06,7.95,20.4,11.99,95.38
2024-12,Canada,Messenger,6.04,9.59,53.9,8.18,78.41
