fecha,precio_accion,volumen,retorno_pct,trimestre,ing_data_center_M,ing_gaming_M,ing_pro_visualization_M,ing_automotive_M
2023-01-03,14.22,444808331,,2023-Q1,3558.0,2483.7,452.4,283.0
2023-01-04,14.19,187362018,-0.211,2023-Q1,3558.0,2483.7,452.4,283.0
2023-01-05,14.47,122664571,1.973,2023-Q1,3558.0,2483.7,452.4,283.0
2023-01-06,15.12,206731860,4.492,2023-Q1,3558.0,2483.7,452.4,283.0
2023-01-09,15.04,236019285,-0.529,2023-Q1,3558.0,2483.7,452.4,283.0
2023-01-10,14.97,106525219,-0.465,2023-Q1,3558.0,2483.7,452.4,283.0
2023-01-11,15.66,370840144,4.609,2023-Q1,3558.0,2483.7,452.4,283.0
2023-01-12,16.03,270371364,2.363,2023-Q1,3558.0,2483.7,452.4,283.0
2023-01-13,15.85,218227134,-1.123,2023-Q1,3558.0,2483.7,452.4,283.0
2023-01-16,16.11,183852689,1.64,2023-Q1,3558.0,2483.7,452.4,283.0
2023-01-17,15.93,523472645,-1.117,2023-Q1,3558.0,2483.7,452.4,283.0
2023-01-18,15.76,164756588,-1.067,2023-Q1,3558.0,2483.7,452.4,283.0
2023-01-19,15.89,1325279623,0.825,2023-Q1,3558.0,2483.7,452.4,283.0
2023-01-20,15.07,349708762,-5.16,2023-Q1,3558.0,2483.7,452.4,283.0
2023-01-23,14.37,329889045,-4.645,2023-Q1,3558.0,2483.7,452.4,283.0
2023-01-24,14.17,440633879,-1.392,2023-Q1,3558.0,2483.7,452.4,283.0
2023-01-25,13.79,863088801,-2.682,2023-Q1,3558.0,2483.7,452.4,283.0
2023-01-26,13.94,187906362,1.088,2023-Q1,3558.0,2483.7,452.4,283.0
2023-01-27,13.61,474376490,-2.367,2023-Q1,3558.0,2483.7,452.4,283.0
2023-01-30,13.09,461068257,-3.821,2023-Q1,3558.0,2483.7,452.4,283.0
2023-01-31,13.65,633916649,4.278,2023-Q1,3558.0,2483.7,452.4,283.0
2023-02-01,13.59,251222867,-0.44,2023-Q1,3558.0,2483.7,452.4,283.0
2023-02-02,13.64,602906322,0.368,2023-Q1,3558.0,2483.7,452.4,283.0
2023-02-03,13.12,176115805,-3.812,2023-Q1,3558.0,2483.7,452.4,283.0
2023-02-06,12.95,23943133,-1.296,2023-Q1,3558.0,2483.7,452.4,283.0
2023-02-07,13.01,65222708,0.463,2023-Q1,3558.0,2483.7,452.4,283.0
2023-02-08,12.61,318904109,-3.075,2023-Q1,3558.0,2483.7,452.4,283.0
2023-02-09,12.77,587792022,1.269,2023-Q1,3558.0,2483.7,452.4,283.0
2023-02-10,12.58,340120035,-1.488,2023-Q1,3558.0,2483.7,452.4,283.0
2023-02-13,12.5,358976169,-0.636,2023-Q1,3558.0,2483.7,452.4,283.0
2023-02-14,12.31,478641604,-1.52,2023-Q1,3558.0,2483.7,452.4,283.0
2023-02-15,12.97,460479507,5.361,2023-Q1,3558.0,2483.7,452.4,283.0
2023-02-16,12.99,735801455,0.154,2023-Q1,3558.0,2483.7,452.4,283.0
2023-02-17,12.63,213087930,-2.771,2023-Q1,3558.0,2483.7,452.4,283.0
2023-02-20,12.94,430326052,2.454,2023-Q1,3558.0,2483.7,452.4,283.0
2023-02-21,12.52,859478843,-3.246,2023-Q1,3558.0,2483.7,452.4,283.0
2023-02-22,12.62,431335922,0.799,2023-Q1,3558.0,2483.7,452.4,283.0
2023-02-23,11.95,759835219,-5.309,2023-Q1,3558.0,2483.7,452.4,283.0
2023-02-24,11.53,223260713,-3.515,2023-Q1,3558.0,2483.7,452.4,283.0
2023-02-27,11.61,628084574,0.694,2023-Q1,3558.0,2483.7,452.4,283.0
2023-02-28,11.87,633002057,2.239,2023-Q1,3558.0,2483.7,452.4,283.0
2023-03-01,11.95,62671783,0.674,2023-Q1,3558.0,2483.7,452.4,283.0
2023-03-02,11.93,399979838,-0.167,2023-Q1,3558.0,2483.7,452.4,283.0
2023-03-03,11.85,369592437,-0.671,2023-Q1,3558.0,2483.7,452.4,283.0
2023-03-06,11.38,584596623,-3.966,2023-Q1,3558.0,2483.7,452.4,283.0
2023-03-07,11.17,373644132,-1.845,2023-Q1,3558.0,2483.7,452.4,283.0
2023-03-08,11.05,1555191532,-1.074,2023-Q1,3558.0,2483.7,452.4,283.0
2023-03-09,11.4,1018184932,3.167,2023-Q1,3558.0,2483.7,452.4,283.0
2023-03-10,11.53,501435266,1.14,2023-Q1,3558.0,2483.7,452.4,283.0
2023-03-13,10.98,396034774,-4.77,2023-Q1,3558.0,2483.7,452.4,283.0
2023-03-14,11.1,115560861,1.093,2023-Q1,3558.0,2483.7,452.4,283.0
2023-03-15,11.0,378542708,-0.901,2023-Q1,3558.0,2483.7,452.4,283.0
2023-03-16,10.81,356190881,-1.727,2023-Q1,3558.0,2483.7,452.4,283.0
2023-03-17,11.01,1499591341,1.85,2023-Q1,3558.0,2483.7,452.4,283.0
2023-03-20,11.35,484467807,3.088,2023-Q1,3558.0,2483.7,452.4,283.0
2023-03-21,11.67,689920727,2.819,2023-Q1,3558.0,2483.7,452.4,283.0
2023-03-22,11.42,203696007,-2.142,2023-Q1,3558.0,2483.7,452.4,283.0
2023-03-23,11.34,604426216,-0.701,2023-Q1,3558.0,2483.7,452.4,283.0
2023-03-24,11.46,21463810,1.058,2023-Q1,3558.0,2483.7,452.4,283.0
2023-03-27,11.8,782081107,2.967,2023-Q1,3558.0,2483.7,452.4,283.0
2023-03-28,11.66,164114539,-1.186,2023-Q1,3558.0,2483.7,452.4,283.0
2023-03-29,11.62,119650148,-0.343,2023-Q1,3558.0,2483.7,452.4,283.0
2023-03-30,11.28,298418373,-2.926,2023-Q1,3558.0,2483.7,452.4,283.0
2023-03-31,10.92,592351208,-3.191,2023-Q1,3558.0,2483.7,452.4,283.0
2023-04-03,11.19,297473846,2.473,2023-Q2,5227.5,2561.5,472.0,307.9
2023-04-04,11.64,135276887,4.021,2023-Q2,5227.5,2561.5,472.0,307.9
2023-04-05,11.63,492124757,-0.086,2023-Q2,5227.5,2561.5,472.0,307.9
2023-04-06,11.98,169270639,3.009,2023-Q2,5227.5,2561.5,472.0,307.9
2023-04-07,12.13,297740839,1.252,2023-Q2,5227.5,2561.5,472.0,307.9
2023-04-10,11.93,190801301,-1.649,2023-Q2,5227.5,2561.5,472.0,307.9
2023-04-11,12.07,381195490,1.174,2023-Q2,5227.5,2561.5,472.0,307.9
2023-04-12,12.61,311449028,4.474,2023-Q2,5227.5,2561.5,472.0,307.9
2023-04-13,12.62,384128191,0.079,2023-Q2,5227.5,2561.5,472.0,307.9
2023-04-14,13.2,1574632894,4.596,2023-Q2,5227.5,2561.5,472.0,307.9
2023-04-17,12.25,124785202,-7.197,2023-Q2,5227.5,2561.5,472.0,307.9
2023-04-18,12.56,860474242,2.531,2023-Q2,5227.5,2561.5,472.0,307.9
2023-04-19,12.61,10577475,0.398,2023-Q2,5227.5,2561.5,472.0,307.9
2023-04-20,12.53,116076438,-0.634,2023-Q2,5227.5,2561.5,472.0,307.9
2023-04-21,12.58,402249004,0.399,2023-Q2,5227.5,2561.5,472.0,307.9
2023-04-24,11.9,306912007,-5.405,2023-Q2,5227.5,2561.5,472.0,307.9
2023-04-25,11.85,507692382,-0.42,2023-Q2,5227.5,2561.5,472.0,307.9
2023-04-26,11.99,258267584,1.181,2023-Q2,5227.5,2561.5,472.0,307.9
2023-04-27,12.51,328834777,4.337,2023-Q2,5227.5,2561.5,472.0,307.9
2023-04-28,12.35,324306067,-1.279,2023-Q2,5227.5,2561.5,472.0,307.9
2023-05-01,12.09,356522258,-2.105,2023-Q2,5227.5,2561.5,472.0,307.9
2023-05-02,11.95,376320720,-1.158,2023-Q2,5227.5,2561.5,472.0,307.9
2023-05-03,12.27,315405216,2.678,2023-Q2,5227.5,2561.5,472.0,307.9
2023-05-04,12.41,263347938,1.141,2023-Q2,5227.5,2561.5,472.0,307.9
2023-05-05,12.25,292022178,-1.289,2023-Q2,5227.5,2561.5,472.0,307.9
2023-05-08,12.45,419036763,1.633,2023-Q2,5227.5,2561.5,472.0,307.9
2023-05-09,12.5,425297723,0.402,2023-Q2,5227.5,2561.5,472.0,307.9
2023-05-10,12.86,201718119,2.88,2023-Q2,5227.5,2561.5,472.0,307.9
2023-05-11,12.63,153712799,-1.788,2023-Q2,5227.5,2561.5,472.0,307.9
2023-05-12,12.54,65084751,-0.713,2023-Q2,5227.5,2561.5,472.0,307.9
2023-05-15,12.43,1092246787,-0.877,2023-Q2,5227.5,2561.5,472.0,307.9
2023-05-16,11.94,111257327,-3.942,2023-Q2,5227.5,2561.5,472.0,307.9
2023-05-17,12.06,174654931,1.005,2023-Q2,5227.5,2561.5,472.0,307.9
2023-05-18,12.17,607702359,0.912,2023-Q2,5227.5,2561.5,472.0,307.9
2023-05-19,12.19,91331564,0.164,2023-Q2,5227.5,2561.5,472.0,307.9
2023-05-22,12.13,226522950,-0.492,2023-Q2,5227.5,2561.5,472.0,307.9
2023-05-23,11.68,699950659,-3.71,2023-Q2,5227.5,2561.5,472.0,307.9
2023-05-24,11.56,349637188,-1.027,2023-Q2,5227.5,2561.5,472.0,307.9
2023-05-25,11.47,1352703437,-0.779,2023-Q2,5227.5,2561.5,472.0,307.9
2023-05-26,11.23,580766922,-2.092,2023-Q2,5227.5,2561.5,472.0,307.9
2023-05-29,11.2,106948426,-0.267,2023-Q2,5227.5,2561.5,472.0,307.9
2023-05-30,11.35,389349161,1.339,2023-Q2,5227.5,2561.5,472.0,307.9
2023-05-31,11.97,70166325,5.463,2023-Q2,5227.5,2561.5,472.0,307.9
2023-06-01,12.05,539263545,0.668,2023-Q2,5227.5,2561.5,472.0,307.9
2023-06-02,12.16,245868576,0.913,2023-Q2,5227.5,2561.5,472.0,307.9
2023-06-05,12.15,531889916,-0.082,2023-Q2,5227.5,2561.5,472.0,307.9
2023-06-06,11.52,1036877310,-5.185,2023-Q2,5227.5,2561.5,472.0,307.9
2023-06-07,11.53,1010399523,0.087,2023-Q2,5227.5,2561.5,472.0,307.9
2023-06-08,11.57,321651345,0.347,2023-Q2,5227.5,2561.5,472.0,307.9
2023-06-09,12.39,643955090,7.087,2023-Q2,5227.5,2561.5,472.0,307.9
2023-06-12,12.35,275668243,-0.323,2023-Q2,5227.5,2561.5,472.0,307.9
2023-06-13,12.48,425481246,1.053,2023-Q2,5227.5,2561.5,472.0,307.9
2023-06-14,12.49,81830920,0.08,2023-Q2,5227.5,2561.5,472.0,307.9
2023-06-15,12.1,183784798,-3.122,2023-Q2,5227.5,2561.5,472.0,307.9
2023-06-16,12.51,556973239,3.388,2023-Q2,5227.5,2561.5,472.0,307.9
2023-06-19,12.79,60390875,2.238,2023-Q2,5227.5,2561.5,472.0,307.9
2023-06-20,13.1,397026528,2.424,2023-Q2,5227.5,2561.5,472.0,307.9
2023-06-21,12.79,423346971,-2.366,2023-Q2,5227.5,2561.5,472.0,307.9
2023-06-22,13.32,573260029,4.144,2023-Q2,5227.5,2561.5,472.0,307.9
2023-06-23,12.82,83242103,-3.754,2023-Q2,5227.5,2561.5,472.0,307.9
2023-06-26,13.05,66545985,1.794,2023-Q2,5227.5,2561.5,472.0,307.9
2023-06-27,13.88,735048953,6.36,2023-Q2,5227.5,2561.5,472.0,307.9
2023-06-28,13.52,426899541,-2.594,2023-Q2,5227.5,2561.5,472.0,307.9
2023-06-29,13.33,284474538,-1.405,2023-Q2,5227.5,2561.5,472.0,307.9
2023-06-30,13.39,79810822,0.45,2023-Q2,5227.5,2561.5,472.0,307.9
2023-07-03,13.22,269789490,-1.27,2023-Q3,7475.2,2683.4,500.4,322.1
2023-07-04,12.67,139411281,-4.16,2023-Q3,7475.2,2683.4,500.4,322.1
2023-07-05,12.72,715792420,0.395,2023-Q3,7475.2,2683.4,500.4,322.1
2023-07-06,12.36,107779589,-2.83,2023-Q3,7475.2,2683.4,500.4,322.1
2023-07-07,12.55,314367849,1.537,2023-Q3,7475.2,2683.4,500.4,322.1
2023-07-10,12.25,669604077,-2.39,2023-Q3,7475.2,2683.4,500.4,322.1
2023-07-11,12.8,589205569,4.49,2023-Q3,7475.2,2683.4,500.4,322.1
2023-07-12,12.54,260315724,-2.031,2023-Q3,7475.2,2683.4,500.4,322.1
2023-07-13,12.45,596656542,-0.718,2023-Q3,7475.2,2683.4,500.4,322.1
2023-07-14,12.76,674463349,2.49,2023-Q3,7475.2,2683.4,500.4,322.1
2023-07-17,12.34,420817366,-3.292,2023-Q3,7475.2,2683.4,500.4,322.1
2023-07-18,12.44,528062905,0.81,2023-Q3,7475.2,2683.4,500.4,322.1
2023-07-19,12.92,321621442,3.859,2023-Q3,7475.2,2683.4,500.4,322.1
2023-07-20,12.36,822441434,-4.334,2023-Q3,7475.2,2683.4,500.4,322.1
2023-07-21,12.45,359016744,0.728,2023-Q3,7475.2,2683.4,500.4,322.1
2023-07-24,12.56,99062785,0.884,2023-Q3,7475.2,2683.4,500.4,322.1
2023-07-25,12.86,552410823,2.389,2023-Q3,7475.2,2683.4,500.4,322.1
2023-07-26,12.44,149920579,-3.266,2023-Q3,7475.2,2683.4,500.4,322.1
2023-07-27,12.0,904846758,-3.537,2023-Q3,7475.2,2683.4,500.4,322.1
2023-07-28,12.2,521907572,1.667,2023-Q3,7475.2,2683.4,500.4,322.1
2023-07-31,12.32,48734908,0.984,2023-Q3,7475.2,2683.4,500.4,322.1
2023-08-01,12.43,708614241,0.893,2023-Q3,7475.2,2683.4,500.4,322.1
2023-08-02,12.57,478131556,1.126,2023-Q3,7475.2,2683.4,500.4,322.1
2023-08-03,12.36,643535702,-1.671,2023-Q3,7475.2,2683.4,500.4,322.1
2023-08-04,12.46,402406443,0.809,2023-Q3,7475.2,2683.4,500.4,322.1
2023-08-07,12.58,885478706,0.963,2023-Q3,7475.2,2683.4,500.4,322.1
2023-08-08,12.35,217411352,-1.828,2023-Q3,7475.2,2683.4,500.4,322.1
2023-08-09,13.02,738764779,5.425,2023-Q3,7475.2,2683.4,500.4,322.1
2023-08-10,13.22,493215916,1.536,2023-Q3,7475.2,2683.4,500.4,322.1
2023-08-11,12.8,70801178,-3.177,2023-Q3,7475.2,2683.4,500.4,322.1
2023-08-14,13.06,63709964,2.031,2023-Q3,7475.2,2683.4,500.4,322.1
2023-08-15,12.73,307790543,-2.527,2023-Q3,7475.2,2683.4,500.4,322.1
2023-08-16,13.03,195245259,2.357,2023-Q3,7475.2,2683.4,500.4,322.1
2023-08-17,13.48,49374843,3.454,2023-Q3,7475.2,2683.4,500.4,322.1
2023-08-18,13.19,128404895,-2.151,2023-Q3,7475.2,2683.4,500.4,322.1
2023-08-21,13.57,345936552,2.881,2023-Q3,7475.2,2683.4,500.4,322.1
2023-08-22,13.75,192423676,1.326,2023-Q3,7475.2,2683.4,500.4,322.1
2023-08-23,14.09,1609308064,2.473,2023-Q3,7475.2,2683.4,500.4,322.1
2023-08-24,14.87,225361292,5.536,2023-Q3,7475.2,2683.4,500.4,322.1
2023-08-25,14.79,874338843,-0.538,2023-Q3,7475.2,2683.4,500.4,322.1
2023-08-28,14.51,1134183939,-1.893,2023-Q3,7475.2,2683.4,500.4,322.1
2023-08-29,14.17,258747931,-2.343,2023-Q3,7475.2,2683.4,500.4,322.1
2023-08-30,13.87,240720025,-2.117,2023-Q3,7475.2,2683.4,500.4,322.1
2023-08-31,13.87,264532219,0.0,2023-Q3,7475.2,2683.4,500.4,322.1
2023-09-01,14.02,349803772,1.081,2023-Q3,7475.2,2683.4,500.4,322.1
2023-09-04,14.16,295243770,0.999,2023-Q3,7475.2,2683.4,500.4,322.1
2023-09-05,14.51,135695034,2.472,2023-Q3,7475.2,2683.4,500.4,322.1
2023-09-06,14.54,517925426,0.207,2023-Q3,7475.2,2683.4,500.4,322.1
2023-09-07,15.16,295717372,4.264,2023-Q3,7475.2,2683.4,500.4,322.1
2023-09-08,15.08,1675572341,-0.528,2023-Q3,7475.2,2683.4,500.4,322.1
2023-09-11,16.25,772507051,7.759,2023-Q3,7475.2,2683.4,500.4,322.1
2023-09-12,16.57,300574693,1.969,2023-Q3,7475.2,2683.4,500.4,322.1
2023-09-13,16.2,615954216,-2.233,2023-Q3,7475.2,2683.4,500.4,322.1
2023-09-14,15.74,600249068,-2.84,2023-Q3,7475.2,2683.4,500.4,322.1
2023-09-15,15.98,849706772,1.525,2023-Q3,7475.2,2683.4,500.4,322.1
2023-09-18,15.91,66998786,-0.438,2023-Q3,7475.2,2683.4,500.4,322.1
2023-09-19,16.26,125223769,2.2,2023-Q3,7475.2,2683.4,500.4,322.1
2023-09-20,16.5,195337525,1.476,2023-Q3,7475.2,2683.4,500.4,322.1
2023-09-21,16.5,405069029,0.0,2023-Q3,7475.2,2683.4,500.4,322.1
2023-09-22,16.14,190263196,-2.182,2023-Q3,7475.2,2683.4,500.4,322.1
2023-09-25,15.48,987705745,-4.089,2023-Q3,7475.2,2683.4,500.4,322.1
2023-09-26,15.32,145151933,-1.034,2023-Q3,7475.2,2683.4,500.4,322.1
2023-09-27,15.71,491026230,2.546,2023-Q3,7475.2,2683.4,500.4,322.1
2023-09-28,15.83,515595522,0.764,2023-Q3,7475.2,2683.4,500.4,322.1
2023-09-29,15.31,554306793,-3.285,2023-Q3,7475.2,2683.4,500.4,322.1
2023-10-02,15.41,684416033,0.653,2023-Q4,10226.4,2650.4,507.3,359.6
2023-10-03,15.61,825506808,1.298,2023-Q4,10226.4,2650.4,507.3,359.6
2023-10-04,15.25,1121950926,-2.306,2023-Q4,10226.4,2650.4,507.3,359.6
2023-10-05,15.34,305819396,0.59,2023-Q4,10226.4,2650.4,507.3,359.6
2023-10-06,15.39,200101135,0.326,2023-Q4,10226.4,2650.4,507.3,359.6
2023-10-09,14.93,563931440,-2.989,2023-Q4,10226.4,2650.4,507.3,359.6
2023-10-10,15.1,557700629,1.139,2023-Q4,10226.4,2650.4,507.3,359.6
2023-10-11,15.37,738595785,1.788,2023-Q4,10226.4,2650.4,507.3,359.6
2023-10-12,15.86,97046474,3.188,2023-Q4,10226.4,2650.4,507.3,359.6
2023-10-13,16.36,710531108,3.153,2023-Q4,10226.4,2650.4,507.3,359.6
2023-10-16,15.76,115371758,-3.667,2023-Q4,10226.4,2650.4,507.3,359.6
2023-10-17,15.37,510442743,-2.475,2023-Q4,10226.4,2650.4,507.3,359.6
2023-10-18,15.62,301488978,1.627,2023-Q4,10226.4,2650.4,507.3,359.6
2023-10-19,15.87,947050430,1.601,2023-Q4,10226.4,2650.4,507.3,359.6
2023-10-20,16.13,103870243,1.638,2023-Q4,10226.4,2650.4,507.3,359.6
2023-10-23,17.9,480132742,10.973,2023-Q4,10226.4,2650.4,507.3,359.6
2023-10-24,18.22,568657216,1.788,2023-Q4,10226.4,2650.4,507.3,359.6
2023-10-25,18.83,313753622,3.348,2023-Q4,10226.4,2650.4,507.3,359.6
2023-10-26,19.37,481782098,2.868,2023-Q4,10226.4,2650.4,507.3,359.6
2023-10-27,19.76,284143188,2.013,2023-Q4,10226.4,2650.4,507.3,359.6
2023-10-30,19.62,466519671,-0.709,2023-Q4,10226.4,2650.4,507.3,359.6
2023-10-31,20.07,556094159,2.294,2023-Q4,10226.4,2650.4,507.3,359.6
2023-11-01,19.67,273936901,-1.993,2023-Q4,10226.4,2650.4,507.3,359.6
2023-11-02,19.58,383261489,-0.458,2023-Q4,10226.4,2650.4,507.3,359.6
2023-11-03,19.35,45461680,-1.175,2023-Q4,10226.4,2650.4,507.3,359.6
2023-11-06,19.43,305526154,0.413,2023-Q4,10226.4,2650.4,507.3,359.6
2023-11-07,20.72,135616496,6.639,2023-Q4,10226.4,2650.4,507.3,359.6
2023-11-08,19.67,371090268,-5.068,2023-Q4,10226.4,2650.4,507.3,359.6
2023-11-09,20.09,917696966,2.135,2023-Q4,10226.4,2650.4,507.3,359.6
2023-11-10,19.22,1027059765,-4.331,2023-Q4,10226.4,2650.4,507.3,359.6
2023-11-13,19.0,359240390,-1.145,2023-Q4,10226.4,2650.4,507.3,359.6
2023-11-14,19.61,149787246,3.211,2023-Q4,10226.4,2650.4,507.3,359.6
2023-11-15,19.68,137119948,0.357,2023-Q4,10226.4,2650.4,507.3,359.6
2023-11-16,19.12,805084571,-2.846,2023-Q4,10226.4,2650.4,507.3,359.6
2023-11-17,18.77,365892697,-1.831,2023-Q4,10226.4,2650.4,507.3,359.6
2023-11-20,19.16,457163823,2.078,2023-Q4,10226.4,2650.4,507.3,359.6
2023-11-21,18.81,360057427,-1.827,2023-Q4,10226.4,2650.4,507.3,359.6
2023-11-22,18.96,625656741,0.797,2023-Q4,10226.4,2650.4,507.3,359.6
2023-11-23,19.01,423947004,0.264,2023-Q4,10226.4,2650.4,507.3,359.6
2023-11-24,18.7,718312165,-1.631,2023-Q4,10226.4,2650.4,507.3,359.6
2023-11-27,19.86,726270739,6.203,2023-Q4,10226.4,2650.4,507.3,359.6
2023-11-28,20.25,188215373,1.964,2023-Q4,10226.4,2650.4,507.3,359.6
2023-11-29,19.13,554396013,-5.531,2023-Q4,10226.4,2650.4,507.3,359.6
2023-11-30,19.27,1009675126,0.732,2023-Q4,10226.4,2650.4,507.3,359.6
2023-12-01,18.95,625400827,-1.661,2023-Q4,10226.4,2650.4,507.3,359.6
2023-12-04,19.43,577433379,2.533,2023-Q4,10226.4,2650.4,507.3,359.6
2023-12-05,19.04,228112782,-2.007,2023-Q4,10226.4,2650.4,507.3,359.6
2023-12-06,19.01,232075696,-0.158,2023-Q4,10226.4,2650.4,507.3,359.6
2023-12-07,19.31,434502526,1.578,2023-Q4,10226.4,2650.4,507.3,359.6
2023-12-08,19.81,257171446,2.589,2023-Q4,10226.4,2650.4,507.3,359.6
2023-12-11,19.18,875097906,-3.18,2023-Q4,10226.4,2650.4,507.3,359.6
2023-12-12,19.04,384558520,-0.73,2023-Q4,10226.4,2650.4,507.3,359.6
2023-12-13,18.82,245582930,-1.155,2023-Q4,10226.4,2650.4,507.3,359.6
2023-12-14,18.51,893647891,-1.647,2023-Q4,10226.4,2650.4,507.3,359.6
2023-12-15,19.46,163645763,5.132,2023-Q4,10226.4,2650.4,507.3,359.6
2023-12-18,19.71,435126522,1.285,2023-Q4,10226.4,2650.4,507.3,359.6
2023-12-19,19.05,275121033,-3.349,2023-Q4,10226.4,2650.4,507.3,359.6
2023-12-20,19.58,1890632559,2.782,2023-Q4,10226.4,2650.4,507.3,359.6
2023-12-21,20.78,437357926,6.129,2023-Q4,10226.4,2650.4,507.3,359.6
2023-12-22,21.41,206443897,3.032,2023-Q4,10226.4,2650.4,507.3,359.6
2023-12-25,20.54,459402180,-4.064,2023-Q4,10226.4,2650.4,507.3,359.6
2023-12-26,20.3,387693877,-1.168,2023-Q4,10226.4,2650.4,507.3,359.6
2023-12-27,21.06,238679734,3.744,2023-Q4,10226.4,2650.4,507.3,359.6
2023-12-28,20.68,886207083,-1.804,2023-Q4,10226.4,2650.4,507.3,359.6
2023-12-29,20.97,701855903,1.402,2023-Q4,10226.4,2650.4,507.3,359.6
2024-01-01,21.48,551966367,2.432,2024-Q1,14592.0,2834.0,549.6,380.9
2024-01-02,20.98,224954615,-2.328,2024-Q1,14592.0,2834.0,549.6,380.9
2024-01-03,21.0,1424086702,0.095,2024-Q1,14592.0,2834.0,549.6,380.9
2024-01-04,19.15,587772795,-8.81,2024-Q1,14592.0,2834.0,549.6,380.9
2024-01-05,18.65,277615460,-2.611,2024-Q1,14592.0,2834.0,549.6,380.9
2024-01-08,18.56,950571583,-0.483,2024-Q1,14592.0,2834.0,549.6,380.9
2024-01-09,17.96,493942889,-3.233,2024-Q1,14592.0,2834.0,549.6,380.9
2024-01-10,18.83,875201310,4.844,2024-Q1,14592.0,2834.0,549.6,380.9
2024-01-11,18.13,609924507,-3.717,2024-Q1,14592.0,2834.0,549.6,380.9
2024-01-12,17.95,1736487252,-0.993,2024-Q1,14592.0,2834.0,549.6,380.9
2024-01-15,18.06,179628034,0.613,2024-Q1,14592.0,2834.0,549.6,380.9
2024-01-16,18.84,293088811,4.319,2024-Q1,14592.0,2834.0,549.6,380.9
2024-01-17,18.13,2509908636,-3.769,2024-Q1,14592.0,2834.0,549.6,380.9
2024-01-18,18.77,423290067,3.53,2024-Q1,14592.0,2834.0,549.6,380.9
2024-01-19,18.82,162805207,0.266,2024-Q1,14592.0,2834.0,549.6,380.9
2024-01-22,18.35,688428145,-2.497,2024-Q1,14592.0,2834.0,549.6,380.9
2024-01-23,18.64,965078761,1.58,2024-Q1,14592.0,2834.0,549.6,380.9
2024-01-24,18.79,420676147,0.805,2024-Q1,14592.0,2834.0,549.6,380.9
2024-01-25,18.52,64100810,-1.437,2024-Q1,14592.0,2834.0,549.6,380.9
2024-01-26,18.61,207763450,0.486,2024-Q1,14592.0,2834.0,549.6,380.9
2024-01-29,18.46,97889466,-0.806,2024-Q1,14592.0,2834.0,549.6,380.9
2024-01-30,18.56,1609684547,0.542,2024-Q1,14592.0,2834.0,549.6,380.9
2024-01-31,18.96,89347650,2.155,2024-Q1,14592.0,2834.0,549.6,380.9
2024-02-01,19.85,286080897,4.694,2024-Q1,14592.0,2834.0,549.6,380.9
2024-02-02,19.21,681537589,-3.224,2024-Q1,14592.0,2834.0,549.6,380.9
2024-02-05,20.41,143362686,6.247,2024-Q1,14592.0,2834.0,549.6,380.9
2024-02-06,19.35,623980225,-5.194,2024-Q1,14592.0,2834.0,549.6,380.9
2024-02-07,19.31,259011395,-0.207,2024-Q1,14592.0,2834.0,549.6,380.9
2024-02-08,19.68,591980897,1.916,2024-Q1,14592.0,2834.0,549.6,380.9
2024-02-09,19.89,368372853,1.067,2024-Q1,14592.0,2834.0,549.6,380.9
2024-02-12,19.59,412047669,-1.508,2024-Q1,14592.0,2834.0,549.6,380.9
2024-02-13,19.53,966341363,-0.306,2024-Q1,14592.0,2834.0,549.6,380.9
2024-02-14,19.31,161499328,-1.126,2024-Q1,14592.0,2834.0,549.6,380.9
2024-02-15,19.04,593697538,-1.398,2024-Q1,14592.0,2834.0,549.6,380.9
2024-02-16,19.54,827152472,2.626,2024-Q1,14592.0,2834.0,549.6,380.9
2024-02-19,19.79,146484688,1.279,2024-Q1,14592.0,2834.0,549.6,380.9
2024-02-20,19.46,100614952,-1.668,2024-Q1,14592.0,2834.0,549.6,380.9
2024-02-21,20.0,377997356,2.775,2024-Q1,14592.0,2834.0,549.6,380.9
2024-02-22,20.22,569971305,1.1,2024-Q1,14592.0,2834.0,549.6,380.9
2024-02-23,20.74,750577572,2.572,2024-Q1,14592.0,2834.0,549.6,380.9
2024-02-26,21.16,124117770,2.025,2024-Q1,14592.0,2834.0,549.6,380.9
2024-02-27,20.72,855722612,-2.079,2024-Q1,14592.0,2834.0,549.6,380.9
2024-02-28,20.45,1077891020,-1.303,2024-Q1,14592.0,2834.0,549.6,380.9
2024-02-29,20.93,619873804,2.347,2024-Q1,14592.0,2834.0,549.6,380.9
2024-03-01,21.34,1129742149,1.959,2024-Q1,14592.0,2834.0,549.6,380.9
2024-03-04,21.38,364631740,0.187,2024-Q1,14592.0,2834.0,549.6,380.9
2024-03-05,21.51,300150721,0.608,2024-Q1,14592.0,2834.0,549.6,380.9
2024-03-06,22.34,429523529,3.859,2024-Q1,14592.0,2834.0,549.6,380.9
2024-03-07,22.02,187597578,-1.432,2024-Q1,14592.0,2834.0,549.6,380.9
2024-03-08,22.42,291070252,1.817,2024-Q1,14592.0,2834.0,549.6,380.9
2024-03-11,22.35,481375135,-0.312,2024-Q1,14592.0,2834.0,549.6,380.9
2024-03-12,22.27,532030197,-0.358,2024-Q1,14592.0,2834.0,549.6,380.9
2024-03-13,23.02,667397248,3.368,2024-Q1,14592.0,2834.0,549.6,380.9
2024-03-14,23.61,45944148,2.563,2024-Q1,14592.0,2834.0,549.6,380.9
2024-03-15,24.21,2611529099,2.541,2024-Q1,14592.0,2834.0,549.6,380.9
2024-03-18,25.15,209142508,3.883,2024-Q1,14592.0,2834.0,549.6,380.9
2024-03-19,25.23,763793106,0.318,2024-Q1,14592.0,2834.0,549.6,380.9
2024-03-20,25.78,592755908,2.18,2024-Q1,14592.0,2834.0,549.6,380.9
2024-03-21,25.62,277892207,-0.621,2024-Q1,14592.0,2834.0,549.6,380.9
2024-03-22,25.92,718181400,1.171,2024-Q1,14592.0,2834.0,549.6,380.9
2024-03-25,25.9,215011376,-0.077,2024-Q1,14592.0,2834.0,549.6,380.9
2024-03-26,26.03,472767024,0.502,2024-Q1,14592.0,2834.0,549.6,380.9
2024-03-27,26.54,1693521456,1.959,2024-Q1,14592.0,2834.0,549.6,380.9
2024-03-28,26.0,335427970,-2.035,2024-Q1,14592.0,2834.0,549.6,380.9
2024-03-29,27.59,511843384,6.115,2024-Q1,14592.0,2834.0,549.6,380.9
2024-04-01,26.88,183132439,-2.573,2024-Q2,21061.7,2873.1,576.4,401.0
2024-04-02,26.04,785387127,-3.125,2024-Q2,21061.7,2873.1,576.4,401.0
2024-04-03,26.95,250428934,3.495,2024-Q2,21061.7,2873.1,576.4,401.0
2024-04-04,27.62,609297396,2.486,2024-Q2,21061.7,2873.1,576.4,401.0
2024-04-05,28.17,976817323,1.991,2024-Q2,21061.7,2873.1,576.4,401.0
2024-04-08,28.74,399860402,2.023,2024-Q2,21061.7,2873.1,576.4,401.0
2024-04-09,28.81,736983776,0.244,2024-Q2,21061.7,2873.1,576.4,401.0
2024-04-10,28.16,638492368,-2.256,2024-Q2,21061.7,2873.1,576.4,401.0
2024-04-11,28.29,1006851498,0.462,2024-Q2,21061.7,2873.1,576.4,401.0
2024-04-12,27.83,742359032,-1.626,2024-Q2,21061.7,2873.1,576.4,401.0
2024-04-15,28.66,1166147507,2.982,2024-Q2,21061.7,2873.1,576.4,401.0
2024-04-16,28.62,399680867,-0.14,2024-Q2,21061.7,2873.1,576.4,401.0
2024-04-17,28.03,148429372,-2.061,2024-Q2,21061.7,2873.1,576.4,401.0
2024-04-18,27.85,94211940,-0.642,2024-Q2,21061.7,2873.1,576.4,401.0
2024-04-19,28.24,106352493,1.4,2024-Q2,21061.7,2873.1,576.4,401.0
2024-04-22,27.87,387657364,-1.31,2024-Q2,21061.7,2873.1,576.4,401.0
2024-04-23,27.3,563841411,-2.045,2024-Q2,21061.7,2873.1,576.4,401.0
2024-04-24,27.56,272903877,0.952,2024-Q2,21061.7,2873.1,576.4,401.0
2024-04-25,27.82,277667991,0.943,2024-Q2,21061.7,2873.1,576.4,401.0
2024-04-26,27.5,342182859,-1.15,2024-Q2,21061.7,2873.1,576.4,401.0
2024-04-29,27.21,490428829,-1.055,2024-Q2,21061.7,2873.1,576.4,401.0
2024-04-30,27.45,1291218374,0.882,2024-Q2,21061.7,2873.1,576.4,401.0
2024-05-01,26.41,73915683,-3.789,2024-Q2,21061.7,2873.1,576.4,401.0
2024-05-02,25.44,811982835,-3.673,2024-Q2,21061.7,2873.1,576.4,401.0
2024-05-03,24.99,758216357,-1.769,2024-Q2,21061.7,2873.1,576.4,401.0
2024-05-06,24.91,409165241,-0.32,2024-Q2,21061.7,2873.1,576.4,401.0
2024-05-07,25.19,669796138,1.124,2024-Q2,21061.7,2873.1,576.4,401.0
2024-05-08,26.3,432168033,4.407,2024-Q2,21061.7,2873.1,576.4,401.0
2024-05-09,27.0,750259983,2.662,2024-Q2,21061.7,2873.1,576.4,401.0
2024-05-10,26.95,234459797,-0.185,2024-Q2,21061.7,2873.1,576.4,401.0
2024-05-13,27.0,209058085,0.186,2024-Q2,21061.7,2873.1,576.4,401.0
2024-05-14,26.32,65464208,-2.519,2024-Q2,21061.7,2873.1,576.4,401.0
2024-05-15,26.37,676667863,0.19,2024-Q2,21061.7,2873.1,576.4,401.0
2024-05-16,26.23,304192746,-0.531,2024-Q2,21061.7,2873.1,576.4,401.0
2024-05-17,26.53,104102704,1.144,2024-Q2,21061.7,2873.1,576.4,401.0
2024-05-20,25.98,213561085,-2.073,2024-Q2,21061.7,2873.1,576.4,401.0
2024-05-21,26.43,756090858,1.732,2024-Q2,21061.7,2873.1,576.4,401.0
2024-05-22,27.63,573651781,4.54,2024-Q2,21061.7,2873.1,576.4,401.0
2024-05-23,27.62,221445523,-0.036,2024-Q2,21061.7,2873.1,576.4,401.0
2024-05-24,28.0,1282712001,1.376,2024-Q2,21061.7,2873.1,576.4,401.0
2024-05-27,28.62,480506896,2.214,2024-Q2,21061.7,2873.1,576.4,401.0
2024-05-28,28.37,720332680,-0.874,2024-Q2,21061.7,2873.1,576.4,401.0
2024-05-29,28.62,567829013,0.881,2024-Q2,21061.7,2873.1,576.4,401.0
2024-05-30,28.71,406906906,0.314,2024-Q2,21061.7,2873.1,576.4,401.0
2024-05-31,28.86,688026989,0.522,2024-Q2,21061.7,2873.1,576.4,401.0
2024-06-03,28.31,1117561268,-1.906,2024-Q2,21061.7,2873.1,576.4,401.0
2024-06-04,28.4,402520155,0.318,2024-Q2,21061.7,2873.1,576.4,401.0
2024-06-05,28.87,871925384,1.655,2024-Q2,21061.7,2873.1,576.4,401.0
2024-06-06,30.12,282526983,4.33,2024-Q2,21061.7,2873.1,576.4,401.0
2024-06-07,31.01,1634580021,2.955,2024-Q2,21061.7,2873.1,576.4,401.0
2024-06-10,32.96,250404102,6.288,2024-Q2,21061.7,2873.1,576.4,401.0
2024-06-11,32.34,2011504061,-1.881,2024-Q2,21061.7,2873.1,576.4,401.0
2024-06-12,33.21,162690143,2.69,2024-Q2,21061.7,2873.1,576.4,401.0
2024-06-13,33.47,387824070,0.783,2024-Q2,21061.7,2873.1,576.4,401.0
2024-06-14,35.61,721643720,6.394,2024-Q2,21061.7,2873.1,576.4,401.0
2024-06-17,34.89,1181620945,-2.022,2024-Q2,21061.7,2873.1,576.4,401.0
2024-06-18,34.16,1482865168,-2.092,2024-Q2,21061.7,2873.1,576.4,401.0
2024-06-19,33.68,1355626783,-1.405,2024-Q2,21061.7,2873.1,576.4,401.0
2024-06-20,31.76,705430833,-5.701,2024-Q2,21061.7,2873.1,576.4,401.0
2024-06-21,31.38,267107222,-1.196,2024-Q2,21061.7,2873.1,576.4,401.0
2024-06-24,30.79,1022940705,-1.88,2024-Q2,21061.7,2873.1,576.4,401.0
2024-06-25,31.0,1107098509,0.682,2024-Q2,21061.7,2873.1,576.4,401.0
2024-06-26,31.38,654533728,1.226,2024-Q2,21061.7,2873.1,576.4,401.0
2024-06-27,33.11,334978830,5.513,2024-Q2,21061.7,2873.1,576.4,401.0
2024-06-28,34.08,191949114,2.93,2024-Q2,21061.7,2873.1,576.4,401.0
2024-07-01,33.62,285064880,-1.35,2024-Q3,30198.2,3037.8,605.2,432.6
2024-07-02,32.86,272644633,-2.261,2024-Q3,30198.2,3037.8,605.2,432.6
2024-07-03,33.4,538872054,1.643,2024-Q3,30198.2,3037.8,605.2,432.6
2024-07-04,32.25,1067286694,-3.443,2024-Q3,30198.2,3037.8,605.2,432.6
2024-07-05,33.98,571796528,5.364,2024-Q3,30198.2,3037.8,605.2,432.6
2024-07-08,35.2,178583951,3.59,2024-Q3,30198.2,3037.8,605.2,432.6
2024-07-09,34.82,865396338,-1.08,2024-Q3,30198.2,3037.8,605.2,432.6
2024-07-10,33.24,1791343442,-4.538,2024-Q3,30198.2,3037.8,605.2,432.6
2024-07-11,34.59,569075018,4.061,2024-Q3,30198.2,3037.8,605.2,432.6
2024-07-12,34.57,296271592,-0.058,2024-Q3,30198.2,3037.8,605.2,432.6
2024-07-15,35.86,218347351,3.732,2024-Q3,30198.2,3037.8,605.2,432.6
2024-07-16,34.35,833177651,-4.211,2024-Q3,30198.2,3037.8,605.2,432.6
2024-07-17,33.86,1484594047,-1.426,2024-Q3,30198.2,3037.8,605.2,432.6
2024-07-18,33.96,414922045,0.295,2024-Q3,30198.2,3037.8,605.2,432.6
2024-07-19,34.09,340954825,0.383,2024-Q3,30198.2,3037.8,605.2,432.6
2024-07-22,33.75,563317247,-0.997,2024-Q3,30198.2,3037.8,605.2,432.6
2024-07-23,34.43,924642848,2.015,2024-Q3,30198.2,3037.8,605.2,432.6
2024-07-24,33.49,280077196,-2.73,2024-Q3,30198.2,3037.8,605.2,432.6
2024-07-25,33.44,633160997,-0.149,2024-Q3,30198.2,3037.8,605.2,432.6
2024-07-26,33.64,771984297,0.598,2024-Q3,30198.2,3037.8,605.2,432.6
2024-07-29,34.21,815236548,1.694,2024-Q3,30198.2,3037.8,605.2,432.6
2024-07-30,34.98,203086748,2.251,2024-Q3,30198.2,3037.8,605.2,432.6
2024-07-31,33.97,245259552,-2.887,2024-Q3,30198.2,3037.8,605.2,432.6
2024-08-01,32.6,574340831,-4.033,2024-Q3,30198.2,3037.8,605.2,432.6
2024-08-02,33.85,890010242,3.834,2024-Q3,30198.2,3037.8,605.2,432.6
2024-08-05,34.25,2030649656,1.182,2024-Q3,30198.2,3037.8,605.2,432.6
2024-08-06,33.63,191162039,-1.81,2024-Q3,30198.2,3037.8,605.2,432.6
2024-08-07,35.17,651528621,4.579,2024-Q3,30198.2,3037.8,605.2,432.6
2024-08-08,35.38,539466735,0.597,2024-Q3,30198.2,3037.8,605.2,432.6
2024-08-09,36.64,377019138,3.561,2024-Q3,30198.2,3037.8,605.2,432.6
2024-08-12,36.8,1192289012,0.437,2024-Q3,30198.2,3037.8,605.2,432.6
2024-08-13,39.02,817152426,6.033,2024-Q3,30198.2,3037.8,605.2,432.6
2024-08-14,41.04,835355156,5.177,2024-Q3,30198.2,3037.8,605.2,432.6
2024-08-15,40.86,180936186,-0.439,2024-Q3,30198.2,3037.8,605.2,432.6
2024-08-16,42.08,408069861,2.986,2024-Q3,30198.2,3037.8,605.2,432.6
2024-08-19,42.95,565725539,2.067,2024-Q3,30198.2,3037.8,605.2,432.6
2024-08-20,44.71,619874633,4.098,2024-Q3,30198.2,3037.8,605.2,432.6
2024-08-21,43.62,2389597463,-2.438,2024-Q3,30198.2,3037.8,605.2,432.6
2024-08-22,44.57,428545363,2.178,2024-Q3,30198.2,3037.8,605.2,432.6
2024-08-23,46.0,23002321,3.208,2024-Q3,30198.2,3037.8,605.2,432.6
2024-08-26,43.86,574574940,-4.652,2024-Q3,30198.2,3037.8,605.2,432.6
2024-08-27,42.52,792446400,-3.055,2024-Q3,30198.2,3037.8,605.2,432.6
2024-08-28,40.2,571421960,-5.456,2024-Q3,30198.2,3037.8,605.2,432.6
2024-08-29,40.0,9019187,-0.498,2024-Q3,30198.2,3037.8,605.2,432.6
2024-08-30,40.91,683804303,2.275,2024-Q3,30198.2,3037.8,605.2,432.6
2024-09-02,42.74,813542332,4.473,2024-Q3,30198.2,3037.8,605.2,432.6
2024-09-03,42.94,164720496,0.468,2024-Q3,30198.2,3037.8,605.2,432.6
2024-09-04,45.01,306272003,4.821,2024-Q3,30198.2,3037.8,605.2,432.6
2024-09-05,43.39,525289461,-3.599,2024-Q3,30198.2,3037.8,605.2,432.6
2024-09-06,41.43,344498376,-4.517,2024-Q3,30198.2,3037.8,605.2,432.6
2024-09-09,41.47,394837785,0.097,2024-Q3,30198.2,3037.8,605.2,432.6
2024-09-10,42.03,693385263,1.35,2024-Q3,30198.2,3037.8,605.2,432.6
2024-09-11,42.1,325827581,0.167,2024-Q3,30198.2,3037.8,605.2,432.6
2024-09-12,39.77,122092212,-5.534,2024-Q3,30198.2,3037.8,605.2,432.6
2024-09-13,39.77,1047088706,0.0,2024-Q3,30198.2,3037.8,605.2,432.6
2024-09-16,38.42,216559698,-3.395,2024-Q3,30198.2,3037.8,605.2,432.6
2024-09-17,39.24,470975474,2.134,2024-Q3,30198.2,3037.8,605.2,432.6
2024-09-18,39.75,365483051,1.3,2024-Q3,30198.2,3037.8,605.2,432.6
2024-09-19,38.81,189256071,-2.365,2024-Q3,30198.2,3037.8,605.2,432.6
2024-09-20,38.35,1030379963,-1.185,2024-Q3,30198.2,3037.8,605.2,432.6
2024-09-23,37.31,957455680,-2.712,2024-Q3,30198.2,3037.8,605.2,432.6
2024-09-24,37.34,406101492,0.08,2024-Q3,30198.2,3037.8,605.2,432.6
2024-09-25,38.44,553131931,2.946,2024-Q3,30198.2,3037.8,605.2,432.6
2024-09-26,37.48,608845767,-2.497,2024-Q3,30198.2,3037.8,605.2,432.6
2024-09-27,38.1,201726932,1.654,2024-Q3,30198.2,3037.8,605.2,432.6
2024-09-30,37.64,230579471,-1.207,2024-Q3,30198.2,3037.8,605.2,432.6
2024-10-01,36.9,548635090,-1.966,2024-Q4,42144.3,2999.6,637.1,475.1
2024-10-02,36.89,186383878,-0.027,2024-Q4,42144.3,2999.6,637.1,475.1
2024-10-03,35.91,545841067,-2.657,2024-Q4,42144.3,2999.6,637.1,475.1
2024-10-04,35.45,37572137,-1.281,2024-Q4,42144.3,2999.6,637.1,475.1
2024-10-07,34.35,391299635,-3.103,2024-Q4,42144.3,2999.6,637.1,475.1
2024-10-08,36.33,698923084,5.764,2024-Q4,42144.3,2999.6,637.1,475.1
2024-10-09,36.46,661094090,0.358,2024-Q4,42144.3,2999.6,637.1,475.1
2024-10-10,35.84,1229117651,-1.7,2024-Q4,42144.3,2999.6,637.1,475.1
2024-10-11,36.15,203312106,0.865,2024-Q4,42144.3,2999.6,637.1,475.1
2024-10-14,36.13,529245087,-0.055,2024-Q4,42144.3,2999.6,637.1,475.1
2024-10-15,36.0,1076981220,-0.36,2024-Q4,42144.3,2999.6,637.1,475.1
2024-10-16,36.71,698971686,1.972,2024-Q4,42144.3,2999.6,637.1,475.1
2024-10-17,37.59,998956703,2.397,2024-Q4,42144.3,2999.6,637.1,475.1
2024-10-18,37.13,189047182,-1.224,2024-Q4,42144.3,2999.6,637.1,475.1
2024-10-21,36.62,598187660,-1.374,2024-Q4,42144.3,2999.6,637.1,475.1
2024-10-22,36.44,475286605,-0.492,2024-Q4,42144.3,2999.6,637.1,475.1
2024-10-23,34.18,611982692,-6.202,2024-Q4,42144.3,2999.6,637.1,475.1
2024-10-24,32.82,284917557,-3.979,2024-Q4,42144.3,2999.6,637.1,475.1
2024-10-25,34.16,1362877589,4.083,2024-Q4,42144.3,2999.6,637.1,475.1
2024-10-28,35.83,930966058,4.889,2024-Q4,42144.3,2999.6,637.1,475.1
2024-10-29,35.67,1256946140,-0.447,2024-Q4,42144.3,2999.6,637.1,475.1
2024-10-30,36.34,709120574,1.878,2024-Q4,42144.3,2999.6,637.1,475.1
2024-10-31,36.75,313654928,1.128,2024-Q4,42144.3,2999.6,637.1,475.1
2024-11-01,40.01,890388324,8.871,2024-Q4,42144.3,2999.6,637.1,475.1
2024-11-04,41.37,1380948135,3.399,2024-Q4,42144.3,2999.6,637.1,475.1
2024-11-05,41.33,711264759,-0.097,2024-Q4,42144.3,2999.6,637.1,475.1
2024-11-06,40.33,254281651,-2.42,2024-Q4,42144.3,2999.6,637.1,475.1
2024-11-07,38.62,353905167,-4.24,2024-Q4,42144.3,2999.6,637.1,475.1
2024-11-08,38.94,595573597,0.829,2024-Q4,42144.3,2999.6,637.1,475.1
2024-11-11,38.22,1507136416,-1.849,2024-Q4,42144.3,2999.6,637.1,475.1
2024-11-12,36.8,1819750491,-3.715,2024-Q4,42144.3,2999.6,637.1,475.1
2024-11-13,36.23,274708414,-1.549,2024-Q4,42144.3,2999.6,637.1,475.1
2024-11-14,35.22,757361964,-2.788,2024-Q4,42144.3,2999.6,637.1,475.1
2024-11-15,36.98,352327843,4.997,2024-Q4,42144.3,2999.6,637.1,475.1
2024-11-18,37.99,174266937,2.731,2024-Q4,42144.3,2999.6,637.1,475.1
2024-11-19,38.08,884479772,0.237,2024-Q4,42144.3,2999.6,637.1,475.1
2024-11-20,39.76,651968404,4.412,2024-Q4,42144.3,2999.6,637.1,475.1
2024-11-21,39.95,683658244,0.478,2024-Q4,42144.3,2999.6,637.1,475.1
2024-11-22,39.09,512567939,-2.153,2024-Q4,42144.3,2999.6,637.1,475.1
2024-11-25,40.85,733230076,4.502,2024-Q4,42144.3,2999.6,637.1,475.1
2024-11-26,41.58,713985563,1.787,2024-Q4,42144.3,2999.6,637.1,475.1
2024-11-27,40.48,1053613573,-2.646,2024-Q4,42144.3,2999.6,637.1,475.1
2024-11-28,40.37,288919463,-0.272,2024-Q4,42144.3,2999.6,637.1,475.1
2024-11-29,39.48,1090372004,-2.205,2024-Q4,42144.3,2999.6,637.1,475.1
2024-12-02,38.06,988834760,-3.597,2024-Q4,42144.3,2999.6,637.1,475.1
2024-12-03,39.14,749359236,2.838,2024-Q4,42144.3,2999.6,637.1,475.1
2024-12-04,41.34,602409296,5.621,2024-Q4,42144.3,2999.6,637.1,475.1
2024-12-05,39.83,547039939,-3.653,2024-Q4,42144.3,2999.6,637.1,475.1
2024-12-06,40.56,551268924,1.833,2024-Q4,42144.3,2999.6,637.1,475.1
2024-12-09,39.92,604255262,-1.578,2024-Q4,42144.3,2999.6,637.1,475.1
2024-12-10,39.48,137277075,-1.102,2024-Q4,42144.3,2999.6,637.1,475.1
2024-12-11,38.93,2394908652,-1.393,2024-Q4,42144.3,2999.6,637.1,475.1
2024-12-12,38.09,1234634682,-2.158,2024-Q4,42144.3,2999.6,637.1,475.1
2024-12-13,38.24,1873295842,0.394,2024-Q4,42144.3,2999.6,637.1,475.1
2024-12-16,37.45,928147484,-2.066,2024-Q4,42144.3,2999.6,637.1,475.1
2024-12-17,37.83,350992604,1.015,2024-Q4,42144.3,2999.6,637.1,475.1
2024-12-18,37.88,842588547,0.132,2024-Q4,42144.3,2999.6,637.1,475.1
2024-12-19,37.72,1063993722,-0.422,2024-Q4,42144.3,2999.6,637.1,475.1
2024-12-20,36.86,262110802,-2.28,2024-Q4,42144.3,2999.6,637.1,475.1
2024-12-23,36.36,1410197502,-1.356,2024-Q4,42144.3,2999.6,637.1,475.1
2024-12-24,37.23,421724085,2.393,2024-Q4,42144.3,2999.6,637.1,475.1
2024-12-25,37.84,995781045,1.638,2024-Q4,42144.3,2999.6,637.1,475.1
2024-12-26,36.91,1548650157,-2.458,2024-Q4,42144.3,2999.6,637.1,475.1
2024-12-27,37.11,736562913,0.542,2024-Q4,42144.3,2999.6,637.1,475.1
2024-12-30,37.98,1558914344,2.344,2024-Q4,42144.3,2999.6,637.1,475.1
2024-12-31,36.31,146799908,-4.397,2024-Q4,42144.3,2999.6,637.1,475.1
