tienda_id,pais,categoria_principal,antiguedad_meses,productos,ventas_totales,ingresos_usd,resenas
SHOP00000,EEUU,Bodas,71,168,1077,72212.85,567
SHOP00001,Espana,Ropa,7,148,1125,31691.25,439
SHOP00002,EEUU,Papeleria,41,339,1393,47570.95,715
SHOP00003,EEUU,Arte,118,319,1594,23575.26,911
SHOP00004,Australia,Vintage,100,242,1926,44972.1,949
SHOP00005,EEUU,Ropa,55,178,638,40008.98,325
SHOP00006,EEUU,Hogar,7,87,646,19619.02,146
SHOP00007,Canada,Ropa,84,161,1402,65150.94,395
SHOP00008,Canada,Bodas,18,113,999,49240.71,589
SHOP00009,Australia,Ropa,109,182,1543,87133.21,736
SHOP00010,Reino Unido,Hogar,43,254,1639,31681.87,695
SHOP00011,Reino Unido,Juguetes,105,257,1466,39435.4,508
SHOP00012,Alemania,Vintage,78,59,420,15036.0,91
SHOP00013,Reino Unido,Joyeria,40,159,1504,46052.48,522
SHOP00014,Canada,Juguetes,53,395,1658,114302.52,662
SHOP00015,Espana,Papeleria,14,95,489,29227.53,139
SHOP00016,Reino Unido,Joyeria,21,343,1992,75178.08,536
SHOP00017,EEUU,Hogar,113,130,1397,87326.47,563
SHOP00018,EEUU,Papeleria,57,341,1160,34278.0,503
SHOP00019,Canada,Vintage,91,173,1603,90922.16,474
SHOP00020,EEUU,Hogar,46,143,937,20492.19,407
SHOP00021,Reino Unido,Hogar,26,9,283,15814.04,158
SHOP00022,Australia,Hogar,91,70,610,22143.0,237
SHOP00023,Canada,Arte,24,115,1189,17430.74,645
SHOP00024,EEUU,Joyeria,5,188,467,11646.98,266
SHOP00025,Australia,Joyeria,42,272,984,32412.96,233
SHOP00026,EEUU,Papeleria,102,174,2166,117960.36,516
SHOP00027,Alemania,Vintage,92,366,904,11318.08,352
SHOP00028,Canada,Arte,106,248,2851,139385.39,1240
SHOP00029,EEUU,Ropa,43,335,2966,155388.74,1098
SHOP00030,Espana,Ropa,32,142,643,31211.22,212
SHOP00031,EEUU,Ropa,88,32,954,52622.64,435
SHOP00032,Francia,Juguetes,6,11,72,1371.6,14
SHOP00033,EEUU,Vintage,74,337,1421,63092.4,834
SHOP00034,EEUU,Hogar,110,321,1537,101979.95,450
SHOP00035,EEUU,Ropa,116,55,951,43622.37,539
SHOP00036,EEUU,Arte,67,140,751,34470.9,182
SHOP00037,Alemania,Papeleria,7,182,1360,72977.6,401
SHOP00038,Alemania,Ropa,29,133,724,20749.84,212
SHOP00039,Australia,Vintage,34,201,471,24223.53,281
SHOP00040,EEUU,Vintage,7,271,1167,75633.27,235
SHOP00041,Reino Unido,Arte,81,111,1697,14729.96,773
SHOP00042,Alemania,Bodas,77,52,1111,68826.45,608
SHOP00043,Reino Unido,Vintage,58,142,791,17046.05,370
SHOP00044,Alemania,Vintage,85,107,1987,72068.49,685
SHOP00045,Canada,Juguetes,31,51,165,10040.25,96
SHOP00046,EEUU,Hogar,73,157,1862,110006.96,1037
SHOP00047,Australia,Hogar,45,372,3120,197496.0,1165
SHOP00048,Alemania,Bodas,47,10,634,42040.54,272
SHOP00049,Alemania,Vintage,77,15,289,10323.08,169
SHOP00050,EEUU,Juguetes,81,21,1217,59255.73,721
SHOP00051,EEUU,Joyeria,72,147,1845,59427.45,700
SHOP00052,EEUU,Papeleria,73,276,2037,60580.38,1097
SHOP00053,EEUU,Joyeria,73,316,1705,59265.8,546
SHOP00054,EEUU,Arte,40,70,452,24439.64,157
SHOP00055,Australia,Joyeria,112,343,2003,78297.27,532
SHOP00056,Canada,Joyeria,116,335,2216,129569.52,628
SHOP00057,Canada,Joyeria,30,260,1132,61354.4,523
SHOP00058,EEUU,Papeleria,62,131,693,6424.11,280
SHOP00059,Francia,Ropa,71,135,1212,57048.84,354
SHOP00060,EEUU,Joyeria,17,22,209,7329.63,75
SHOP00061,Australia,Hogar,103,211,1157,42010.67,404
SHOP00062,Francia,Joyeria,102,93,969,56919.06,576
SHOP00063,Alemania,Juguetes,5,247,562,23575.9,304
SHOP00064,Francia,Hogar,81,354,2137,134438.67,759
SHOP00065,Alemania,Hogar,104,21,1319,68838.61,745
SHOP00066,EEUU,Bodas,1,227,457,19321.96,154
SHOP00067,EEUU,Papeleria,80,374,2748,150535.44,1283
SHOP00068,EEUU,Papeleria,81,367,2806,29126.28,1646
SHOP00069,EEUU,Papeleria,94,214,1136,10996.48,404
SHOP00070,Alemania,Juguetes,31,103,652,8586.84,307
SHOP00071,EEUU,Hogar,35,17,332,11663.16,105
SHOP00072,Australia,Juguetes,109,323,1943,43911.8,595
SHOP00073,EEUU,Bodas,72,274,606,41826.12,260
SHOP00074,Reino Unido,Arte,112,191,1305,54314.1,772
SHOP00075,Francia,Papeleria,30,278,674,33073.18,256
SHOP00076,EEUU,Papeleria,103,137,2544,64337.76,1462
SHOP00077,Alemania,Joyeria,85,18,938,26217.1,530
SHOP00078,Australia,Hogar,15,285,1406,40492.8,423
SHOP00079,EEUU,Juguetes,98,48,1245,63893.4,449
SHOP00080,Reino Unido,Arte,56,381,2383,89052.71,1089
SHOP00081,EEUU,Ropa,60,299,1169,46876.9,476
SHOP00082,Australia,Vintage,27,108,1154,51583.8,275
SHOP00083,Canada,Arte,2,66,364,20263.88,217
SHOP00084,Reino Unido,Joyeria,74,57,601,8173.6,301
SHOP00085,Australia,Vintage,64,313,1859,104420.03,697
SHOP00086,EEUU,Vintage,5,122,275,11803.0,122
SHOP00087,Australia,Joyeria,91,325,1593,78821.64,374
SHOP00088,Espana,Juguetes,68,135,1172,33179.32,466
SHOP00089,Espana,Hogar,111,303,2440,81447.2,1396
SHOP00090,Australia,Ropa,13,310,1748,39032.84,976
SHOP00091,Reino Unido,Joyeria,81,203,1168,80264.96,391
SHOP00092,Francia,Papeleria,85,397,2835,110026.35,1169
SHOP00093,EEUU,Ropa,23,40,359,25043.84,171
SHOP00094,Canada,Ropa,97,283,2302,88327.74,773
SHOP00095,EEUU,Bodas,50,220,1616,34937.92,365
SHOP00096,Francia,Joyeria,79,78,681,26872.26,273
SHOP00097,Alemania,Vintage,78,310,2590,27065.5,1141
SHOP00098,Australia,Arte,73,59,939,60189.9,189
SHOP00099,EEUU,Juguetes,108,385,3938,231357.5,938
SHOP00100,Australia,Arte,37,16,663,35139.0,187
SHOP00101,Australia,Joyeria,30,87,995,45580.95,337
SHOP00102,Alemania,Joyeria,93,36,1492,65573.4,621
SHOP00103,EEUU,Bodas,23,90,776,54164.8,246
SHOP00104,Reino Unido,Bodas,34,236,1932,48763.68,599
SHOP00105,EEUU,Ropa,119,279,1730,97468.2,947
SHOP00106,Reino Unido,Papeleria,64,205,730,32156.5,188
SHOP00107,EEUU,Arte,55,55,989,67746.5,393
SHOP00108,EEUU,Juguetes,71,324,1591,94378.12,924
SHOP00109,EEUU,Juguetes,117,260,2198,153662.18,989
SHOP00110,EEUU,Juguetes,9,245,896,39854.08,436
SHOP00111,EEUU,Bodas,114,209,1975,40843.0,735
SHOP00112,Francia,Bodas,4,390,2328,91327.44,484
SHOP00113,Reino Unido,Hogar,66,388,3435,178929.15,1574
SHOP00114,EEUU,Bodas,91,399,1896,106194.96,858
SHOP00115,Reino Unido,Papeleria,33,200,1743,13996.29,425
SHOP00116,Canada,Juguetes,32,248,1854,72880.74,713
SHOP00117,Francia,Arte,44,324,1196,27005.68,677
SHOP00118,EEUU,Joyeria,109,5,651,40518.24,183
SHOP00119,EEUU,Arte,110,93,1742,30450.16,669
SHOP00120,Francia,Papeleria,37,286,601,29641.32,231
SHOP00121,EEUU,Hogar,91,143,1360,33320.0,713
SHOP00122,EEUU,Ropa,92,91,932,28062.52,493
SHOP00123,EEUU,Arte,67,6,918,60872.58,462
SHOP00124,EEUU,Ropa,60,353,3036,69554.76,1051
SHOP00125,Francia,Ropa,59,172,1509,20960.01,345
SHOP00126,EEUU,Joyeria,36,123,922,11340.6,313
SHOP00127,Francia,Juguetes,49,392,1022,40154.38,482
SHOP00128,Francia,Vintage,51,84,1290,61649.1,620
SHOP00129,Canada,Joyeria,107,115,2347,66396.63,1375
SHOP00130,EEUU,Vintage,8,169,902,45821.6,344
SHOP00131,EEUU,Vintage,108,386,4392,51737.76,1989
SHOP00132,Reino Unido,Joyeria,50,223,2171,132756.65,902
SHOP00133,Reino Unido,Ropa,114,9,1297,76043.11,337
SHOP00134,Canada,Papeleria,41,219,1876,129631.6,721
SHOP00135,Reino Unido,Ropa,101,199,1336,88256.16,558
SHOP00136,Francia,Vintage,117,286,1266,38081.28,734
SHOP00137,Reino Unido,Ropa,113,10,815,26699.4,282
SHOP00138,Alemania,Joyeria,109,383,2000,108500.0,1184
SHOP00139,Espana,Juguetes,38,304,890,14515.9,371
SHOP00140,EEUU,Hogar,86,62,1586,43567.42,471
SHOP00141,EEUU,Papeleria,78,341,1164,17867.4,322
SHOP00142,EEUU,Joyeria,79,306,2885,104437.0,740
SHOP00143,EEUU,Hogar,55,106,910,38420.2,346
SHOP00144,Reino Unido,Ropa,110,52,432,9110.88,90
SHOP00145,EEUU,Hogar,68,374,1916,18489.4,724
SHOP00146,Reino Unido,Ropa,18,280,790,41554.0,470
SHOP00147,Francia,Joyeria,65,375,3795,35065.8,1776
SHOP00148,EEUU,Arte,64,167,1338,91452.3,674
SHOP00149,Canada,Papeleria,12,336,468,10174.32,115
SHOP00150,EEUU,Joyeria,118,200,1778,87406.48,692
SHOP00151,EEUU,Bodas,41,381,2756,96322.2,866
SHOP00152,Reino Unido,Hogar,42,369,1004,11746.8,559
SHOP00153,Francia,Hogar,117,328,3082,114896.96,839
SHOP00154,EEUU,Papeleria,60,136,1163,46566.52,446
SHOP00155,EEUU,Ropa,50,70,412,25127.88,179
SHOP00156,EEUU,Arte,81,395,3412,182234.92,1383
SHOP00157,EEUU,Joyeria,83,87,1181,15258.52,628
SHOP00158,EEUU,Vintage,36,269,1327,27827.19,388
SHOP00159,Canada,Papeleria,48,233,648,17716.32,227
SHOP00160,EEUU,Joyeria,71,277,2526,38445.72,1305
SHOP00161,Reino Unido,Ropa,73,223,1701,61797.33,699
SHOP00162,Canada,Vintage,8,229,576,39761.28,207
SHOP00163,Reino Unido,Arte,25,117,621,24784.11,131
SHOP00164,EEUU,Joyeria,7,144,339,18306.0,169
SHOP00165,Francia,Ropa,106,189,1842,92726.28,1084
SHOP00166,EEUU,Hogar,8,177,366,22212.54,164
SHOP00167,Australia,Arte,88,380,3762,80393.94,2041
SHOP00168,EEUU,Bodas,81,15,1202,65797.48,488
SHOP00169,Reino Unido,Ropa,76,163,1541,96528.24,451
SHOP00170,EEUU,Ropa,110,209,1632,30404.16,335
SHOP00171,EEUU,Bodas,31,234,1037,30591.5,478
SHOP00172,EEUU,Arte,12,30,166,11312.9,65
SHOP00173,EEUU,Arte,57,323,2101,118517.41,1077
SHOP00174,Espana,Hogar,66,163,1567,39989.84,748
SHOP00175,Alemania,Papeleria,12,282,1444,62034.24,859
SHOP00176,EEUU,Arte,27,394,1714,56681.98,692
SHOP00177,Canada,Ropa,46,152,1282,49203.16,475
SHOP00178,Espana,Juguetes,7,270,471,14139.42,148
SHOP00179,Alemania,Bodas,61,87,591,14964.12,230
SHOP00180,EEUU,Vintage,58,30,614,30601.76,337
SHOP00181,Espana,Arte,58,75,252,14180.04,54
SHOP00182,EEUU,Ropa,13,41,315,19589.85,186
SHOP00183,Reino Unido,Hogar,53,396,3050,53771.5,1821
SHOP00184,Reino Unido,Hogar,100,137,1592,93959.84,699
SHOP00185,Espana,Vintage,65,130,731,17397.8,243
SHOP00186,Francia,Ropa,49,119,542,18693.58,156
SHOP00187,Francia,Bodas,35,96,633,40442.37,196
SHOP00188,EEUU,Joyeria,94,246,1458,52750.44,320
SHOP00189,Francia,Arte,95,204,2159,43654.98,842
SHOP00190,EEUU,Papeleria,17,211,1390,24894.9,309
SHOP00191,EEUU,Arte,72,121,1027,38327.64,500
SHOP00192,Reino Unido,Bodas,67,223,2097,115943.13,731
SHOP00193,Reino Unido,Juguetes,10,309,2054,143430.82,574
SHOP00194,Canada,Joyeria,34,247,1180,67047.6,493
SHOP00195,Reino Unido,Joyeria,86,296,2351,146631.87,1385
SHOP00196,Francia,Joyeria,4,286,729,39635.73,348
SHOP00197,EEUU,Papeleria,96,305,3042,193227.84,1206
SHOP00198,EEUU,Ropa,29,321,1647,20966.31,841
SHOP00199,Francia,Vintage,46,176,1768,116086.88,875
SHOP00200,EEUU,Ropa,75,392,2449,79788.42,1363
SHOP00201,Canada,Papeleria,46,80,1028,66963.92,289
SHOP00202,Alemania,Vintage,77,213,1329,16878.3,722
SHOP00203,Reino Unido,Arte,59,318,2874,150453.9,920
SHOP00204,Alemania,Arte,61,109,1249,66958.89,719
SHOP00205,EEUU,Joyeria,68,30,1043,72811.83,325
SHOP00206,Espana,Ropa,66,355,3061,170405.87,1747
SHOP00207,EEUU,Arte,34,83,1021,32386.12,597
SHOP00208,Reino Unido,Ropa,107,132,2256,95992.8,582
SHOP00209,EEUU,Bodas,86,141,1117,34325.41,658
SHOP00210,Canada,Bodas,5,338,1483,29882.45,347
SHOP00211,Alemania,Bodas,9,40,405,9481.05,116
SHOP00212,Francia,Ropa,20,392,2711,58991.36,1023
SHOP00213,Alemania,Papeleria,21,63,348,14626.44,207
SHOP00214,Canada,Ropa,17,234,1749,112250.82,691
SHOP00215,Francia,Hogar,12,128,274,17697.66,115
SHOP00216,Reino Unido,Ropa,92,92,895,10203.0,427
SHOP00217,Canada,Joyeria,82,341,1791,23193.45,1051
SHOP00218,Canada,Hogar,67,145,664,15404.8,340
SHOP00219,Reino Unido,Ropa,5,277,1269,30214.89,367
SHOP00220,Espana,Juguetes,60,55,975,13533.0,313
SHOP00221,EEUU,Hogar,53,59,702,22520.16,167
SHOP00222,Canada,Bodas,52,341,2314,102834.16,1059
SHOP00223,Alemania,Hogar,78,154,1014,44463.9,276
SHOP00224,Espana,Hogar,48,157,1043,43482.67,315
SHOP00225,Espana,Arte,90,223,1847,53563.0,1025
SHOP00226,Reino Unido,Papeleria,19,223,894,46309.2,295
SHOP00227,Alemania,Joyeria,105,370,3080,182459.2,1314
SHOP00228,EEUU,Hogar,17,346,2107,62093.29,756
SHOP00229,Reino Unido,Ropa,54,262,2201,29273.3,505
SHOP00230,Espana,Hogar,103,392,3858,101735.46,1331
SHOP00231,Francia,Papeleria,106,49,968,15991.36,351
SHOP00232,Espana,Arte,68,273,2852,105466.96,1592
SHOP00233,EEUU,Joyeria,106,315,3404,60148.68,1122
SHOP00234,Espana,Bodas,35,164,991,36369.7,348
SHOP00235,Francia,Hogar,88,282,2885,62604.5,1480
SHOP00236,EEUU,Vintage,41,349,1946,104694.8,979
SHOP00237,Reino Unido,Vintage,13,59,365,3544.15,189
SHOP00238,Australia,Juguetes,33,149,754,31962.06,438
SHOP00239,Canada,Arte,15,239,1376,25469.76,713
SHOP00240,Francia,Papeleria,63,183,816,6576.96,296
SHOP00241,Reino Unido,Hogar,15,212,439,27169.71,232
SHOP00242,Alemania,Papeleria,31,140,578,28686.14,233
SHOP00243,Australia,Ropa,107,357,2134,30153.42,663
SHOP00244,Reino Unido,Ropa,28,398,1834,90177.78,589
SHOP00245,Espana,Bodas,10,279,1501,68925.92,434
SHOP00246,Canada,Joyeria,57,388,1774,66258.9,457
SHOP00247,Reino Unido,Bodas,71,327,3628,123315.72,993
SHOP00248,EEUU,Bodas,33,187,768,48384.0,173
SHOP00249,EEUU,Arte,7,65,296,6867.2,164
SHOP00250,Alemania,Arte,5,67,151,4937.7,86
SHOP00251,Francia,Ropa,90,365,1761,50030.01,765
SHOP00252,EEUU,Juguetes,119,219,1916,106931.96,1027
SHOP00253,EEUU,Joyeria,80,364,2531,164059.42,692
SHOP00254,EEUU,Arte,57,143,1225,74345.25,686
SHOP00255,Alemania,Papeleria,72,138,1166,66998.36,469
SHOP00256,Francia,Juguetes,86,38,873,60394.14,198
SHOP00257,Alemania,Vintage,98,197,622,31858.84,159
SHOP00258,Canada,Papeleria,40,359,2848,155415.36,921
SHOP00259,Canada,Joyeria,28,324,2480,170946.4,539
SHOP00260,EEUU,Ropa,110,91,1556,13117.08,503
SHOP00261,Alemania,Joyeria,36,214,1107,52372.17,247
SHOP00262,Canada,Bodas,56,85,1039,55918.98,305
SHOP00263,Alemania,Vintage,47,326,1367,88731.97,418
SHOP00264,Espana,Vintage,71,343,2181,136966.8,1303
SHOP00265,Australia,Papeleria,116,194,2042,122928.4,600
SHOP00266,Australia,Arte,40,352,2088,139144.32,617
SHOP00267,Francia,Joyeria,59,237,2158,89168.56,1024
SHOP00268,Francia,Hogar,43,396,3767,31755.81,2048
SHOP00269,Canada,Joyeria,92,173,2277,19787.13,807
SHOP00270,EEUU,Vintage,66,255,1656,69171.12,911
SHOP00271,Reino Unido,Joyeria,9,172,801,28026.99,269
SHOP00272,Australia,Papeleria,6,235,845,30403.1,235
SHOP00273,EEUU,Papeleria,119,154,1614,52987.62,535
SHOP00274,EEUU,Ropa,65,156,1579,102477.1,700
SHOP00275,EEUU,Joyeria,3,42,184,5569.68,63
SHOP00276,Alemania,Hogar,74,390,1381,84365.29,647
SHOP00277,Reino Unido,Hogar,37,385,2339,149649.22,689
SHOP00278,EEUU,Papeleria,108,301,3104,120962.88,1491
SHOP00279,EEUU,Joyeria,87,279,1987,70955.77,673
SHOP00280,Alemania,Bodas,33,109,619,34156.42,236
SHOP00281,EEUU,Vintage,9,390,577,29940.53,244
SHOP00282,EEUU,Hogar,53,352,1948,55264.76,924
SHOP00283,Alemania,Papeleria,77,356,2855,40997.8,843
SHOP00284,Canada,Papeleria,92,66,912,22271.04,487
SHOP00285,EEUU,Vintage,51,20,754,12154.48,368
SHOP00286,Alemania,Hogar,71,354,2939,77207.53,863
SHOP00287,EEUU,Joyeria,26,154,852,20643.96,502
SHOP00288,Australia,Hogar,16,146,886,42120.44,412
SHOP00289,EEUU,Ropa,40,120,1058,71076.44,403
SHOP00290,EEUU,Vintage,90,316,2315,116953.8,608
SHOP00291,Australia,Vintage,51,69,950,62177.5,392
SHOP00292,Alemania,Juguetes,39,314,1889,106955.18,502
SHOP00293,EEUU,Joyeria,55,198,1035,54989.55,384
SHOP00294,EEUU,Joyeria,96,346,1950,65656.5,708
SHOP00295,Espana,Papeleria,36,165,1350,37989.0,658
SHOP00296,Australia,Hogar,106,310,3476,210193.72,962
SHOP00297,EEUU,Hogar,65,365,2533,162441.29,1339
SHOP00298,Alemania,Arte,113,282,1942,69950.84,641
SHOP00299,EEUU,Joyeria,85,300,2823,24164.88,1065
SHOP00300,Reino Unido,Papeleria,77,43,1095,62568.3,557
SHOP00301,EEUU,Hogar,115,365,2553,65535.51,1149
SHOP00302,EEUU,Papeleria,90,173,1692,14568.12,546
SHOP00303,EEUU,Bodas,45,72,899,52061.09,318
SHOP00304,Reino Unido,Joyeria,9,11,65,2605.2,20
SHOP00305,Reino Unido,Juguetes,37,89,851,42958.48,372
SHOP00306,Reino Unido,Arte,87,203,1214,78557.94,404
SHOP00307,EEUU,Juguetes,1,136,239,9930.45,117
SHOP00308,EEUU,Hogar,66,80,992,38886.4,428
SHOP00309,Australia,Papeleria,63,254,1468,38197.36,379
SHOP00310,EEUU,Ropa,43,351,1066,28696.72,345
SHOP00311,Alemania,Vintage,28,213,893,51249.27,257
SHOP00312,EEUU,Papeleria,100,88,881,31575.04,313
SHOP00313,Reino Unido,Arte,31,227,875,15872.5,355
SHOP00314,Canada,Bodas,105,257,1069,14816.34,430
SHOP00315,Francia,Ropa,69,35,508,18958.56,254
SHOP00316,EEUU,Hogar,101,359,2270,83604.1,625
SHOP00317,EEUU,Papeleria,89,205,1997,96874.47,1155
SHOP00318,Canada,Papeleria,8,56,159,5916.39,53
SHOP00319,Francia,Ropa,34,372,2122,35861.8,679
SHOP00320,Francia,Arte,103,76,1439,56811.72,682
SHOP00321,Reino Unido,Juguetes,49,25,421,27036.62,219
SHOP00322,Reino Unido,Vintage,96,20,1366,24437.74,479
SHOP00323,Alemania,Joyeria,58,20,288,14618.88,143
SHOP00324,Canada,Hogar,75,179,1615,72384.3,893
SHOP00325,Canada,Juguetes,47,316,863,46955.83,437
SHOP00326,Espana,Vintage,25,342,1301,22559.34,277
SHOP00327,Australia,Bodas,3,82,284,18851.92,150
SHOP00328,Reino Unido,Hogar,45,244,1793,83374.5,914
SHOP00329,Reino Unido,Vintage,114,41,876,53015.52,409
SHOP00330,Canada,Papeleria,52,236,1975,45997.75,995
SHOP00331,Reino Unido,Hogar,96,217,2022,108864.48,1196
SHOP00332,Reino Unido,Arte,116,197,2201,124180.42,819
SHOP00333,EEUU,Papeleria,99,64,1090,35577.6,247
SHOP00334,EEUU,Arte,96,193,2111,67150.91,811
SHOP00335,Reino Unido,Bodas,34,271,2545,124145.1,556
SHOP00336,Espana,Bodas,101,130,1313,18106.27,417
SHOP00337,EEUU,Bodas,116,207,2463,132041.43,1070
SHOP00338,Reino Unido,Vintage,69,326,2345,24997.7,759
SHOP00339,EEUU,Arte,109,386,2189,43385.98,1037
SHOP00340,EEUU,Ropa,92,36,1227,60343.86,648
SHOP00341,Francia,Bodas,92,316,2279,32133.9,839
SHOP00342,Espana,Arte,8,265,1058,72208.5,592
SHOP00343,EEUU,Hogar,27,391,3020,186756.8,700
SHOP00344,Alemania,Arte,80,350,1957,91646.31,1049
SHOP00345,EEUU,Joyeria,63,98,1243,73063.54,660
SHOP00346,Francia,Papeleria,82,332,3313,208818.39,1089
SHOP00347,EEUU,Hogar,25,104,1081,26041.29,345
SHOP00348,EEUU,Hogar,58,289,1867,113252.22,601
SHOP00349,Canada,Juguetes,48,319,2043,41023.44,1071
SHOP00350,Espana,Vintage,1,29,49,1647.87,26
SHOP00351,EEUU,Vintage,8,357,1719,73246.59,570
SHOP00352,Alemania,Papeleria,21,361,587,30676.62,256
SHOP00353,EEUU,Bodas,98,121,1120,11054.4,286
SHOP00354,Francia,Vintage,88,203,1296,33708.96,502
SHOP00355,EEUU,Arte,101,283,2358,107831.34,1413
SHOP00356,Francia,Juguetes,90,74,1713,51664.08,451
SHOP00357,Reino Unido,Hogar,111,339,3236,181377.8,1873
SHOP00358,Reino Unido,Juguetes,78,83,842,40752.8,446
SHOP00359,Francia,Ropa,29,358,2407,54229.71,1417
SHOP00360,Francia,Arte,30,18,486,8286.3,132
SHOP00361,Alemania,Joyeria,3,33,91,4277.0,25
SHOP00362,EEUU,Arte,7,148,862,30971.66,178
SHOP00363,Reino Unido,Papeleria,100,347,2608,48195.84,1277
SHOP00364,Reino Unido,Juguetes,11,14,147,4151.28,67
SHOP00365,Reino Unido,Juguetes,32,51,844,22610.76,228
SHOP00366,Canada,Juguetes,59,264,1479,21741.3,763
SHOP00367,EEUU,Ropa,12,16,164,6873.24,52
SHOP00368,Alemania,Juguetes,79,302,2440,135054.0,619
SHOP00369,Alemania,Ropa,38,230,935,40840.8,345
SHOP00370,EEUU,Bodas,24,264,1453,86061.19,343
SHOP00371,Canada,Hogar,65,88,762,12123.42,232
SHOP00372,Canada,Arte,18,352,2013,70475.13,701
SHOP00373,Alemania,Juguetes,46,352,2488,113900.64,1345
SHOP00374,EEUU,Juguetes,56,10,205,10231.55,105
SHOP00375,Canada,Papeleria,63,251,1036,52981.04,390
SHOP00376,EEUU,Vintage,7,39,182,9682.4,89
SHOP00377,Reino Unido,Joyeria,106,179,940,45486.6,401
SHOP00378,Australia,Vintage,105,69,1881,26033.04,632
SHOP00379,Alemania,Papeleria,66,151,1379,70480.69,676
SHOP00380,EEUU,Joyeria,40,61,1040,55057.6,492
SHOP00381,Canada,Joyeria,54,197,685,47676.0,306
SHOP00382,Francia,Joyeria,31,17,269,13716.31,120
SHOP00383,EEUU,Vintage,97,396,2955,149463.9,1398
SHOP00384,Espana,Joyeria,52,22,782,31217.44,276
SHOP00385,Alemania,Ropa,94,250,2148,132767.88,1176
SHOP00386,Australia,Ropa,31,167,754,52629.2,199
SHOP00387,EEUU,Arte,34,347,1492,83999.6,825
SHOP00388,EEUU,Papeleria,7,118,756,34760.88,254
SHOP00389,Espana,Papeleria,89,286,2093,26999.7,523
SHOP00390,EEUU,Arte,16,237,1884,99965.04,828
SHOP00391,EEUU,Ropa,22,170,543,28197.99,190
SHOP00392,Canada,Ropa,100,326,3780,212020.2,1989
SHOP00393,EEUU,Bodas,53,30,611,9604.92,227
SHOP00394,Australia,Hogar,91,130,1415,68669.95,661
SHOP00395,Alemania,Hogar,17,317,2457,64692.81,794
SHOP00396,Espana,Vintage,4,285,1623,89492.22,460
SHOP00397,Australia,Ropa,61,290,2097,48021.3,744
SHOP00398,EEUU,Bodas,99,395,1841,92804.81,815
SHOP00399,EEUU,Hogar,105,287,724,19033.96,335
SHOP00400,Australia,Papeleria,86,143,665,5692.4,286
SHOP00401,Reino Unido,Joyeria,111,105,1118,52847.86,665
SHOP00402,Francia,Ropa,52,396,2578,38721.56,1228
SHOP00403,Alemania,Ropa,35,15,174,8505.12,99
SHOP00404,EEUU,Vintage,44,386,3111,203428.29,768
SHOP00405,Espana,Juguetes,15,220,1075,73196.75,241
SHOP00406,EEUU,Ropa,61,34,1003,22697.89,325
SHOP00407,EEUU,Bodas,116,98,2188,127275.96,557
SHOP00408,Alemania,Papeleria,104,120,1657,49577.44,679
SHOP00409,Espana,Juguetes,44,275,1204,76851.32,490
SHOP00410,Reino Unido,Vintage,21,295,1162,66024.84,499
SHOP00411,EEUU,Joyeria,77,43,549,6906.42,273
SHOP00412,EEUU,Papeleria,47,28,670,22270.8,394
SHOP00413,EEUU,Arte,75,268,1861,53801.51,1025
SHOP00414,EEUU,Joyeria,49,47,883,50048.44,218
SHOP00415,EEUU,Hogar,53,174,358,11971.52,120
SHOP00416,Canada,Juguetes,27,344,2255,113742.2,681
SHOP00417,Espana,Juguetes,31,173,1014,45984.9,274
SHOP00418,EEUU,Vintage,44,307,2361,161704.89,986
SHOP00419,EEUU,Juguetes,32,30,588,38890.32,247
SHOP00420,Espana,Vintage,116,184,2223,76737.96,646
SHOP00421,Australia,Joyeria,30,154,777,41072.22,376
SHOP00422,Francia,Hogar,18,137,538,31973.34,265
SHOP00423,EEUU,Joyeria,63,147,1673,106620.29,348
SHOP00424,EEUU,Joyeria,16,168,791,9666.02,283
SHOP00425,Canada,Hogar,35,105,377,10077.21,209
SHOP00426,Canada,Arte,62,67,1271,35397.35,518
SHOP00427,Reino Unido,Bodas,9,97,417,14569.98,141
SHOP00428,Canada,Bodas,62,211,733,13553.17,220
SHOP00429,EEUU,Papeleria,39,315,2402,93101.52,714
SHOP00430,Reino Unido,Juguetes,51,76,467,22939.04,112
SHOP00431,Alemania,Arte,101,64,764,29673.76,402
SHOP00432,Reino Unido,Bodas,115,33,1369,67464.32,321
SHOP00433,Alemania,Ropa,10,23,261,3163.32,82
SHOP00434,Reino Unido,Hogar,52,77,609,37946.79,132
SHOP00435,EEUU,Bodas,12,398,2450,162239.0,1255
SHOP00436,EEUU,Ropa,72,361,2461,113968.91,530
SHOP00437,Reino Unido,Arte,62,398,1191,74616.15,385
SHOP00438,EEUU,Hogar,3,250,1126,18184.9,483
SHOP00439,Alemania,Papeleria,83,317,848,48709.12,308
SHOP00440,Espana,Juguetes,11,328,2075,31934.25,649
SHOP00441,EEUU,Joyeria,8,91,713,23742.9,221
SHOP00442,EEUU,Bodas,90,363,1771,49729.68,919
SHOP00443,Francia,Joyeria,109,187,2540,112547.4,1497
SHOP00444,EEUU,Ropa,23,201,1576,42063.44,534
SHOP00445,EEUU,Joyeria,119,248,2118,100626.18,456
SHOP00446,EEUU,Vintage,10,332,2051,63129.78,440
SHOP00447,Alemania,Joyeria,18,389,488,29948.56,245
SHOP00448,EEUU,Arte,76,122,2050,96965.0,862
SHOP00449,Canada,Hogar,39,376,1995,42593.25,1024
SHOP00450,Reino Unido,Joyeria,26,86,583,16813.72,279
SHOP00451,EEUU,Vintage,11,251,1482,89720.28,834
SHOP00452,EEUU,Hogar,10,238,1320,42187.2,731
SHOP00453,Alemania,Hogar,3,369,2626,108243.72,1353
SHOP00454,Canada,Hogar,62,157,1591,76733.93,620
SHOP00455,EEUU,Arte,71,276,2752,81349.12,889
SHOP00456,EEUU,Papeleria,61,396,2544,66729.12,1024
SHOP00457,Alemania,Joyeria,4,39,144,5395.68,57
SHOP00458,Australia,Hogar,61,217,2278,48566.96,1011
SHOP00459,EEUU,Ropa,104,215,2726,69840.12,748
SHOP00460,Canada,Hogar,8,143,891,10558.35,411
SHOP00461,EEUU,Bodas,102,193,2170,58264.5,830
SHOP00462,EEUU,Vintage,13,304,634,17675.92,284
SHOP00463,EEUU,Papeleria,12,399,1643,111116.09,486
SHOP00464,Australia,Hogar,35,256,1184,52759.04,442
SHOP00465,Reino Unido,Papeleria,102,399,3036,172505.52,862
SHOP00466,Australia,Bodas,54,154,1782,19263.42,980
SHOP00467,Alemania,Arte,51,345,3003,43873.83,1186
SHOP00468,Espana,Vintage,43,223,1418,82953.0,411
SHOP00469,EEUU,Vintage,100,86,1387,64717.42,300
SHOP00470,EEUU,Arte,111,194,2565,50889.6,1206
SHOP00471,Francia,Hogar,66,238,1941,64247.1,554
SHOP00472,Alemania,Vintage,15,180,704,29145.6,419
SHOP00473,Espana,Hogar,49,236,1779,107273.7,735
SHOP00474,EEUU,Vintage,34,362,2998,35226.5,946
SHOP00475,EEUU,Vintage,39,67,1069,48105.0,495
SHOP00476,Australia,Bodas,26,241,1476,77430.96,457
SHOP00477,EEUU,Ropa,112,37,1031,70757.53,544
SHOP00478,Canada,Hogar,69,217,750,43530.0,242
SHOP00479,Reino Unido,Joyeria,48,64,831,20883.03,494
SHOP00480,EEUU,Vintage,89,383,3446,179157.54,1523
SHOP00481,EEUU,Bodas,51,6,285,15766.2,153
SHOP00482,EEUU,Papeleria,98,61,1511,80445.64,346
SHOP00483,EEUU,Joyeria,111,305,2587,152244.95,877
SHOP00484,Canada,Juguetes,4,291,1507,96493.21,745
SHOP00485,EEUU,Juguetes,98,142,1918,27043.8,886
SHOP00486,EEUU,Ropa,27,283,1235,17907.5,342
SHOP00487,Espana,Arte,119,218,1982,113727.16,678
SHOP00488,Reino Unido,Vintage,42,243,2334,55199.1,712
SHOP00489,EEUU,Vintage,118,289,2157,25085.91,960
SHOP00490,Alemania,Juguetes,56,35,740,24331.2,249
SHOP00491,Espana,Joyeria,93,210,2024,119071.92,655
SHOP00492,EEUU,Arte,69,278,2332,36962.2,659
SHOP00493,Reino Unido,Papeleria,18,15,99,4915.35,35
SHOP00494,Canada,Bodas,61,363,2142,17607.24,595
SHOP00495,EEUU,Bodas,4,51,184,2723.2,107
SHOP00496,Australia,Juguetes,1,7,26,773.5,6
SHOP00497,Francia,Arte,50,134,761,10029.98,430
SHOP00498,Francia,Bodas,84,76,1508,91158.6,560
SHOP00499,EEUU,Ropa,70,163,1435,88352.95,503
SHOP00500,EEUU,Ropa,20,396,2713,148808.05,793
SHOP00501,Francia,Hogar,20,134,636,14647.08,288
SHOP00502,Reino Unido,Vintage,46,26,719,29076.36,340
SHOP00503,EEUU,Juguetes,27,384,624,12118.08,241
SHOP00504,Alemania,Hogar,26,393,2024,51490.56,449
SHOP00505,EEUU,Joyeria,32,139,1006,40229.94,570
SHOP00506,EEUU,Vintage,10,24,174,9321.18,103
SHOP00507,Espana,Papeleria,82,224,1719,23842.53,640
SHOP00508,EEUU,Juguetes,105,337,3360,88704.0,1496
SHOP00509,EEUU,Hogar,12,134,1020,66759.0,387
SHOP00510,EEUU,Joyeria,74,36,368,12736.48,120
SHOP00511,Canada,Arte,88,94,975,64554.75,225
SHOP00512,EEUU,Joyeria,24,263,2316,160892.52,885
SHOP00513,Reino Unido,Hogar,117,302,2634,107072.1,1389
SHOP00514,Canada,Joyeria,51,337,2338,60460.68,483
SHOP00515,Espana,Hogar,38,253,430,24522.9,186
SHOP00516,EEUU,Joyeria,46,177,850,15198.0,469
SHOP00517,Australia,Juguetes,89,361,2315,54703.45,664
SHOP00518,EEUU,Hogar,8,388,2634,149242.44,719
SHOP00519,Alemania,Ropa,55,51,807,28156.23,410
SHOP00520,Reino Unido,Bodas,78,201,1833,37576.5,553
SHOP00521,EEUU,Papeleria,107,383,2638,127600.06,730
SHOP00522,Alemania,Papeleria,31,38,435,23242.05,152
SHOP00523,EEUU,Papeleria,88,258,2006,31594.5,716
SHOP00524,EEUU,Bodas,16,252,1250,31462.5,687
SHOP00525,EEUU,Bodas,20,46,402,8731.44,179
SHOP00526,Alemania,Papeleria,38,293,1394,43980.7,505
SHOP00527,EEUU,Bodas,111,127,1615,89357.95,668
SHOP00528,EEUU,Arte,15,31,251,13114.75,145
SHOP00529,EEUU,Hogar,78,63,1049,51484.92,257
SHOP00530,Reino Unido,Bodas,117,151,1619,13583.41,458
SHOP00531,Reino Unido,Arte,76,119,1759,29568.79,1029
SHOP00532,EEUU,Bodas,34,391,746,16292.64,434
SHOP00533,EEUU,Joyeria,72,203,1977,49148.22,535
SHOP00534,Reino Unido,Ropa,19,132,853,14569.24,220
SHOP00535,Australia,Juguetes,110,380,3243,108445.92,1194
SHOP00536,Alemania,Hogar,69,157,1571,19888.86,345
SHOP00537,Espana,Juguetes,91,373,2641,143934.5,1220
SHOP00538,EEUU,Juguetes,63,275,1821,103505.64,420
SHOP00539,Francia,Bodas,105,343,1218,53104.8,271
SHOP00540,EEUU,Arte,77,87,1238,16787.28,487
SHOP00541,Francia,Papeleria,32,27,301,19020.19,175
SHOP00542,EEUU,Bodas,95,15,1154,78321.98,427
SHOP00543,Reino Unido,Vintage,105,191,2040,41922.0,698
SHOP00544,EEUU,Papeleria,110,120,2350,121471.5,1408
SHOP00545,EEUU,Juguetes,37,166,1219,73383.8,503
SHOP00546,Espana,Papeleria,66,107,1530,63449.1,535
SHOP00547,Australia,Juguetes,7,247,578,16212.9,204
SHOP00548,Francia,Joyeria,48,11,360,13561.2,100
SHOP00549,Canada,Joyeria,11,366,912,36261.12,369
SHOP00550,Reino Unido,Ropa,75,176,2356,77371.04,884
SHOP00551,EEUU,Ropa,87,260,598,39258.7,184
SHOP00552,Francia,Vintage,31,251,1938,104884.56,512
SHOP00553,Canada,Joyeria,44,196,729,16737.84,236
SHOP00554,Alemania,Juguetes,45,118,921,40800.3,371
SHOP00555,Reino Unido,Hogar,72,27,780,39546.0,174
SHOP00556,Canada,Ropa,56,362,2377,39672.13,621
SHOP00557,Francia,Hogar,32,318,1078,32577.16,624
SHOP00558,EEUU,Arte,112,280,2458,157656.12,1025
SHOP00559,EEUU,Joyeria,21,377,2998,129393.68,675
SHOP00560,EEUU,Joyeria,31,140,961,20613.45,458
SHOP00561,Australia,Vintage,1,361,1850,28878.5,415
SHOP00562,EEUU,Hogar,77,199,1432,57466.16,709
SHOP00563,EEUU,Hogar,11,262,1045,43848.2,522
SHOP00564,EEUU,Vintage,93,282,1245,35768.85,573
SHOP00565,Reino Unido,Joyeria,68,74,901,42428.09,444
SHOP00566,Reino Unido,Ropa,36,363,2540,31140.4,597
SHOP00567,EEUU,Joyeria,79,364,1818,30906.0,892
SHOP00568,Francia,Ropa,59,40,867,36301.29,220
SHOP00569,Francia,Papeleria,67,112,1222,14456.26,410
SHOP00570,EEUU,Joyeria,56,28,550,34441.0,317
SHOP00571,Alemania,Bodas,51,144,814,13683.34,326
SHOP00572,Canada,Bodas,29,26,189,9408.42,110
SHOP00573,EEUU,Joyeria,85,343,2858,92170.5,673
SHOP00574,EEUU,Juguetes,2,333,800,26232.0,312
SHOP00575,Reino Unido,Hogar,6,208,230,12746.6,51
SHOP00576,Reino Unido,Joyeria,31,384,2884,112389.48,1303
SHOP00577,EEUU,Joyeria,54,228,870,46101.3,201
SHOP00578,Australia,Ropa,88,227,1342,52767.44,362
SHOP00579,Reino Unido,Papeleria,40,85,771,34509.96,234
SHOP00580,Alemania,Hogar,17,334,2364,130398.24,1180
SHOP00581,EEUU,Bodas,5,195,694,31681.1,184
SHOP00582,Reino Unido,Papeleria,2,290,2129,98295.93,1146
SHOP00583,EEUU,Ropa,58,151,1515,86248.95,382
SHOP00584,Reino Unido,Vintage,12,286,1413,94444.92,302
SHOP00585,Australia,Juguetes,5,388,1342,42085.12,480
SHOP00586,Australia,Joyeria,106,15,706,30908.68,417
SHOP00587,EEUU,Hogar,60,280,1679,22414.65,409
SHOP00588,Alemania,Ropa,41,378,2172,65703.0,522
SHOP00589,Francia,Arte,20,60,708,23753.4,354
SHOP00590,Canada,Arte,72,177,1366,81659.48,443
SHOP00591,EEUU,Hogar,1,307,1417,56439.11,689
SHOP00592,Alemania,Papeleria,56,208,1415,75461.95,396
SHOP00593,EEUU,Papeleria,70,349,2594,23812.92,996
SHOP00594,Espana,Arte,56,252,1259,46331.2,385
SHOP00595,Reino Unido,Joyeria,54,318,1355,86557.4,515
SHOP00596,EEUU,Ropa,11,270,2051,44937.41,1041
SHOP00597,EEUU,Ropa,3,26,141,1402.95,71
SHOP00598,EEUU,Arte,95,331,2857,99623.59,1160
SHOP00599,Espana,Juguetes,28,28,224,11574.08,127
SHOP00600,EEUU,Arte,111,198,2106,76195.08,643
SHOP00601,Reino Unido,Joyeria,107,100,1420,51858.4,420
SHOP00602,Francia,Ropa,5,267,384,19019.52,171
SHOP00603,EEUU,Bodas,90,76,755,17946.35,338
SHOP00604,Reino Unido,Vintage,16,247,588,32116.56,128
SHOP00605,Canada,Arte,117,387,3464,60585.36,1534
SHOP00606,Reino Unido,Hogar,31,42,154,5011.16,53
SHOP00607,EEUU,Ropa,28,396,1541,75000.47,768
SHOP00608,EEUU,Arte,7,381,623,36981.28,325
SHOP00609,Canada,Juguetes,102,93,1328,75788.96,558
SHOP00610,Francia,Papeleria,9,32,215,11339.1,43
SHOP00611,EEUU,Papeleria,39,96,560,16945.6,254
SHOP00612,EEUU,Arte,99,58,1581,24631.98,789
SHOP00613,EEUU,Ropa,43,163,1319,28279.36,395
SHOP00614,Australia,Vintage,27,376,1819,112086.78,701
SHOP00615,EEUU,Arte,76,232,1760,107624.0,1031
SHOP00616,Espana,Juguetes,117,376,3060,205020.0,976
SHOP00617,EEUU,Ropa,89,380,3324,42248.04,961
SHOP00618,Francia,Joyeria,107,45,1130,46646.4,321
SHOP00619,Canada,Papeleria,93,41,1288,62107.36,545
SHOP00620,Alemania,Joyeria,95,129,1536,79964.16,890
SHOP00621,EEUU,Hogar,98,183,2216,106190.72,982
SHOP00622,Australia,Ropa,33,336,2547,141969.78,818
SHOP00623,EEUU,Vintage,91,41,504,15266.16,229
SHOP00624,EEUU,Arte,56,105,1292,24703.04,581
SHOP00625,EEUU,Joyeria,2,35,250,5170.0,109
SHOP00626,Espana,Papeleria,14,194,1416,12375.84,373
SHOP00627,Australia,Ropa,13,150,404,12006.88,183
SHOP00628,Reino Unido,Juguetes,24,94,400,5476.0,148
SHOP00629,Canada,Arte,69,10,927,25891.11,192
SHOP00630,EEUU,Papeleria,34,397,1950,91552.5,811
SHOP00631,Espana,Hogar,119,143,1921,121906.66,1144
SHOP00632,Australia,Vintage,87,99,1927,115735.62,654
SHOP00633,Alemania,Vintage,19,123,239,5657.13,140
SHOP00634,Reino Unido,Bodas,30,370,1681,27417.11,400
SHOP00635,Francia,Joyeria,49,124,960,19171.2,473
SHOP00636,Espana,Ropa,43,390,1823,124328.6,447
SHOP00637,Alemania,Papeleria,16,127,469,19730.83,145
SHOP00638,EEUU,Joyeria,52,289,1475,28497.0,631
SHOP00639,Canada,Ropa,114,370,1957,117674.41,855
SHOP00640,Canada,Juguetes,116,381,2568,83460.0,1309
SHOP00641,EEUU,Ropa,104,183,1596,101745.0,712
SHOP00642,EEUU,Juguetes,98,329,2694,65087.04,1178
SHOP00643,Reino Unido,Joyeria,49,11,182,5893.16,102
SHOP00644,Canada,Papeleria,11,388,862,33885.22,328
SHOP00645,Reino Unido,Arte,78,316,2891,183115.94,838
SHOP00646,EEUU,Arte,112,131,2124,131390.64,562
SHOP00647,Australia,Juguetes,47,81,792,34539.12,285
SHOP00648,Reino Unido,Joyeria,79,238,1284,27927.0,622
SHOP00649,EEUU,Bodas,35,322,2099,69287.99,455
SHOP00650,EEUU,Papeleria,71,78,1542,105611.58,388
SHOP00651,Espana,Hogar,29,275,1311,59886.48,317
SHOP00652,Australia,Bodas,108,313,2896,163421.28,1257
SHOP00653,EEUU,Ropa,54,124,1505,54014.45,447
SHOP00654,Francia,Vintage,86,39,1240,50815.2,330
SHOP00655,EEUU,Ropa,23,211,704,24358.4,307
SHOP00656,Francia,Bodas,24,274,2304,118840.32,1162
SHOP00657,EEUU,Papeleria,99,97,1249,75926.71,415
SHOP00658,EEUU,Joyeria,115,382,3386,133611.56,1460
SHOP00659,Reino Unido,Papeleria,10,181,1017,38452.77,243
SHOP00660,EEUU,Hogar,61,278,2137,62186.7,1226
SHOP00661,Reino Unido,Ropa,8,183,1096,20802.08,366
SHOP00662,Australia,Joyeria,48,133,638,42254.74,382
SHOP00663,Espana,Joyeria,112,129,580,16008.0,343
SHOP00664,Reino Unido,Hogar,76,31,1023,58965.72,523
SHOP00665,Reino Unido,Arte,93,68,667,34917.45,138
SHOP00666,EEUU,Arte,29,64,447,25496.88,186
SHOP00667,EEUU,Arte,87,223,2224,146961.92,522
SHOP00668,Alemania,Hogar,26,221,779,36340.35,434
SHOP00669,EEUU,Papeleria,37,173,846,53864.82,436
SHOP00670,Alemania,Papeleria,96,153,1591,29274.4,936
SHOP00671,Reino Unido,Ropa,52,274,1801,84394.86,798
SHOP00672,EEUU,Bodas,38,120,921,51465.48,376
SHOP00673,Reino Unido,Papeleria,6,249,1158,28764.72,471
SHOP00674,EEUU,Papeleria,8,152,419,22596.67,148
SHOP00675,Reino Unido,Hogar,17,96,203,11422.81,78
SHOP00676,Australia,Joyeria,76,89,1703,101379.59,773
SHOP00677,Reino Unido,Bodas,62,91,1208,33099.2,692
SHOP00678,EEUU,Bodas,86,399,1577,79260.02,691
SHOP00679,Alemania,Joyeria,78,124,1034,27773.24,561
SHOP00680,EEUU,Ropa,34,344,2678,144129.96,1459
SHOP00681,Alemania,Papeleria,19,28,175,6422.5,71
SHOP00682,Reino Unido,Papeleria,70,379,3128,140916.4,1060
SHOP00683,Reino Unido,Bodas,82,93,1463,49420.14,666
SHOP00684,Espana,Joyeria,100,41,421,7594.84,159
SHOP00685,Alemania,Ropa,118,346,2823,53749.92,656
SHOP00686,EEUU,Joyeria,37,387,2983,38212.23,1047
SHOP00687,EEUU,Ropa,38,275,1144,52990.08,683
SHOP00688,Espana,Joyeria,15,16,190,11517.8,41
SHOP00689,EEUU,Bodas,102,99,618,5741.22,295
SHOP00690,Canada,Arte,40,35,497,6018.67,266
SHOP00691,Alemania,Bodas,9,354,2197,79882.92,1009
SHOP00692,Canada,Joyeria,53,237,967,51966.58,413
SHOP00693,Australia,Hogar,118,344,1578,28056.84,762
SHOP00694,Alemania,Hogar,70,332,1437,35695.08,534
SHOP00695,Alemania,Ropa,118,304,1962,43909.56,464
SHOP00696,Espana,Vintage,66,290,1583,51827.42,925
SHOP00697,Alemania,Ropa,80,39,576,12643.2,214
SHOP00698,Reino Unido,Hogar,52,25,738,22036.68,344
SHOP00699,Reino Unido,Joyeria,1,115,438,23288.46,180
SHOP00700,Alemania,Joyeria,30,323,2078,95338.64,461
SHOP00701,Espana,Vintage,112,352,1419,18489.57,824
SHOP00702,EEUU,Ropa,97,149,438,20822.52,226
SHOP00703,EEUU,Vintage,1,16,34,1277.72,8
SHOP00704,Francia,Papeleria,39,248,982,64753.08,581
SHOP00705,Canada,Joyeria,16,150,1181,30635.14,584
SHOP00706,EEUU,Joyeria,17,243,1443,76507.86,561
SHOP00707,Alemania,Vintage,112,96,495,26388.45,220
SHOP00708,Francia,Vintage,112,320,2438,52977.74,591
SHOP00709,Espana,Ropa,102,327,2125,136000.0,901
SHOP00710,Australia,Joyeria,82,119,948,36450.6,217
SHOP00711,EEUU,Joyeria,22,19,140,7012.6,58
SHOP00712,Espana,Hogar,86,276,1833,31234.32,771
SHOP00713,Reino Unido,Joyeria,99,26,1031,24723.38,566
SHOP00714,Espana,Hogar,31,122,586,25983.24,287
SHOP00715,EEUU,Ropa,40,373,2812,78117.36,843
SHOP00716,EEUU,Joyeria,27,99,977,38083.46,542
SHOP00717,Reino Unido,Joyeria,36,261,2109,65779.71,905
SHOP00718,EEUU,Bodas,119,335,1766,84255.86,781
SHOP00719,Alemania,Arte,4,266,1702,65016.4,455
SHOP00720,Francia,Juguetes,113,91,2110,17491.9,1145
SHOP00721,Alemania,Ropa,118,397,4602,222184.56,2634
SHOP00722,Espana,Papeleria,69,322,1301,44455.17,663
SHOP00723,Reino Unido,Hogar,25,62,678,19790.82,390
SHOP00724,Australia,Papeleria,95,234,1564,21645.76,501
SHOP00725,Espana,Joyeria,78,112,1450,31407.0,789
SHOP00726,Alemania,Joyeria,30,23,237,5183.19,93
SHOP00727,Reino Unido,Juguetes,47,369,3031,200015.69,804
SHOP00728,Canada,Arte,12,145,1115,38824.3,521
SHOP00729,Alemania,Juguetes,27,383,1460,15490.6,691
SHOP00730,EEUU,Hogar,45,164,921,15297.81,289
SHOP00731,Australia,Hogar,88,104,1106,14267.4,233
SHOP00732,Francia,Ropa,63,269,1538,68456.38,430
SHOP00733,Reino Unido,Papeleria,55,242,1030,20157.1,370
SHOP00734,Alemania,Arte,30,242,900,35019.0,240
SHOP00735,Alemania,Juguetes,82,53,1400,43316.0,388
SHOP00736,Alemania,Joyeria,14,169,504,29151.36,179
SHOP00737,Canada,Papeleria,56,291,1845,51420.15,1078
SHOP00738,Espana,Hogar,19,63,663,24139.83,335
SHOP00739,Reino Unido,Hogar,86,187,1564,82454.08,512
SHOP00740,EEUU,Arte,26,151,1144,39891.28,664
SHOP00741,Espana,Arte,71,390,1380,78908.4,632
SHOP00742,Alemania,Joyeria,92,305,3233,158481.66,1235
SHOP00743,Espana,Hogar,38,100,562,18798.9,217
SHOP00744,EEUU,Ropa,69,47,498,19546.5,181
SHOP00745,EEUU,Ropa,36,358,2371,161156.87,695
SHOP00746,Francia,Hogar,18,261,1848,90588.96,655
SHOP00747,EEUU,Joyeria,57,217,1163,74559.93,478
SHOP00748,Australia,Joyeria,78,193,2090,39877.2,859
SHOP00749,Espana,Juguetes,112,135,1398,53068.08,705
SHOP00750,Alemania,Juguetes,23,351,2569,165289.46,882
SHOP00751,EEUU,Arte,119,304,855,23940.0,416
SHOP00752,Alemania,Juguetes,116,395,4413,300084.0,1903
SHOP00753,Espana,Papeleria,14,293,410,5748.2,239
SHOP00754,Reino Unido,Joyeria,96,141,1098,70239.06,388
SHOP00755,Reino Unido,Joyeria,69,34,819,29156.4,459
SHOP00756,Reino Unido,Bodas,22,150,377,4738.89,199
SHOP00757,EEUU,Papeleria,28,316,511,31952.83,232
SHOP00758,Espana,Bodas,43,109,995,23501.9,459
SHOP00759,Espana,Bodas,76,291,1497,14041.86,350
SHOP00760,Francia,Ropa,18,195,496,8144.32,287
SHOP00761,Canada,Joyeria,100,182,2626,128332.62,637
SHOP00762,Australia,Hogar,95,349,2767,189871.54,1176
SHOP00763,EEUU,Joyeria,77,243,1769,26375.79,587
SHOP00764,Alemania,Hogar,84,5,1196,43821.44,444
SHOP00765,Alemania,Ropa,109,114,1586,30451.2,704
SHOP00766,Espana,Joyeria,36,342,2276,123336.44,1282
SHOP00767,Espana,Joyeria,119,279,2672,40935.04,1023
SHOP00768,Francia,Ropa,119,375,2457,56191.59,1462
SHOP00769,Espana,Ropa,7,386,2662,53719.16,1163
SHOP00770,Espana,Ropa,23,238,1298,54853.48,342
SHOP00771,EEUU,Ropa,34,68,432,26844.48,119
SHOP00772,Espana,Papeleria,117,248,2872,113989.68,1397
SHOP00773,Canada,Juguetes,114,57,780,9055.8,171
SHOP00774,EEUU,Joyeria,96,266,2394,102774.42,938
SHOP00775,EEUU,Joyeria,21,21,361,20739.45,93
SHOP00776,Alemania,Bodas,70,306,3034,49120.46,1132
SHOP00777,EEUU,Arte,80,378,2078,25995.78,1038
SHOP00778,Reino Unido,Vintage,99,238,1638,32170.32,628
SHOP00779,Alemania,Hogar,118,77,1763,95660.38,467
SHOP00780,Francia,Bodas,47,361,2302,102853.36,692
SHOP00781,Espana,Juguetes,53,95,616,25576.32,213
SHOP00782,Reino Unido,Papeleria,84,10,518,12157.46,118
SHOP00783,EEUU,Joyeria,106,202,1982,56685.2,859
SHOP00784,EEUU,Bodas,41,369,3068,208255.84,1359
SHOP00785,EEUU,Vintage,75,200,1850,42402.0,415
SHOP00786,EEUU,Vintage,32,300,2216,141602.4,799
SHOP00787,Francia,Joyeria,14,351,2609,114769.91,953
SHOP00788,Canada,Vintage,88,326,3233,50564.12,1078
SHOP00789,EEUU,Joyeria,108,141,1624,60039.28,687
SHOP00790,EEUU,Hogar,103,271,2226,148719.06,753
SHOP00791,Canada,Arte,107,120,1016,34493.2,372
SHOP00792,Reino Unido,Hogar,95,47,1456,89587.68,755
SHOP00793,EEUU,Papeleria,17,235,1723,41179.7,456
SHOP00794,Francia,Papeleria,25,62,435,18879.0,194
SHOP00795,EEUU,Joyeria,64,210,682,41138.24,274
SHOP00796,EEUU,Papeleria,73,298,1450,94366.0,466
SHOP00797,EEUU,Juguetes,86,98,687,26188.44,337
SHOP00798,Canada,Joyeria,119,40,999,47612.34,420
SHOP00799,EEUU,Arte,109,234,2203,18020.54,861
SHOP00800,EEUU,Ropa,48,231,927,21969.9,432
SHOP00801,EEUU,Ropa,35,187,1552,39234.56,808
SHOP00802,Canada,Hogar,37,266,1106,15262.8,651
SHOP00803,EEUU,Ropa,55,135,1576,39935.84,711
SHOP00804,EEUU,Joyeria,17,69,520,14513.2,285
SHOP00805,Reino Unido,Juguetes,28,384,2696,183489.76,540
SHOP00806,EEUU,Papeleria,1,190,700,34615.0,288
SHOP00807,Reino Unido,Arte,53,121,1072,36887.52,306
SHOP00808,EEUU,Ropa,73,190,1569,108668.94,372
SHOP00809,EEUU,Arte,55,278,545,9537.5,224
SHOP00810,Reino Unido,Ropa,113,155,2830,106181.6,1411
SHOP00811,EEUU,Ropa,61,356,2743,131993.16,1000
SHOP00812,EEUU,Ropa,13,155,743,8507.35,347
SHOP00813,Reino Unido,Hogar,47,388,2722,142768.9,1077
SHOP00814,Francia,Hogar,64,40,1025,14544.75,384
SHOP00815,Alemania,Arte,32,330,1835,30644.5,580
SHOP00816,Australia,Bodas,28,99,1060,18974.0,374
SHOP00817,Espana,Joyeria,53,138,991,64999.69,336
SHOP00818,Francia,Joyeria,31,166,1160,58417.6,531
SHOP00819,Australia,Hogar,8,48,227,11041.28,55
SHOP00820,Canada,Juguetes,72,304,2547,108094.68,603
SHOP00821,EEUU,Bodas,98,287,1334,34884.1,618
SHOP00822,EEUU,Arte,87,360,1872,87048.0,783
SHOP00823,Alemania,Juguetes,74,244,2368,79162.24,881
SHOP00824,Francia,Ropa,101,56,805,13701.1,210
SHOP00825,Reino Unido,Juguetes,112,285,3184,161619.84,1160
SHOP00826,Alemania,Hogar,25,78,669,10724.07,345
SHOP00827,Reino Unido,Hogar,115,299,2505,49649.1,1392
SHOP00828,Reino Unido,Papeleria,33,242,1765,103605.5,849
SHOP00829,Reino Unido,Ropa,109,171,2269,111022.17,508
SHOP00830,Reino Unido,Papeleria,68,144,749,35292.88,350
SHOP00831,EEUU,Hogar,7,143,1140,38680.2,337
SHOP00832,Australia,Papeleria,97,373,3236,105396.52,1055
SHOP00833,Espana,Hogar,66,239,860,43688.0,239
SHOP00834,Espana,Joyeria,112,7,590,31789.2,301
SHOP00835,EEUU,Bodas,46,260,2150,85204.5,987
SHOP00836,Espana,Bodas,96,375,3764,256290.76,1673
SHOP00837,EEUU,Juguetes,5,282,2212,148757.0,1033
SHOP00838,EEUU,Papeleria,110,8,1259,42264.63,371
SHOP00839,Alemania,Papeleria,17,396,873,51402.24,329
SHOP00840,EEUU,Arte,76,274,2233,93071.44,1012
SHOP00841,EEUU,Joyeria,52,216,2008,79777.84,912
SHOP00842,EEUU,Hogar,12,220,854,9744.14,441
SHOP00843,Alemania,Hogar,62,274,1664,72533.76,523
SHOP00844,EEUU,Bodas,35,20,405,25855.2,205
SHOP00845,Canada,Joyeria,62,68,976,55017.12,367
SHOP00846,Alemania,Juguetes,21,243,811,46024.25,379
SHOP00847,Alemania,Arte,85,20,900,16128.0,344
SHOP00848,Espana,Papeleria,66,56,955,28860.1,553
SHOP00849,Reino Unido,Joyeria,53,23,887,19922.02,241
SHOP00850,EEUU,Hogar,21,329,1249,34459.91,587
SHOP00851,EEUU,Juguetes,15,97,754,33123.22,324
SHOP00852,Reino Unido,Hogar,75,265,801,24526.62,215
SHOP00853,Alemania,Hogar,74,302,3045,130204.2,689
SHOP00854,EEUU,Hogar,82,21,1316,46310.04,683
SHOP00855,EEUU,Joyeria,23,115,955,24610.35,251
SHOP00856,Australia,Hogar,31,332,2216,30846.72,608
SHOP00857,Alemania,Papeleria,54,364,849,53733.21,502
SHOP00858,Alemania,Ropa,55,98,1035,9014.85,503
SHOP00859,Australia,Arte,26,14,216,1749.6,64
SHOP00860,Australia,Joyeria,53,216,1858,110105.08,810
SHOP00861,Alemania,Vintage,66,241,1685,117613.0,696
SHOP00862,Reino Unido,Vintage,39,258,1675,88909.0,900
SHOP00863,Francia,Joyeria,7,20,173,1548.35,85
SHOP00864,Canada,Ropa,88,148,1671,36845.55,890
SHOP00865,EEUU,Joyeria,39,46,514,35080.5,146
SHOP00866,EEUU,Vintage,32,7,293,17032.09,133
SHOP00867,Alemania,Vintage,26,381,1789,77177.46,386
SHOP00868,Francia,Bodas,87,160,1631,37007.39,371
SHOP00869,EEUU,Hogar,78,177,1234,10970.26,598
SHOP00870,EEUU,Ropa,29,28,513,4765.77,107
SHOP00871,Espana,Hogar,25,279,1486,68266.84,641
SHOP00872,Francia,Ropa,56,79,598,5591.3,320
SHOP00873,EEUU,Arte,31,44,727,50606.47,255
SHOP00874,EEUU,Joyeria,66,306,1544,29907.28,336
SHOP00875,Alemania,Papeleria,2,44,317,16503.02,153
SHOP00876,EEUU,Arte,87,66,1264,22259.04,722
SHOP00877,Espana,Bodas,47,242,2108,87460.92,1026
SHOP00878,EEUU,Hogar,75,249,712,9256.0,307
SHOP00879,EEUU,Bodas,29,22,398,22104.92,116
SHOP00880,EEUU,Juguetes,106,144,2129,94250.83,438
SHOP00881,EEUU,Bodas,99,86,2013,26853.42,961
SHOP00882,EEUU,Vintage,49,193,1017,61640.37,297
SHOP00883,EEUU,Vintage,73,112,1316,55166.72,714
SHOP00884,Australia,Arte,32,238,628,40907.92,242
SHOP00885,EEUU,Hogar,30,272,2396,155332.68,987
SHOP00886,Francia,Papeleria,15,108,406,26418.42,203
SHOP00887,EEUU,Papeleria,62,138,759,9730.38,388
SHOP00888,Alemania,Juguetes,78,348,2969,46019.5,1357
SHOP00889,EEUU,Arte,115,375,1249,86480.76,718
SHOP00890,EEUU,Hogar,17,37,429,16400.67,254
SHOP00891,Canada,Papeleria,22,241,365,8311.05,211
SHOP00892,Canada,Juguetes,116,378,1746,97287.12,924
SHOP00893,Australia,Joyeria,30,340,1618,39463.02,780
SHOP00894,Australia,Hogar,81,182,1841,97738.69,856
SHOP00895,Alemania,Arte,16,16,240,14378.4,57
SHOP00896,Reino Unido,Joyeria,52,355,2250,127395.0,694
SHOP00897,Espana,Joyeria,8,233,936,23390.64,189
SHOP00898,Canada,Hogar,64,313,2916,95936.4,743
SHOP00899,Francia,Bodas,39,273,375,12607.5,140
SHOP00900,Australia,Joyeria,31,382,3396,130610.16,878
SHOP00901,EEUU,Ropa,12,362,2080,38230.4,1166
SHOP00902,EEUU,Vintage,33,135,572,20620.6,298
SHOP00903,Canada,Juguetes,58,253,1002,39749.34,229
SHOP00904,Alemania,Juguetes,12,62,334,13683.98,100
SHOP00905,Canada,Ropa,25,8,242,14236.86,127
SHOP00906,Australia,Juguetes,38,240,965,38667.55,502
SHOP00907,EEUU,Joyeria,48,177,1183,26392.73,683
SHOP00908,EEUU,Vintage,82,326,2887,141780.57,1729
SHOP00909,EEUU,Papeleria,83,375,2785,159942.55,1644
SHOP00910,Canada,Hogar,55,40,839,23324.2,305
SHOP00911,Alemania,Arte,3,283,1345,64573.45,403
SHOP00912,EEUU,Joyeria,99,241,2933,50183.63,1476
SHOP00913,Canada,Bodas,69,279,867,25316.4,277
SHOP00914,EEUU,Ropa,35,300,2571,165495.27,1343
SHOP00915,EEUU,Papeleria,51,332,2266,146157.0,937
SHOP00916,Alemania,Joyeria,27,62,535,23363.45,276
SHOP00917,EEUU,Hogar,37,367,995,51292.25,308
SHOP00918,Alemania,Juguetes,110,22,422,25720.9,170
SHOP00919,Espana,Vintage,85,40,1492,100605.56,635
SHOP00920,Espana,Juguetes,16,133,718,27549.66,414
SHOP00921,EEUU,Hogar,92,5,856,36653.92,262
SHOP00922,Reino Unido,Joyeria,25,68,386,13035.22,221
SHOP00923,Alemania,Arte,33,66,652,8123.92,340
SHOP00924,Australia,Arte,62,370,2552,87303.92,1256
SHOP00925,Australia,Joyeria,17,335,718,40940.36,369
SHOP00926,EEUU,Vintage,43,150,347,20091.3,153
SHOP00927,EEUU,Ropa,30,276,737,46674.21,219
SHOP00928,Canada,Hogar,41,21,352,3938.88,97
SHOP00929,Australia,Hogar,117,284,2059,83760.12,1125
SHOP00930,EEUU,Arte,4,102,495,7256.7,242
SHOP00931,EEUU,Vintage,66,231,1211,24764.95,345
SHOP00932,Alemania,Arte,60,390,2679,170946.99,1194
SHOP00933,EEUU,Arte,9,247,1260,48888.0,477
SHOP00934,EEUU,Joyeria,118,205,1210,66586.3,318
SHOP00935,EEUU,Bodas,31,398,1391,16678.09,574
SHOP00936,EEUU,Juguetes,89,183,805,27241.2,251
SHOP00937,Canada,Papeleria,101,274,2553,127139.4,608
SHOP00938,EEUU,Joyeria,100,238,2354,38299.58,910
SHOP00939,EEUU,Arte,119,116,2408,67905.6,1049
SHOP00940,EEUU,Papeleria,69,70,634,7608.0,138
SHOP00941,EEUU,Juguetes,24,342,2552,123465.76,920
SHOP00942,Alemania,Juguetes,24,353,2039,139059.8,617
SHOP00943,EEUU,Bodas,93,249,1308,77538.24,277
SHOP00944,Canada,Joyeria,114,249,1904,130290.72,476
SHOP00945,EEUU,Juguetes,45,76,862,52090.66,220
SHOP00946,EEUU,Papeleria,95,361,3448,210396.96,941
SHOP00947,EEUU,Vintage,37,53,358,15673.24,186
SHOP00948,EEUU,Ropa,58,350,1577,63285.01,592
SHOP00949,Alemania,Hogar,83,194,1403,46565.57,363
SHOP00950,Reino Unido,Ropa,23,297,2634,154668.48,632
SHOP00951,Espana,Joyeria,35,181,1372,26465.88,437
SHOP00952,EEUU,Ropa,63,165,1340,15396.6,695
SHOP00953,EEUU,Bodas,118,154,1960,130869.2,677
SHOP00954,EEUU,Joyeria,114,74,655,5390.65,172
SHOP00955,Australia,Joyeria,6,37,334,22899.04,120
SHOP00956,EEUU,Joyeria,6,288,1908,101486.52,805
SHOP00957,Reino Unido,Ropa,101,348,2027,57505.99,429
SHOP00958,EEUU,Juguetes,30,264,884,45313.84,398
SHOP00959,EEUU,Joyeria,1,326,2476,145365.96,886
SHOP00960,Francia,Joyeria,63,81,1120,25995.2,228
SHOP00961,Canada,Bodas,8,114,982,54795.6,461
SHOP00962,Australia,Bodas,28,309,1881,108853.47,912
SHOP00963,Alemania,Joyeria,89,388,3559,83494.14,1607
SHOP00964,Reino Unido,Vintage,33,143,1351,14320.6,454
SHOP00965,EEUU,Papeleria,53,39,633,13077.78,260
SHOP00966,Alemania,Vintage,38,398,3288,67206.72,1166
SHOP00967,EEUU,Arte,52,239,996,11991.84,478
SHOP00968,Reino Unido,Juguetes,78,334,2305,122188.05,999
SHOP00969,Canada,Joyeria,11,204,1657,52294.92,385
SHOP00970,Australia,Hogar,2,329,1132,71123.56,517
SHOP00971,Alemania,Ropa,53,155,1258,29726.54,597
SHOP00972,Alemania,Ropa,94,38,405,14620.5,141
SHOP00973,EEUU,Juguetes,94,128,1078,51334.36,593
SHOP00974,EEUU,Arte,68,371,3329,207729.6,1788
SHOP00975,EEUU,Joyeria,77,36,1307,52972.71,352
SHOP00976,Alemania,Ropa,7,276,1916,59702.56,1076
SHOP00977,Francia,Ropa,102,328,1920,118560.0,722
SHOP00978,EEUU,Juguetes,67,314,1227,33423.48,600
SHOP00979,EEUU,Arte,9,128,561,7248.12,294
SHOP00980,Reino Unido,Papeleria,78,372,2314,82355.26,930
SHOP00981,Espana,Papeleria,116,320,1383,78388.44,497
SHOP00982,Canada,Vintage,63,82,966,9573.06,546
SHOP00983,EEUU,Papeleria,11,80,350,15512.0,102
SHOP00984,Francia,Hogar,37,64,536,24044.96,162
SHOP00985,Espana,Bodas,14,89,270,17703.9,93
SHOP00986,EEUU,Vintage,19,372,2370,61051.2,1288
SHOP00987,Francia,Vintage,8,84,579,14642.91,333
SHOP00988,Reino Unido,Juguetes,7,378,2937,103705.47,845
SHOP00989,EEUU,Vintage,59,176,1213,36547.69,661
SHOP00990,Reino Unido,Bodas,63,262,2455,131710.75,744
SHOP00991,Espana,Juguetes,7,283,2099,100311.21,1234
SHOP00992,Alemania,Joyeria,55,225,1877,103328.85,823
SHOP00993,EEUU,Arte,3,50,187,11003.08,37
SHOP00994,Francia,Arte,67,77,1312,85568.64,280
SHOP00995,EEUU,Hogar,18,58,620,21526.4,160
SHOP00996,Australia,Bodas,45,331,1836,126775.8,504
SHOP00997,Canada,Vintage,97,225,2412,51544.44,1222
SHOP00998,EEUU,Vintage,101,385,3269,170936.01,945
SHOP00999,EEUU,Juguetes,92,341,3959,162754.49,2326
