app,categoria,precio_usd,es_gratis,compras_integradas,descargas,rating,num_valoraciones,tamano_mb,idiomas
Spark Educacion Lite,Educacion,0.0,True,True,523979,4.6,39595,109.1,21
Prism Entretenimiento Plus,Entretenimiento,0.0,True,True,871,4.8,34,512.2,9
Mint Educacion AI,Educacion,6.99,False,True,410981,4.0,17791,702.4,26
Volt Finanzas,Finanzas,0.0,True,True,110128,4.2,3781,577.6,28
Quartz Redes X,Redes Sociales,0.0,True,False,129418,3.5,3246,128.9,8
Vibe Educacion Plus,Educacion,0.0,True,True,58383,5.0,4491,184.1,13
Prism Musica Plus,Musica,0.0,True,True,244215,4.6,10620,246.9,13
Nova Juegos Lite,Juegos,0.0,True,False,10948,3.6,708,696.5,18
Glow Juegos Go,Juegos,0.0,True,False,164400,4.4,4416,280.5,11
Orbit Juegos HD,Juegos,0.0,True,False,368814,3.4,23390,433.3,1
Glow Viajes HD,Viajes,0.0,True,True,94171,4.0,3980,33.1,19
Zen Entretenimiento 360,Entretenimiento,0.0,True,True,171606,3.6,3021,678.2,31
Mint Fotografia,Fotografia,0.0,True,False,348651,4.1,18283,306.1,22
Nova Juegos AI,Juegos,1.99,False,False,11396,3.9,435,585.5,8
Mint Juegos Plus,Juegos,0.0,True,False,108801,4.3,6249,215.3,14
Mint Juegos 360,Juegos,0.0,True,True,6111,4.1,391,713.2,9
Flow Juegos X,Juegos,0.0,True,False,1677,4.8,77,93.9,14
Pulse Productividad AI,Productividad,9.99,False,False,7510,4.0,327,553.1,6
Mint Redes Go,Redes Sociales,0.0,True,True,112495,3.7,7066,408.6,8
Zen Juegos Plus,Juegos,0.0,True,True,285749,4.1,18913,247.5,11
Flow Viajes X,Viajes,0.0,True,True,13913181,4.4,173332,550.6,31
Zen Juegos HD,Juegos,0.0,True,False,804535,5.0,10891,273.8,21
Drift Juegos Pro,Juegos,0.0,True,True,683834,4.7,48803,638.2,32
Glow Salud 360,Salud y Fitness,0.0,True,True,214783,4.2,9744,347.9,38
Volt Juegos 360,Juegos,0.0,True,False,55015,3.4,3612,619.1,36
Zen Viajes Plus,Viajes,0.0,True,True,82731,4.8,1370,746.7,21
Drift Productividad,Productividad,0.0,True,True,101579,4.1,3411,566.5,33
Pulse Juegos AI,Juegos,19.99,False,False,15359,4.8,212,738.0,2
Lumen Productividad Go,Productividad,0.0,True,False,52077,4.1,3679,755.1,22
Prism Finanzas,Finanzas,0.0,True,True,3531,3.6,210,637.5,21
Flow Redes Go,Redes Sociales,0.0,True,True,110277,4.1,7369,500.2,11
Mint Musica Pro,Musica,0.0,True,True,29981,3.5,488,79.2,39
Glow Juegos X,Juegos,6.99,False,False,15570,4.2,843,549.9,21
Drift Salud Plus,Salud y Fitness,0.0,True,True,418801,4.1,27540,147.4,32
Glow Productividad HD,Productividad,0.0,True,True,17816,4.4,561,591.8,36
Quartz Juegos AI,Juegos,0.0,True,True,608333,5.0,32073,132.1,25
Glow Salud AI,Salud y Fitness,9.99,False,True,6747,4.1,108,386.0,31
Nova Fotografia,Fotografia,0.0,True,False,109268,5.0,5832,428.2,21
Mint Educacion,Educacion,0.0,True,True,369709,3.0,27549,408.7,21
Pulse Juegos Pro,Juegos,4.99,False,False,2557,4.2,102,628.8,9
Spark Juegos Go,Juegos,0.0,True,True,54816,4.4,3009,650.5,9
Orbit Musica Plus,Musica,0.0,True,True,140249,3.2,3601,227.9,25
Spark Viajes AI,Viajes,0.0,True,True,244015,3.1,18375,458.7,33
Orbit Productividad Lite,Productividad,0.0,True,True,1742812,4.1,114836,286.3,4
Prism Entretenimiento Lite,Entretenimiento,0.0,True,True,80971,3.7,2683,176.6,34
Volt Redes Plus,Redes Sociales,0.0,True,True,110395,4.0,3548,564.4,27
Zen Juegos X,Juegos,0.0,True,True,100426,4.4,5268,387.6,3
Drift Finanzas HD,Finanzas,0.0,True,True,90908,4.5,4405,188.3,6
Pulse Entretenimiento Pro,Entretenimiento,0.0,True,True,4384,5.0,154,58.1,14
Echo Salud Pro,Salud y Fitness,2.99,False,False,55646,3.7,3581,610.7,5
Flow Redes 360,Redes Sociales,0.0,True,True,1852,3.9,77,166.6,23
Volt Juegos Go,Juegos,0.0,True,False,112444,3.6,1219,825.3,36
Prism Viajes Go,Viajes,0.0,True,True,318278,4.8,16878,494.6,26
Pulse Juegos Pro,Juegos,0.0,True,False,4500,4.2,143,628.5,15
Echo Juegos Go,Juegos,9.99,False,False,9126,4.8,228,333.9,34
Orbit Juegos AI,Juegos,0.0,True,True,10133,3.6,801,93.4,34
Quartz Juegos Pro,Juegos,0.0,True,True,87949,3.3,6085,719.5,18
Flow Viajes Pro,Viajes,0.0,True,True,52790,3.9,1051,590.7,22
Lumen Juegos Plus,Juegos,0.0,True,True,364311,4.0,4460,330.2,26
Nova Juegos Go,Juegos,4.99,False,False,79369,4.3,5295,460.3,24
Mint Juegos HD,Juegos,0.0,True,False,27168,3.5,1760,38.5,10
Drift Juegos Lite,Juegos,0.0,True,True,119916,5.0,1554,474.0,6
Lumen Productividad Lite,Productividad,0.0,True,True,82187,4.8,2685,831.8,1
Flow Juegos,Juegos,0.0,True,False,129335,3.9,5128,437.0,38
Volt Juegos,Juegos,0.0,True,True,11269,4.5,787,460.5,9
Quartz Productividad Plus,Productividad,1.99,False,True,43564,4.6,2509,580.1,20
Quartz Productividad X,Productividad,0.0,True,True,25727,3.7,1287,767.1,14
Flow Juegos AI,Juegos,0.0,True,False,486226,4.4,32327,523.4,17
Pulse Viajes Pro,Viajes,0.0,True,True,157228,4.0,3530,31.7,37
Zen Juegos,Juegos,19.99,False,True,1533,4.1,18,180.1,15
Quartz Productividad X,Productividad,2.99,False,False,69676,4.4,1682,842.4,37
Zen Entretenimiento AI,Entretenimiento,0.0,True,False,45570,4.3,3148,380.5,28
Drift Productividad AI,Productividad,0.0,True,True,8019,4.3,132,48.4,31
Echo Finanzas Plus,Finanzas,0.0,True,True,11860,4.3,462,392.0,38
Vibe Redes Lite,Redes Sociales,0.0,True,True,161075,4.6,5306,366.7,11
Quartz Entretenimiento Pro,Entretenimiento,14.99,False,True,15708,4.4,1063,824.9,31
Flow Viajes,Viajes,0.0,True,True,58275,4.6,3920,238.7,37
Zen Entretenimiento Pro,Entretenimiento,0.0,True,True,35810,4.7,527,234.6,26
Echo Juegos Go,Juegos,0.0,True,False,102164,4.4,5224,387.4,28
Zen Viajes HD,Viajes,0.0,True,True,788038,4.5,12721,791.6,37
Spark Productividad Pro,Productividad,0.0,True,True,16451,3.6,1199,605.4,24
Pixel Educacion 360,Educacion,0.0,True,False,91686,3.7,5720,133.3,13
Pulse Productividad Plus,Productividad,0.0,True,True,191661,3.7,5331,183.5,12
Lumen Productividad Lite,Productividad,9.99,False,False,15317,4.1,559,821.9,5
Echo Finanzas HD,Finanzas,19.99,False,False,18129,4.6,1433,97.0,2
Flow Finanzas Lite,Finanzas,0.0,True,False,47207,4.2,2495,719.2,34
Pulse Juegos AI,Juegos,0.0,True,True,334976,4.3,13203,301.4,13
Nova Juegos Go,Juegos,0.0,True,False,62854,4.0,4905,526.7,12
Pulse Juegos Go,Juegos,0.99,False,False,11032,4.2,673,647.9,19
Glow Entretenimiento Pro,Entretenimiento,0.0,True,False,15355,4.3,796,845.9,16
Vibe Juegos,Juegos,0.0,True,False,248646,4.1,11124,47.1,3
Lumen Redes 360,Redes Sociales,2.99,False,False,269,3.6,6,433.3,23
Orbit Productividad Pro,Productividad,0.0,True,True,145425,4.4,10292,491.2,13
Flow Juegos Plus,Juegos,0.0,True,False,60729,4.7,4274,93.8,1
Volt Juegos,Juegos,0.0,True,True,1254,4.4,82,435.5,16
Glow Fotografia X,Fotografia,1.99,False,False,324504,4.2,18355,238.6,3
Quartz Entretenimiento Go,Entretenimiento,0.0,True,True,615043,4.2,21866,743.8,24
Flow Juegos,Juegos,0.0,True,True,17954,4.3,190,652.7,11
Nova Salud,Salud y Fitness,0.99,False,True,387371,4.1,13613,514.0,38
Vibe Juegos 360,Juegos,2.99,False,False,120467,4.5,7885,760.8,8
Nova Entretenimiento,Entretenimiento,0.0,True,True,962848,5.0,75315,466.1,19
Prism Juegos 360,Juegos,19.99,False,True,8838,4.6,164,655.2,4
Volt Musica HD,Musica,0.0,True,False,262885,4.2,16565,616.2,19
Quartz Salud Pro,Salud y Fitness,0.0,True,False,8749,4.8,550,153.1,8
Spark Entretenimiento AI,Entretenimiento,0.0,True,True,9212,4.1,468,565.6,8
Orbit Finanzas Lite,Finanzas,0.0,True,True,275223,3.4,8014,744.6,27
Pulse Juegos Lite,Juegos,0.0,True,True,7942,4.8,409,301.0,33
Glow Salud X,Salud y Fitness,0.0,True,True,704974,4.3,16575,803.6,20
Quartz Juegos,Juegos,1.99,False,False,7120,4.3,456,112.0,24
Pulse Viajes 360,Viajes,0.0,True,True,680126,4.2,31659,195.7,27
Echo Juegos Pro,Juegos,0.0,True,False,444060,3.9,6098,797.8,21
Pixel Educacion Plus,Educacion,0.0,True,False,24826,3.2,652,141.0,36
Mint Juegos,Juegos,6.99,False,False,301343,4.5,16221,145.3,2
Volt Fotografia Go,Fotografia,0.0,True,False,4359,4.6,48,506.1,31
Prism Productividad 360,Productividad,14.99,False,True,43103,4.6,1456,457.9,15
Quartz Viajes Plus,Viajes,6.99,False,False,10730,4.7,482,808.5,12
Lumen Salud Plus,Salud y Fitness,1.99,False,False,182383,4.4,9709,639.8,21
Orbit Educacion AI,Educacion,0.0,True,True,24275,4.3,1934,482.8,19
Glow Entretenimiento X,Entretenimiento,0.0,True,True,93866,4.1,6433,181.5,1
Glow Redes Go,Redes Sociales,0.0,True,False,40092,4.5,2555,561.6,32
Prism Musica Lite,Musica,2.99,False,False,97061,4.5,7429,573.9,28
Volt Juegos 360,Juegos,14.99,False,False,920823,3.3,52140,755.9,21
Echo Finanzas,Finanzas,0.0,True,False,2518,4.9,170,748.3,38
Mint Juegos Pro,Juegos,0.0,True,True,20580,4.4,699,220.3,23
Echo Musica AI,Musica,0.0,True,False,171873,3.7,4236,184.7,28
Flow Finanzas 360,Finanzas,0.0,True,False,168937,4.2,10315,571.6,3
Mint Redes AI,Redes Sociales,0.0,True,True,7293,4.8,274,107.9,9
Pulse Fotografia HD,Fotografia,0.0,True,False,106570,3.8,7077,78.2,16
Echo Educacion AI,Educacion,0.0,True,True,51955,3.9,2341,698.8,30
Pulse Productividad AI,Productividad,0.0,True,False,800527,3.9,23993,218.2,7
Lumen Entretenimiento Lite,Entretenimiento,0.0,True,True,122559,4.8,8731,700.3,2
Prism Productividad,Productividad,0.0,True,False,40321,4.2,2695,408.8,13
Nova Juegos Lite,Juegos,0.0,True,True,3537114,3.3,248444,437.6,39
Glow Juegos 360,Juegos,0.0,True,True,95814,3.7,3710,634.9,13
Flow Productividad 360,Productividad,0.0,True,True,79039,4.5,2638,401.8,8
Echo Entretenimiento 360,Entretenimiento,0.0,True,False,141999,4.4,3159,319.3,7
Nova Juegos X,Juegos,0.0,True,True,51054,3.2,3503,752.1,32
Pixel Fotografia Pro,Fotografia,0.0,True,True,225616,4.4,16771,282.1,24
Mint Redes Go,Redes Sociales,0.0,True,False,274072,4.4,18079,60.6,30
Nova Productividad X,Productividad,0.0,True,True,86964,4.3,1581,549.4,13
Nova Salud Plus,Salud y Fitness,0.0,True,True,77007,4.1,5275,634.1,39
Spark Fotografia Pro,Fotografia,0.0,True,False,83069,3.7,5310,428.7,18
Nova Juegos 360,Juegos,6.99,False,True,185575,4.8,4243,57.3,9
Drift Juegos Plus,Juegos,9.99,False,False,2722,4.3,140,786.3,27
Orbit Juegos Go,Juegos,0.0,True,False,9146,4.6,232,631.2,9
Spark Redes Pro,Redes Sociales,0.0,True,True,548263,4.1,30421,328.5,8
Drift Redes AI,Redes Sociales,0.0,True,True,815921,4.5,21441,657.0,15
Nova Productividad AI,Productividad,0.0,True,True,40726,4.1,3085,378.3,1
Echo Redes Plus,Redes Sociales,0.0,True,True,160019,4.1,2987,482.3,37
Quartz Juegos Lite,Juegos,0.0,True,True,2627,3.5,66,353.1,21
Echo Juegos,Juegos,0.99,False,True,126473,4.6,6119,40.1,16
Vibe Juegos,Juegos,0.99,False,False,692069,5.0,36486,93.4,16
Nova Educacion Plus,Educacion,0.0,True,True,117045,4.3,9339,558.5,38
Quartz Juegos Go,Juegos,0.0,True,True,40892,3.9,1935,398.7,33
Spark Fotografia Pro,Fotografia,1.99,False,True,9749,5.0,102,579.5,7
Spark Salud,Salud y Fitness,0.0,True,True,15741517,3.6,386211,752.0,27
Mint Redes Go,Redes Sociales,0.0,True,True,13761,4.3,1087,696.3,26
Lumen Redes Lite,Redes Sociales,0.0,True,False,471328,4.2,9780,142.8,36
Zen Entretenimiento Plus,Entretenimiento,0.0,True,True,109047,3.9,8493,511.5,37
Lumen Productividad,Productividad,6.99,False,False,3826,4.7,163,126.4,37
Prism Fotografia AI,Fotografia,0.0,True,True,54995,4.2,2912,102.6,24
Pixel Juegos Go,Juegos,4.99,False,False,11439,4.3,603,702.2,13
Orbit Entretenimiento HD,Entretenimiento,0.0,True,True,13132,3.8,1031,708.3,19
Lumen Salud Plus,Salud y Fitness,1.99,False,True,19110,3.8,339,643.2,13
Volt Finanzas X,Finanzas,0.0,True,True,233622,4.8,3833,214.8,16
Orbit Salud X,Salud y Fitness,0.0,True,False,16277,4.3,466,520.0,19
Lumen Juegos Go,Juegos,14.99,False,False,2807,4.9,166,24.1,23
Orbit Productividad Go,Productividad,0.0,True,False,115057,3.8,6325,226.4,35
Nova Juegos HD,Juegos,0.0,True,True,166970,4.0,3442,244.0,32
Echo Juegos Plus,Juegos,0.0,True,False,4349844,3.8,98898,392.2,1
Drift Viajes Plus,Viajes,0.0,True,True,3099462,4.1,104217,525.3,10
Nova Juegos 360,Juegos,0.0,True,True,62983,4.7,1534,473.9,36
Spark Fotografia Plus,Fotografia,0.0,True,True,5390,5.0,71,343.9,7
Pulse Viajes HD,Viajes,1.99,False,False,9456,4.3,518,295.1,18
Flow Viajes AI,Viajes,0.0,True,True,102108,4.2,4246,152.4,27
Flow Juegos Plus,Juegos,9.99,False,True,83830,4.6,3503,180.2,22
Prism Juegos AI,Juegos,0.0,True,True,15084,4.0,254,618.7,23
Glow Juegos X,Juegos,0.0,True,True,82557,4.4,6581,706.4,25
Vibe Salud Go,Salud y Fitness,0.0,True,True,540839,4.2,28067,122.7,19
Pixel Juegos AI,Juegos,2.99,False,False,17097,4.6,1346,138.3,4
Flow Salud AI,Salud y Fitness,6.99,False,False,10356,5.0,541,577.7,22
Drift Educacion Plus,Educacion,19.99,False,False,126739,4.7,1306,797.7,32
Lumen Juegos Go,Juegos,4.99,False,True,253919,5.0,17897,259.3,24
Pixel Entretenimiento Lite,Entretenimiento,0.0,True,True,152962,4.5,2537,793.4,30
Mint Musica Pro,Musica,0.0,True,True,250680,3.9,2570,110.9,25
Quartz Salud 360,Salud y Fitness,0.0,True,True,1590182,5.0,17348,294.4,11
Quartz Fotografia Lite,Fotografia,0.0,True,True,1151518,4.3,66099,557.9,7
Echo Juegos AI,Juegos,0.0,True,True,6742,4.2,517,314.8,13
Spark Musica 360,Musica,0.0,True,True,30315,3.6,1483,685.6,12
Echo Viajes Plus,Viajes,0.0,True,True,131257,4.4,8699,276.3,23
Pulse Juegos,Juegos,1.99,False,True,11416,4.0,384,176.7,30
Mint Viajes Go,Viajes,19.99,False,False,4524,4.1,270,700.4,19
Glow Entretenimiento HD,Entretenimiento,0.0,True,True,228073,4.4,6681,178.3,2
Nova Redes Lite,Redes Sociales,9.99,False,False,184824,4.4,11169,428.0,1
Mint Finanzas Pro,Finanzas,0.0,True,True,2975,3.9,96,849.5,29
Pixel Juegos 360,Juegos,1.99,False,False,406684,3.7,30638,473.2,25
Pulse Juegos 360,Juegos,1.99,False,True,215745,3.8,6857,380.2,28
Echo Finanzas Plus,Finanzas,0.0,True,True,368991,4.8,16771,803.6,28
Pixel Juegos AI,Juegos,0.0,True,True,25116,4.3,765,302.3,33
Prism Juegos,Juegos,9.99,False,False,22007,3.8,1128,345.9,2
Quartz Juegos Go,Juegos,0.99,False,False,1241,3.8,61,582.7,27
Spark Productividad X,Productividad,2.99,False,False,4129,4.7,136,557.4,6
Orbit Redes,Redes Sociales,0.0,True,True,51980,4.4,2365,28.4,21
Echo Viajes,Viajes,0.0,True,True,19349776,4.4,468021,475.7,37
Glow Redes Pro,Redes Sociales,0.0,True,False,147084,4.6,1762,789.4,29
Zen Salud X,Salud y Fitness,0.0,True,False,452788,4.3,33281,694.4,21
Spark Juegos Plus,Juegos,0.0,True,True,5594,4.2,256,268.6,17
Quartz Finanzas Go,Finanzas,6.99,False,False,540410,4.6,18351,354.2,14
Prism Juegos AI,Juegos,0.0,True,False,252862,3.8,12398,225.8,3
Volt Entretenimiento X,Entretenimiento,0.0,True,True,71839,3.1,2046,53.6,4
Volt Productividad Pro,Productividad,0.0,True,True,102866,3.4,6010,20.8,2
Quartz Viajes Pro,Viajes,0.0,True,True,29122,4.3,1905,675.3,16
Lumen Finanzas 360,Finanzas,0.0,True,True,6860,3.7,532,391.1,22
Quartz Redes AI,Redes Sociales,0.0,True,True,85416,4.0,6427,387.0,4
Glow Entretenimiento HD,Entretenimiento,0.0,True,True,1064153,4.2,74402,127.2,32
Mint Salud AI,Salud y Fitness,0.0,True,True,158729,4.3,7926,555.2,2
Spark Entretenimiento Lite,Entretenimiento,0.0,True,False,146619,5.0,8725,826.1,36
Spark Finanzas X,Finanzas,0.0,True,False,240909,4.3,11192,111.0,32
Pixel Redes Lite,Redes Sociales,6.99,False,True,21455,4.0,942,33.7,1
Flow Salud Lite,Salud y Fitness,0.0,True,False,1122366,4.3,35074,471.6,35
Echo Juegos HD,Juegos,9.99,False,False,79723,5.0,1435,736.9,22
Prism Productividad AI,Productividad,0.0,True,True,733044,3.5,54838,446.9,24
Nova Musica Plus,Musica,6.99,False,False,172750,4.9,12135,714.9,8
Pulse Juegos AI,Juegos,14.99,False,False,7875,4.1,292,233.0,7
Zen Finanzas AI,Finanzas,0.0,True,True,81320,4.5,5371,421.9,31
Pulse Juegos 360,Juegos,0.0,True,False,24304,3.5,318,741.6,13
Mint Redes Plus,Redes Sociales,0.0,True,True,90812,4.5,6855,138.9,10
Orbit Juegos X,Juegos,2.99,False,False,4368,3.4,315,596.5,15
Mint Juegos X,Juegos,2.99,False,False,162760,4.0,6764,574.8,22
Echo Musica HD,Musica,0.0,True,True,46818,5.0,3631,365.0,12
Pixel Fotografia X,Fotografia,0.0,True,False,453769,4.1,5497,166.5,3
Prism Finanzas Go,Finanzas,0.0,True,True,58601,5.0,1805,276.7,30
Nova Juegos AI,Juegos,2.99,False,False,32342,3.9,804,758.7,16
Nova Redes Pro,Redes Sociales,0.0,True,True,100871,4.4,3550,265.9,14
Mint Finanzas X,Finanzas,0.0,True,False,918324,4.4,12611,161.9,29
Nova Juegos HD,Juegos,4.99,False,False,1738422,3.5,92239,52.3,25
Zen Entretenimiento Pro,Entretenimiento,0.0,True,True,229224,3.9,2689,753.2,10
Pulse Entretenimiento 360,Entretenimiento,0.0,True,True,22260,4.1,1266,629.4,8
Drift Viajes Go,Viajes,0.0,True,False,29551,4.5,1954,414.4,25
Zen Entretenimiento AI,Entretenimiento,0.0,True,True,84542,4.3,6537,609.0,22
Volt Musica 360,Musica,0.0,True,False,678984,4.9,18910,680.5,18
Glow Juegos AI,Juegos,0.99,False,True,25020,5.0,1505,747.4,13
Prism Juegos Plus,Juegos,9.99,False,False,2889,4.2,122,237.2,11
Mint Musica 360,Musica,1.99,False,True,4114,5.0,112,675.7,20
Quartz Productividad Lite,Productividad,0.0,True,False,174003,3.7,10030,677.7,20
Pulse Juegos AI,Juegos,0.0,True,True,2795,4.8,210,455.6,37
Quartz Viajes Pro,Viajes,19.99,False,True,11096,3.8,363,147.4,22
Prism Educacion Go,Educacion,0.0,True,True,195668,4.1,2170,279.3,11
Pixel Juegos Go,Juegos,0.0,True,True,150120,4.7,7467,488.2,3
Zen Redes Lite,Redes Sociales,0.0,True,False,118595,4.6,8167,541.0,22
Pixel Salud 360,Salud y Fitness,0.0,True,True,39453,3.8,2118,535.4,17
Glow Redes HD,Redes Sociales,0.0,True,True,36476,4.1,2394,586.5,21
Orbit Educacion Lite,Educacion,0.0,True,True,87999,4.4,2335,371.9,11
Pixel Productividad Lite,Productividad,0.0,True,False,483738,4.4,19653,87.6,32
Pixel Educacion Go,Educacion,0.0,True,True,18755,4.4,525,407.6,15
Zen Juegos 360,Juegos,14.99,False,False,5192,4.0,52,36.6,17
Vibe Salud Plus,Salud y Fitness,0.0,True,False,306660,4.1,24251,791.0,20
Flow Educacion Lite,Educacion,0.0,True,True,224093,2.9,7120,130.8,8
Pulse Juegos 360,Juegos,0.0,True,False,44172,4.8,2955,474.0,7
Prism Redes AI,Redes Sociales,0.0,True,True,81649,4.0,3781,568.2,17
Zen Juegos Go,Juegos,0.0,True,True,4267123,3.8,209959,707.8,4
Volt Entretenimiento X,Entretenimiento,0.0,True,True,50165,5.0,1427,558.8,20
Flow Juegos AI,Juegos,19.99,False,False,11078,3.5,248,194.1,4
Nova Fotografia,Fotografia,0.0,True,True,266212,4.6,15984,512.5,6
Mint Juegos X,Juegos,0.0,True,True,163044,3.7,4755,95.0,20
Orbit Juegos Go,Juegos,0.0,True,True,235228,4.3,10945,83.4,36
Pixel Juegos Go,Juegos,0.0,True,True,32195,3.8,1631,328.8,3
Pixel Juegos Plus,Juegos,0.0,True,True,16235,3.9,643,288.6,10
Pixel Juegos Plus,Juegos,0.0,True,False,5521,3.7,193,220.0,21
Prism Juegos Pro,Juegos,0.0,True,True,46786,3.9,1331,791.7,17
Spark Entretenimiento X,Entretenimiento,0.0,True,True,258671,3.5,6600,281.3,36
Drift Finanzas HD,Finanzas,0.0,True,True,216229,4.8,15863,314.7,9
Prism Juegos AI,Juegos,0.0,True,True,404541,4.2,27310,645.4,6
Flow Musica Lite,Musica,0.0,True,False,68720,4.2,4138,575.3,20
Echo Fotografia AI,Fotografia,0.0,True,False,322524,4.1,21288,604.0,7
Drift Entretenimiento X,Entretenimiento,1.99,False,True,52857,5.0,3895,346.1,26
Pixel Redes Go,Redes Sociales,0.99,False,True,24124,4.0,1210,394.1,15
Orbit Juegos Go,Juegos,0.0,True,True,24210,3.7,1156,80.8,19
Zen Finanzas Lite,Finanzas,0.0,True,True,10013,4.6,514,590.0,36
Spark Juegos,Juegos,0.0,True,False,21516,4.4,358,624.1,20
Prism Productividad,Productividad,0.0,True,True,59773,4.3,1718,738.1,13
Drift Entretenimiento Lite,Entretenimiento,0.0,True,True,372731,4.3,29727,450.6,22
Drift Musica Pro,Musica,0.0,True,True,90689,4.1,4140,437.5,34
Pixel Salud Pro,Salud y Fitness,0.0,True,True,78682,4.1,2896,231.8,4
Pulse Redes AI,Redes Sociales,0.0,True,False,389638,4.5,4068,79.0,18
Mint Juegos X,Juegos,0.0,True,True,257604,4.2,14094,36.1,16
Prism Redes HD,Redes Sociales,0.0,True,True,38722,4.0,2525,527.8,39
Orbit Educacion Pro,Educacion,0.0,True,False,341088,3.8,14974,689.7,36
Flow Juegos,Juegos,0.0,True,True,290637,4.5,19912,450.9,5
Zen Musica,Musica,19.99,False,False,20688,4.6,360,639.3,30
Echo Juegos HD,Juegos,6.99,False,False,87150,3.8,3047,114.2,23
Echo Juegos Go,Juegos,0.0,True,True,462007,4.4,10497,297.6,33
Nova Fotografia X,Fotografia,0.0,True,True,30803,4.2,2412,627.8,31
Vibe Juegos Lite,Juegos,4.99,False,False,9124505,4.3,591367,415.3,20
Flow Salud Go,Salud y Fitness,0.0,True,True,3520,4.9,232,144.4,18
Pulse Fotografia 360,Fotografia,6.99,False,True,75328,3.5,5795,816.1,17
Lumen Fotografia Lite,Fotografia,0.0,True,False,79885,4.7,5233,848.6,19
Mint Finanzas Pro,Finanzas,0.0,True,True,25740,4.4,1801,601.0,39
Volt Educacion HD,Educacion,2.99,False,True,67166,4.4,4949,845.3,8
Mint Juegos Lite,Juegos,0.99,False,False,280421,3.8,10714,509.1,12
Pulse Redes AI,Redes Sociales,0.0,True,True,2564925,4.1,48204,305.7,37
Pixel Educacion 360,Educacion,0.0,True,False,189099,4.1,10093,673.9,30
Vibe Fotografia X,Fotografia,0.0,True,True,11215107,3.9,544689,635.4,33
Mint Musica,Musica,9.99,False,True,7804,4.9,537,35.1,1
Mint Entretenimiento AI,Entretenimiento,0.0,True,False,69146,3.6,1825,808.2,18
Volt Entretenimiento 360,Entretenimiento,0.0,True,False,22239,4.1,303,594.0,38
Spark Productividad Go,Productividad,0.0,True,False,457420,4.0,25689,638.1,16
Mint Entretenimiento HD,Entretenimiento,4.99,False,False,10107,4.4,185,157.5,9
Nova Salud Lite,Salud y Fitness,1.99,False,False,19554,4.6,910,206.8,5
Glow Musica Plus,Musica,0.0,True,False,62161,3.8,1496,450.7,26
Prism Productividad Pro,Productividad,0.0,True,False,956795,4.4,61695,639.7,24
Lumen Redes AI,Redes Sociales,0.0,True,True,34201,4.2,733,63.4,29
Drift Juegos HD,Juegos,19.99,False,False,65698,4.3,667,273.1,8
Mint Educacion Plus,Educacion,0.0,True,True,28281,3.5,556,44.8,32
Volt Fotografia Lite,Fotografia,0.0,True,True,2002823,5.0,53155,270.5,2
Pulse Productividad Pro,Productividad,0.0,True,True,43195,4.8,1585,480.4,6
Glow Viajes AI,Viajes,0.0,True,True,234986,3.6,4800,57.3,33
Mint Redes,Redes Sociales,0.0,True,True,69589,4.4,1432,566.6,35
Nova Musica HD,Musica,0.0,True,True,46686,3.4,2606,217.4,33
Flow Viajes Go,Viajes,0.0,True,True,102143,3.5,7202,663.9,30
Lumen Entretenimiento Pro,Entretenimiento,0.0,True,True,385183,5.0,11169,417.5,20
Drift Fotografia X,Fotografia,0.0,True,True,106449,3.7,4495,349.9,34
Nova Finanzas HD,Finanzas,0.0,True,True,43156,4.2,800,269.3,17
Pixel Juegos HD,Juegos,0.0,True,False,15532,4.4,996,628.7,2
Pulse Salud Go,Salud y Fitness,0.0,True,True,398554,3.5,22230,437.6,4
Flow Educacion X,Educacion,0.0,True,False,117109,4.6,1414,429.6,21
Lumen Viajes X,Viajes,0.0,True,True,15682,3.7,906,580.9,10
Volt Salud 360,Salud y Fitness,0.0,True,True,6599,4.5,523,247.6,4
Flow Educacion AI,Educacion,0.0,True,False,595668,4.7,18609,155.1,15
Glow Fotografia,Fotografia,2.99,False,False,632220,4.6,9655,676.2,34
Glow Viajes Lite,Viajes,0.0,True,False,141766,4.4,7806,215.4,38
Echo Juegos HD,Juegos,9.99,False,False,606388,3.7,13781,349.8,14
Volt Viajes Go,Viajes,0.0,True,True,37592,4.7,949,827.8,34
Orbit Productividad Lite,Productividad,0.0,True,True,19321,4.1,377,390.7,12
Nova Viajes Go,Viajes,0.0,True,True,40559,3.7,959,246.5,18
Orbit Productividad Lite,Productividad,9.99,False,True,11770,4.9,685,203.4,8
Glow Juegos Lite,Juegos,0.0,True,True,18345,3.6,1362,277.3,8
Echo Finanzas Go,Finanzas,14.99,False,True,487,4.8,34,496.7,12
Orbit Musica AI,Musica,0.0,True,True,1438213,4.4,96019,746.2,11
Pixel Juegos AI,Juegos,19.99,False,True,25236,4.5,503,129.9,4
Lumen Fotografia Lite,Fotografia,0.0,True,True,252032,5.0,20108,257.0,17
Glow Salud Go,Salud y Fitness,0.0,True,True,2435,4.6,92,352.2,19
Glow Entretenimiento Pro,Entretenimiento,0.0,True,True,213014,3.3,7700,266.5,20
Zen Juegos Go,Juegos,4.99,False,False,64970,4.6,3432,490.6,34
Quartz Entretenimiento AI,Entretenimiento,0.0,True,True,87160,4.1,2502,78.2,14
Volt Finanzas,Finanzas,0.0,True,True,2217407,3.9,164374,216.4,15
Quartz Salud Plus,Salud y Fitness,9.99,False,True,33959,4.2,837,666.7,22
Zen Juegos Go,Juegos,0.0,True,True,7981,3.8,189,322.2,19
Echo Musica,Musica,0.0,True,True,54773,3.9,4121,438.1,33
Prism Redes HD,Redes Sociales,0.0,True,True,72765,4.7,4341,349.8,1
Zen Redes HD,Redes Sociales,14.99,False,False,8007,3.4,234,276.2,39
Echo Musica Lite,Musica,0.0,True,True,475723,3.8,29719,588.2,32
Pixel Juegos HD,Juegos,0.0,True,False,130742,3.7,5693,649.1,18
Echo Juegos X,Juegos,2.99,False,False,4660,3.4,179,382.1,23
Mint Entretenimiento Lite,Entretenimiento,0.0,True,True,115246,4.6,1280,435.5,36
Prism Salud 360,Salud y Fitness,0.0,True,True,377856,4.4,14415,363.6,31
Vibe Musica Pro,Musica,0.0,True,False,28349,5.0,942,81.2,32
Zen Juegos Go,Juegos,0.0,True,True,44895,4.8,1689,134.5,26
Prism Juegos Lite,Juegos,0.0,True,True,4366361,4.0,81968,808.1,27
Volt Juegos Go,Juegos,9.99,False,False,30709,4.2,890,569.6,24
Lumen Juegos Plus,Juegos,0.0,True,True,140039,3.5,8221,451.0,22
Pulse Juegos 360,Juegos,0.0,True,True,116511,4.4,6032,302.4,5
Glow Juegos AI,Juegos,0.0,True,True,200010,5.0,5927,243.0,27
Volt Entretenimiento 360,Entretenimiento,0.0,True,True,120564,4.0,5415,169.3,6
Pulse Entretenimiento,Entretenimiento,0.0,True,True,2771817,3.3,51113,341.5,37
Spark Productividad 360,Productividad,0.0,True,True,534529,4.0,19925,248.9,26
Orbit Productividad 360,Productividad,4.99,False,False,858687,3.9,25819,542.7,11
Vibe Educacion Pro,Educacion,2.99,False,True,835,5.0,45,732.4,10
Spark Viajes Plus,Viajes,0.0,True,True,364950,4.0,20397,209.1,29
Nova Juegos Go,Juegos,0.0,True,True,20731,3.8,559,613.2,28
Flow Entretenimiento HD,Entretenimiento,0.0,True,True,8938,4.6,288,535.6,25
Glow Juegos Plus,Juegos,9.99,False,True,2166,4.1,92,693.9,36
Nova Musica,Musica,0.0,True,True,178998,4.5,5959,177.4,10
Zen Juegos,Juegos,0.0,True,True,115746,3.6,2968,411.1,14
Orbit Educacion HD,Educacion,0.0,True,True,52193,3.9,682,662.4,33
Pulse Redes 360,Redes Sociales,0.0,True,True,178721,3.6,4251,440.4,19
Drift Educacion X,Educacion,0.0,True,True,64074,4.2,3464,525.6,17
Nova Entretenimiento Go,Entretenimiento,2.99,False,False,31202,3.8,413,530.4,15
Volt Juegos Go,Juegos,0.0,True,True,119700,4.0,3846,224.0,39
Prism Juegos 360,Juegos,0.0,True,True,240511,4.7,9504,119.8,22
Lumen Entretenimiento Go,Entretenimiento,0.0,True,True,4106,3.7,87,140.3,36
Mint Entretenimiento Lite,Entretenimiento,0.0,True,True,729619,4.2,22328,395.8,24
Mint Juegos X,Juegos,0.0,True,True,98039,4.5,2177,365.9,3
Glow Viajes X,Viajes,0.0,True,True,112849,3.6,3423,649.9,18
Quartz Viajes AI,Viajes,0.0,True,True,41851,4.5,2943,264.5,1
Vibe Educacion HD,Educacion,0.0,True,False,6946,4.4,317,162.6,30
Pulse Viajes HD,Viajes,14.99,False,True,72113,4.7,4591,440.1,22
Lumen Redes Go,Redes Sociales,0.0,True,False,115668,3.4,2887,830.6,12
Echo Juegos AI,Juegos,2.99,False,True,529183,4.4,6769,719.5,25
Drift Entretenimiento Plus,Entretenimiento,0.0,True,True,486329,3.7,35362,762.3,2
Orbit Juegos Pro,Juegos,0.0,True,True,223666,4.2,7321,397.8,12
Nova Viajes Go,Viajes,0.0,True,True,92979,4.4,5703,639.4,35
Quartz Salud Pro,Salud y Fitness,0.0,True,True,300100,4.3,4019,23.6,20
Pulse Entretenimiento Lite,Entretenimiento,0.0,True,False,61536,3.7,849,38.8,18
Volt Entretenimiento Plus,Entretenimiento,0.0,True,False,22202,4.0,1590,387.7,14
Mint Finanzas Pro,Finanzas,0.0,True,True,78406,3.9,3304,36.4,14
Spark Juegos Lite,Juegos,19.99,False,False,11222,3.5,868,355.9,10
Vibe Juegos Lite,Juegos,4.99,False,True,203034,5.0,10001,105.4,32
Quartz Juegos X,Juegos,4.99,False,False,9833,4.6,649,356.9,30
Zen Educacion Plus,Educacion,9.99,False,True,506049,4.5,25068,263.4,36
Lumen Redes X,Redes Sociales,0.0,True,True,63724,4.9,4303,71.6,11
Quartz Finanzas HD,Finanzas,0.0,True,True,111439,3.9,4442,560.2,16
Flow Musica HD,Musica,0.0,True,True,38789,3.4,2877,813.8,35
Drift Fotografia,Fotografia,0.0,True,True,107779,4.9,6507,627.1,13
Lumen Viajes AI,Viajes,0.0,True,True,6055,4.3,295,525.0,13
Glow Redes Pro,Redes Sociales,0.0,True,True,395447,4.0,31397,237.7,29
Prism Educacion,Educacion,0.0,True,True,19057,4.2,1522,172.7,11
Pixel Redes X,Redes Sociales,0.0,True,True,374881,3.7,14142,781.9,30
Quartz Juegos AI,Juegos,0.0,True,True,8928,4.1,180,784.6,18
Pulse Productividad HD,Productividad,0.0,True,False,7320,4.0,256,596.9,11
Pulse Juegos AI,Juegos,14.99,False,True,10379,4.8,526,77.6,30
Pulse Educacion HD,Educacion,0.0,True,False,228248,4.1,12682,790.5,24
Vibe Redes,Redes Sociales,0.0,True,False,41497,3.8,827,754.1,10
Vibe Finanzas Plus,Finanzas,0.0,True,True,365968,5.0,18962,585.9,10
Pixel Salud 360,Salud y Fitness,0.0,True,True,791819,3.6,51340,217.5,26
Zen Juegos HD,Juegos,0.0,True,True,246931,4.1,19380,380.0,17
Pulse Productividad Go,Productividad,2.99,False,False,93386,3.9,2249,141.6,22
Spark Salud Go,Salud y Fitness,0.0,True,False,138459,4.7,3978,294.9,28
Drift Redes 360,Redes Sociales,9.99,False,False,8639,4.4,300,426.2,2
Pixel Viajes 360,Viajes,0.0,True,True,37755,4.7,1965,387.6,26
Vibe Redes 360,Redes Sociales,0.0,True,True,406307,3.7,30910,127.2,7
Glow Salud Pro,Salud y Fitness,0.0,True,True,194279,3.4,9251,24.9,23
Volt Salud HD,Salud y Fitness,19.99,False,True,88794,4.4,4902,72.7,27
Pulse Juegos AI,Juegos,14.99,False,True,60110,4.8,3951,450.3,4
Mint Educacion Lite,Educacion,6.99,False,True,360205,4.5,6836,394.3,23
Pixel Viajes 360,Viajes,0.99,False,False,145641,3.2,10467,750.8,6
Volt Redes,Redes Sociales,0.0,True,False,68301,5.0,2229,227.9,13
Prism Juegos X,Juegos,2.99,False,False,13380,4.2,239,746.2,2
Flow Redes Go,Redes Sociales,0.0,True,True,452030,3.9,19331,111.4,39
Flow Juegos Pro,Juegos,4.99,False,False,473097,3.5,12995,579.0,11
Vibe Musica AI,Musica,0.0,True,True,561768,4.8,26019,716.9,18
Lumen Educacion HD,Educacion,0.0,True,True,148946,4.5,7728,477.0,12
Nova Viajes HD,Viajes,0.0,True,True,255093,4.1,3699,166.2,12
Lumen Productividad Go,Productividad,19.99,False,False,12144,4.2,911,104.0,37
Volt Juegos X,Juegos,0.0,True,True,24497,4.2,498,436.0,34
Mint Productividad HD,Productividad,0.99,False,False,11703,3.4,733,339.2,13
Spark Salud 360,Salud y Fitness,0.0,True,True,20430,4.5,904,374.2,11
Spark Juegos X,Juegos,0.0,True,True,109947,4.4,5520,461.3,3
Spark Musica Pro,Musica,0.0,True,True,224047,4.3,11618,608.5,18
Pulse Juegos HD,Juegos,0.0,True,True,77076,4.6,5279,77.1,18
Orbit Productividad Plus,Productividad,0.0,True,False,1280,3.9,78,68.9,10
Vibe Juegos Go,Juegos,0.0,True,False,1840,3.8,52,59.9,22
Mint Productividad 360,Productividad,0.0,True,True,168607,3.4,2645,171.7,6
Echo Entretenimiento AI,Entretenimiento,0.0,True,True,215827,3.8,14236,639.8,17
Pulse Juegos 360,Juegos,0.0,True,False,69255,4.5,1939,565.5,38
Spark Fotografia X,Fotografia,0.0,True,True,14565,4.4,313,646.2,15
Mint Fotografia AI,Fotografia,0.0,True,True,184465,4.6,2040,182.1,5
Spark Entretenimiento,Entretenimiento,19.99,False,True,14375,3.5,897,122.8,27
Glow Juegos Lite,Juegos,0.0,True,True,514794,4.1,24474,770.2,33
Prism Juegos 360,Juegos,0.0,True,True,91521,4.0,5310,184.6,9
Drift Juegos 360,Juegos,19.99,False,False,46755,3.9,691,684.4,31
Orbit Productividad Lite,Productividad,0.0,True,False,166238,4.1,9584,149.4,38
Quartz Educacion AI,Educacion,0.0,True,False,163146,3.6,8944,764.5,20
Zen Juegos Go,Juegos,0.0,True,False,1450020,4.0,53319,644.9,4
Echo Educacion X,Educacion,9.99,False,False,2444,4.0,38,638.1,37
Glow Redes Plus,Redes Sociales,0.0,True,False,2376580,5.0,147916,747.0,39
Glow Juegos,Juegos,6.99,False,True,92570,4.0,5616,846.3,8
Echo Fotografia Go,Fotografia,0.0,True,True,10499,4.4,701,700.6,27
Drift Juegos,Juegos,19.99,False,False,36747,4.3,2701,348.8,17
Quartz Educacion AI,Educacion,0.0,True,False,167323,3.9,9933,71.9,32
Prism Juegos Plus,Juegos,0.0,True,True,7328,4.3,227,311.1,16
Quartz Salud Lite,Salud y Fitness,0.0,True,True,4384,4.9,92,226.0,21
Drift Educacion 360,Educacion,0.0,True,False,3851168,4.0,64497,445.5,19
Volt Juegos Go,Juegos,0.0,True,False,16090,4.7,681,801.3,28
Zen Finanzas HD,Finanzas,0.0,True,False,5068,4.2,66,502.6,21
Quartz Entretenimiento 360,Entretenimiento,0.0,True,True,9277443,4.3,569731,295.7,19
Zen Juegos Lite,Juegos,9.99,False,True,38863,4.0,713,157.5,22
Spark Juegos X,Juegos,0.0,True,False,210518,4.5,13676,428.8,2
Glow Juegos Lite,Juegos,9.99,False,False,216938,4.8,11106,723.3,2
Glow Finanzas 360,Finanzas,1.99,False,True,89882,3.9,6141,134.8,32
Prism Redes Lite,Redes Sociales,0.0,True,False,141097,4.5,2731,107.0,22
Lumen Juegos Go,Juegos,0.0,True,True,47935,3.4,1462,27.7,30
Orbit Productividad Plus,Productividad,0.0,True,True,40205,4.8,2871,843.7,34
Nova Juegos AI,Juegos,2.99,False,False,50441,3.8,1894,713.9,25
Spark Juegos,Juegos,0.0,True,True,16845,3.9,955,561.2,14
Quartz Redes Plus,Redes Sociales,0.0,True,True,48295,4.1,2328,574.5,34
Pixel Juegos HD,Juegos,0.0,True,True,264761,5.0,16970,535.3,32
Prism Productividad 360,Productividad,9.99,False,False,1531,4.7,38,306.3,7
Vibe Educacion X,Educacion,0.0,True,True,279207,4.6,15830,55.5,21
Drift Entretenimiento HD,Entretenimiento,19.99,False,False,3542,3.8,260,332.3,37
Glow Fotografia HD,Fotografia,0.0,True,True,12419,4.0,260,433.9,26
Pulse Fotografia Pro,Fotografia,0.0,True,True,3116811,5.0,33379,120.0,39
Flow Fotografia Pro,Fotografia,0.0,True,False,914583,4.0,17655,716.1,34
Volt Juegos,Juegos,6.99,False,True,24942,4.6,1045,37.1,39
Glow Fotografia,Fotografia,0.0,True,True,187151,4.4,7810,666.8,31
Prism Productividad AI,Productividad,0.0,True,True,1228822,4.2,49434,724.7,9
Flow Juegos Plus,Juegos,19.99,False,False,84527,4.4,6092,354.6,7
Zen Redes Pro,Redes Sociales,0.0,True,True,7544496,3.6,227965,782.4,17
Pixel Juegos Go,Juegos,0.0,True,False,75306,3.4,1115,179.3,2
Zen Entretenimiento AI,Entretenimiento,19.99,False,False,104940,2.8,2823,625.3,3
Prism Juegos Lite,Juegos,0.0,True,True,3758,3.3,178,135.9,30
Nova Fotografia HD,Fotografia,0.0,True,True,73901,5.0,1407,518.3,4
Mint Productividad Lite,Productividad,1.99,False,True,73132,4.3,2710,736.4,1
Mint Juegos Lite,Juegos,0.0,True,True,35249,3.8,1136,24.5,2
Zen Juegos 360,Juegos,0.0,True,False,36285,4.0,989,178.1,8
Flow Redes AI,Redes Sociales,14.99,False,False,479982,4.3,25365,661.8,13
Prism Musica Lite,Musica,0.0,True,True,286942,3.5,8554,100.5,20
Pixel Juegos HD,Juegos,0.0,True,False,22010,3.4,1099,561.5,24
Nova Redes,Redes Sociales,0.0,True,True,383108,4.4,14349,373.2,21
Pulse Productividad Pro,Productividad,0.0,True,True,107855,3.9,7204,184.7,29
Drift Salud Pro,Salud y Fitness,0.0,True,True,12793,4.6,249,423.4,5
Echo Finanzas Go,Finanzas,4.99,False,False,5349,5.0,242,483.8,12
Flow Educacion HD,Educacion,0.0,True,False,333824,3.8,4093,337.1,24
Prism Juegos Plus,Juegos,9.99,False,False,114787,3.6,4654,199.3,23
Mint Juegos Lite,Juegos,0.0,True,True,1556,3.8,64,773.6,38
Glow Juegos Pro,Juegos,0.0,True,True,10309,4.6,707,551.3,7
Flow Juegos 360,Juegos,0.0,True,True,131931,4.7,10217,334.3,8
Nova Redes Pro,Redes Sociales,0.0,True,True,225643,4.1,4005,223.6,35
Pulse Juegos Go,Juegos,4.99,False,False,73284,4.9,1115,51.0,2
Nova Redes AI,Redes Sociales,0.0,True,True,257431,4.1,15677,564.8,17
Pixel Finanzas Plus,Finanzas,0.0,True,True,81831,3.5,4030,823.9,14
Volt Musica HD,Musica,0.0,True,False,1995567,5.0,38349,687.7,30
Lumen Viajes Pro,Viajes,0.0,True,False,43011,3.6,2516,310.0,28
Volt Juegos Lite,Juegos,0.0,True,True,332213,3.9,15085,606.4,26
Spark Juegos Plus,Juegos,0.0,True,False,1806317,3.3,41364,500.6,16
Prism Juegos X,Juegos,0.0,True,True,29479,2.9,1834,374.8,18
Flow Salud X,Salud y Fitness,0.0,True,True,193991,5.0,5797,812.4,29
Quartz Entretenimiento Plus,Entretenimiento,0.0,True,True,96868,4.1,3906,434.9,17
Mint Entretenimiento HD,Entretenimiento,0.0,True,False,29754,4.1,566,318.0,17
Orbit Juegos 360,Juegos,0.0,True,True,52505,4.7,1569,265.8,10
Lumen Redes Go,Redes Sociales,0.0,True,False,1229991,4.2,27223,248.8,6
Echo Viajes 360,Viajes,0.0,True,True,90951,4.6,1758,650.0,19
Flow Entretenimiento HD,Entretenimiento,0.0,True,True,31370,4.2,1465,621.1,38
Volt Juegos Go,Juegos,0.0,True,False,1021735,4.1,41257,463.5,4
Echo Juegos,Juegos,0.0,True,False,14367,3.9,816,86.5,1
Prism Juegos HD,Juegos,0.0,True,True,408648,4.1,16719,780.8,26
Vibe Entretenimiento 360,Entretenimiento,0.0,True,False,1483780,3.1,109446,694.6,9
Echo Juegos Plus,Juegos,0.0,True,True,837798,4.2,25696,427.4,11
Orbit Salud AI,Salud y Fitness,0.0,True,False,13615,4.7,350,613.6,11
Spark Entretenimiento Go,Entretenimiento,0.0,True,False,3817133,4.0,200416,491.8,1
Pixel Finanzas Pro,Finanzas,0.0,True,False,1439761,4.2,61286,630.0,38
Spark Musica Go,Musica,0.0,True,True,25193,5.0,712,724.8,13
Glow Juegos Lite,Juegos,0.0,True,True,5095,3.3,377,500.8,35
Mint Finanzas 360,Finanzas,19.99,False,False,10024,3.7,503,143.2,7
Echo Finanzas Plus,Finanzas,0.99,False,False,997131,3.9,24671,824.2,18
Quartz Juegos X,Juegos,0.99,False,True,696834,4.1,31987,247.5,39
Echo Salud Plus,Salud y Fitness,6.99,False,False,98644,5.0,5040,636.6,35
Mint Juegos Plus,Juegos,0.0,True,True,130832,4.0,1633,618.9,12
Glow Juegos HD,Juegos,0.0,True,True,29230,4.2,2039,746.6,9
Spark Redes HD,Redes Sociales,0.0,True,True,18463,4.6,1076,436.4,30
Volt Salud X,Salud y Fitness,0.0,True,True,73531,3.9,3951,648.8,38
Pixel Viajes,Viajes,0.0,True,True,24179,4.1,1052,22.9,34
Glow Entretenimiento,Entretenimiento,0.0,True,True,1012731,3.6,80984,222.9,11
Spark Juegos 360,Juegos,0.0,True,False,46889,4.4,993,107.7,5
Pulse Juegos Go,Juegos,1.99,False,True,263728,4.2,12043,837.8,12
Vibe Fotografia Go,Fotografia,0.0,True,True,211873,4.4,2161,30.4,36
Nova Educacion 360,Educacion,0.0,True,False,927961,4.1,13207,500.9,18
Lumen Juegos AI,Juegos,0.0,True,True,279306,4.3,18791,301.4,25
Pixel Juegos Lite,Juegos,2.99,False,False,25727,3.9,1447,575.6,21
Quartz Entretenimiento Go,Entretenimiento,0.0,True,True,41418,4.7,1644,753.3,33
Glow Juegos HD,Juegos,0.0,True,True,201276,4.8,13914,286.2,20
Flow Redes 360,Redes Sociales,0.0,True,True,111709,4.4,1399,568.2,20
Spark Fotografia AI,Fotografia,0.0,True,True,34088,4.3,1672,394.4,3
Volt Musica Plus,Musica,0.0,True,False,347625,4.8,6473,482.0,12
Vibe Viajes Go,Viajes,6.99,False,False,5572,3.6,120,523.0,6
Flow Fotografia X,Fotografia,0.0,True,False,104542,5.0,6459,538.9,18
Flow Productividad AI,Productividad,0.0,True,True,23117,4.5,861,248.4,3
Spark Finanzas Go,Finanzas,0.0,True,True,953987,4.8,74783,515.4,31
Zen Productividad Lite,Productividad,0.0,True,True,9553,4.2,158,527.0,31
Quartz Salud 360,Salud y Fitness,4.99,False,False,70619,4.1,5204,87.6,12
Volt Redes Pro,Redes Sociales,0.0,True,True,380511,3.9,21861,553.6,33
Prism Redes X,Redes Sociales,0.0,True,False,52803,4.3,2245,448.6,33
Vibe Entretenimiento Pro,Entretenimiento,0.0,True,True,15772,4.2,838,563.9,20
Nova Redes Lite,Redes Sociales,0.0,True,True,104905,4.9,6294,544.4,20
Drift Juegos Plus,Juegos,0.0,True,True,157291,4.0,7001,754.5,31
Pulse Entretenimiento Lite,Entretenimiento,0.0,True,True,387205,4.1,11618,107.8,16
Echo Educacion Pro,Educacion,1.99,False,False,2546,4.6,142,426.6,30
Zen Entretenimiento Plus,Entretenimiento,6.99,False,False,201714,3.3,12532,533.3,31
Prism Redes,Redes Sociales,19.99,False,False,133094,4.1,10492,602.7,4
Pulse Productividad HD,Productividad,0.0,True,False,74155,4.5,5691,327.9,28
Quartz Redes 360,Redes Sociales,0.99,False,True,134718,3.7,3374,200.5,36
Prism Juegos Lite,Juegos,4.99,False,False,6376,4.1,83,487.7,27
Mint Entretenimiento Pro,Entretenimiento,0.0,True,True,994848,4.2,11762,582.6,38
Zen Educacion X,Educacion,0.0,True,True,39934,3.6,1589,525.1,25
Glow Educacion HD,Educacion,0.0,True,False,28833,4.4,538,31.5,21
Mint Productividad 360,Productividad,0.0,True,False,49028,4.5,3294,691.0,39
Pixel Productividad HD,Productividad,0.0,True,False,1214435,4.9,75879,309.9,4
Lumen Entretenimiento Lite,Entretenimiento,0.0,True,True,51301,4.1,1711,236.2,36
Pixel Productividad,Productividad,0.0,True,True,1928715,4.6,113371,606.6,35
Drift Juegos AI,Juegos,6.99,False,False,615063,3.5,29768,337.6,34
Pulse Salud Pro,Salud y Fitness,0.0,True,True,93253,5.0,1710,615.0,19
Orbit Juegos Pro,Juegos,0.0,True,True,8171,3.5,182,348.7,37
Glow Entretenimiento,Entretenimiento,6.99,False,False,785001,4.0,50360,226.5,12
Prism Juegos X,Juegos,0.0,True,False,368191,4.7,28651,247.8,30
Drift Productividad,Productividad,0.0,True,True,10646,4.2,149,233.9,10
Prism Finanzas Lite,Finanzas,0.0,True,False,490033,4.8,30354,768.3,24
Volt Entretenimiento,Entretenimiento,0.0,True,True,558861,4.4,5639,81.1,24
Pixel Salud Lite,Salud y Fitness,0.0,True,True,292489,4.0,3476,839.0,39
Lumen Productividad Go,Productividad,0.0,True,True,1582894,3.6,115517,210.0,18
Zen Juegos X,Juegos,0.0,True,True,15304,4.2,1145,183.8,4
Quartz Juegos Go,Juegos,0.0,True,True,507566,4.8,23196,833.1,21
Echo Redes Go,Redes Sociales,2.99,False,False,44088,3.3,874,357.5,34
Pixel Juegos AI,Juegos,0.99,False,False,34263,4.7,2068,374.4,4
Vibe Juegos Go,Juegos,9.99,False,True,19841,3.6,839,844.6,12
Mint Finanzas Go,Finanzas,0.0,True,False,247350,4.2,15576,245.4,8
Lumen Productividad X,Productividad,0.0,True,True,9618,4.1,551,417.5,4
Mint Juegos HD,Juegos,1.99,False,True,34603,3.7,496,57.2,39
Spark Productividad,Productividad,6.99,False,False,49204,4.9,2831,689.4,23
Vibe Salud,Salud y Fitness,0.0,True,False,36973,4.3,2842,261.4,39
Pixel Productividad Plus,Productividad,0.0,True,True,1587054,4.6,89813,370.6,19
Vibe Juegos Pro,Juegos,9.99,False,False,572028,4.1,22618,655.3,31
Glow Salud 360,Salud y Fitness,0.0,True,False,168537,3.6,8274,849.4,23
Flow Finanzas HD,Finanzas,0.0,True,True,11211,3.9,241,392.9,17
Drift Viajes Go,Viajes,0.0,True,True,10386,4.4,119,472.6,29
Glow Educacion X,Educacion,0.0,True,True,73368,3.5,5470,234.8,16
Quartz Productividad Lite,Productividad,9.99,False,True,21285,4.1,696,566.8,19
Lumen Entretenimiento Pro,Entretenimiento,0.0,True,False,308515,4.2,22174,594.8,15
Mint Productividad X,Productividad,6.99,False,True,286480,4.3,13769,164.1,25
Volt Entretenimiento Plus,Entretenimiento,0.0,True,True,52282,4.5,772,613.9,8
Nova Juegos Plus,Juegos,1.99,False,True,18389,4.3,1032,42.3,34
Nova Viajes Lite,Viajes,0.0,True,False,1677001,3.3,87890,322.6,25
Flow Entretenimiento 360,Entretenimiento,0.0,True,True,219877,5.0,14820,839.4,1
Nova Finanzas Plus,Finanzas,0.0,True,True,56316,4.8,2971,60.6,18
Flow Musica Pro,Musica,0.0,True,True,710452,4.6,34292,486.8,38
Quartz Educacion Plus,Educacion,0.0,True,True,8946,3.9,102,609.2,30
Flow Productividad,Productividad,0.0,True,True,883324,4.5,14142,130.2,7
Drift Finanzas Go,Finanzas,19.99,False,True,7546,4.7,270,708.0,21
Orbit Viajes,Viajes,0.0,True,True,14356,4.3,602,749.6,19
Zen Entretenimiento X,Entretenimiento,0.0,True,True,36685,4.2,1380,252.4,29
Pulse Productividad Pro,Productividad,6.99,False,False,7061489,4.4,297294,59.4,19
Vibe Viajes Pro,Viajes,0.0,True,True,352344,4.4,10350,195.6,35
Flow Productividad Lite,Productividad,0.0,True,True,191392,4.3,8455,768.6,20
Quartz Fotografia Go,Fotografia,2.99,False,False,104922,4.3,3544,239.4,4
Pixel Juegos Plus,Juegos,0.0,True,True,908168,4.1,54117,249.2,26
Echo Redes,Redes Sociales,0.0,True,True,179166,3.9,2938,670.3,36
Volt Juegos X,Juegos,0.0,True,True,42219,3.9,853,814.5,17
Drift Productividad Go,Productividad,0.0,True,False,157795,3.8,2893,476.0,19
Echo Juegos X,Juegos,0.99,False,False,18680,3.7,1152,765.5,26
Quartz Viajes Pro,Viajes,0.0,True,True,219817,4.5,10128,31.4,38
Quartz Entretenimiento 360,Entretenimiento,0.0,True,True,538535,4.7,8972,566.3,18
Nova Fotografia Lite,Fotografia,0.0,True,True,40301,3.7,1200,641.5,8
Spark Viajes 360,Viajes,2.99,False,False,16283,3.7,901,131.4,1
Quartz Redes AI,Redes Sociales,4.99,False,False,336479,3.7,24093,612.6,7
Lumen Juegos X,Juegos,0.0,True,True,37098,3.9,1641,280.8,5
Spark Viajes AI,Viajes,0.0,True,True,25107,5.0,1398,495.1,2
Mint Musica 360,Musica,0.0,True,True,79018,4.5,5111,167.2,15
Quartz Redes Plus,Redes Sociales,0.0,True,False,182623,4.3,7253,437.4,36
Flow Entretenimiento,Entretenimiento,0.0,True,True,48424,4.1,550,38.0,18
Echo Finanzas Pro,Finanzas,19.99,False,False,23204,3.8,771,569.3,3
Pulse Salud HD,Salud y Fitness,6.99,False,False,8109,4.1,498,724.1,2
Spark Educacion,Educacion,0.0,True,False,57111,4.8,2619,578.1,15
Quartz Juegos AI,Juegos,6.99,False,True,7067,4.0,164,667.8,31
Zen Productividad HD,Productividad,9.99,False,False,284595,4.0,3753,818.1,20
Lumen Fotografia,Fotografia,1.99,False,False,6940,4.3,384,477.2,12
Zen Entretenimiento HD,Entretenimiento,2.99,False,True,34014,4.2,1938,203.6,27
Pixel Musica X,Musica,0.0,True,True,14506,4.1,1073,119.9,4
Spark Musica Pro,Musica,2.99,False,False,41203,4.0,3228,808.4,9
Quartz Juegos HD,Juegos,0.0,True,True,47962,4.4,1711,723.0,7
Spark Finanzas,Finanzas,0.0,True,True,69653,5.0,3709,328.0,36
Glow Fotografia Pro,Fotografia,0.0,True,True,120042,3.7,4598,848.5,39
Vibe Entretenimiento AI,Entretenimiento,0.0,True,True,89957,4.3,1310,764.1,3
Pulse Educacion Lite,Educacion,0.0,True,False,97984,3.8,5677,721.0,13
Flow Salud X,Salud y Fitness,9.99,False,False,11022,4.8,841,60.6,33
Prism Entretenimiento HD,Entretenimiento,0.0,True,True,149793,4.8,1524,807.9,20
Quartz Juegos,Juegos,0.0,True,True,1243743,3.9,34541,339.6,13
Mint Salud AI,Salud y Fitness,0.0,True,False,7996,4.0,199,678.5,7
Flow Entretenimiento Lite,Entretenimiento,0.0,True,True,807516,3.7,16291,660.4,15
Lumen Educacion Plus,Educacion,0.0,True,True,563,4.4,21,458.7,22
Mint Musica AI,Musica,0.0,True,True,5994,5.0,416,712.6,20
Lumen Educacion HD,Educacion,0.0,True,True,23607,3.9,910,225.3,13
Pixel Fotografia X,Fotografia,2.99,False,False,5209,4.4,244,553.1,31
Prism Juegos Go,Juegos,0.0,True,True,1687,4.4,108,215.7,11
Spark Juegos X,Juegos,0.0,True,False,1944347,3.9,46136,67.1,32
Flow Productividad X,Productividad,14.99,False,False,26543,3.7,547,383.7,25
Nova Fotografia HD,Fotografia,0.0,True,True,317449,4.3,12963,400.0,32
Drift Musica Plus,Musica,0.0,True,False,1199273,4.4,36155,731.2,8
Volt Fotografia AI,Fotografia,0.0,True,True,100142,4.5,3439,311.7,37
Orbit Juegos X,Juegos,4.99,False,False,35035,4.9,1276,593.9,3
Mint Juegos Lite,Juegos,9.99,False,False,114138,3.7,2743,187.3,28
Orbit Finanzas Lite,Finanzas,0.0,True,True,69546,4.2,5393,722.7,39
Nova Salud Pro,Salud y Fitness,0.0,True,True,38605,4.1,2373,747.1,15
Drift Juegos AI,Juegos,9.99,False,False,3065,3.9,78,668.3,14
Flow Viajes Pro,Viajes,14.99,False,False,61507,3.8,1694,284.3,22
Spark Educacion Go,Educacion,0.0,True,True,5924,4.0,190,839.9,36
Drift Juegos X,Juegos,0.0,True,True,562748,3.8,9177,521.0,14
Orbit Juegos Pro,Juegos,0.0,True,True,690,4.2,19,517.9,1
Lumen Entretenimiento Pro,Entretenimiento,0.0,True,True,33471,3.9,2302,421.3,11
Nova Finanzas,Finanzas,2.99,False,True,50791,4.8,2686,125.6,20
Mint Salud Plus,Salud y Fitness,0.0,True,True,51296,4.0,3005,56.0,33
Echo Entretenimiento Pro,Entretenimiento,0.99,False,False,53663,4.5,4182,246.9,5
Zen Salud Lite,Salud y Fitness,2.99,False,False,165749,3.9,4202,567.1,18
Glow Juegos Plus,Juegos,19.99,False,True,42013,4.0,2137,815.5,14
Quartz Educacion Go,Educacion,0.0,True,False,45997,3.6,2452,442.5,15
Vibe Viajes 360,Viajes,9.99,False,False,1331,4.0,104,62.3,37
Pulse Redes X,Redes Sociales,0.0,True,True,104460,3.7,7227,173.5,9
Pixel Salud AI,Salud y Fitness,0.0,True,True,150913,4.4,8088,198.2,9
Pulse Juegos,Juegos,0.0,True,True,29039,4.9,1334,228.3,1
Vibe Juegos X,Juegos,0.0,True,False,46328,4.3,653,582.6,15
Mint Juegos Go,Juegos,2.99,False,False,53789,4.2,3140,153.4,32
Nova Entretenimiento 360,Entretenimiento,0.0,True,True,3460864,4.2,70953,31.7,27
Volt Fotografia HD,Fotografia,0.0,True,False,66661,4.0,4848,827.5,30
Zen Juegos X,Juegos,0.0,True,False,16941,3.8,280,66.1,14
Flow Redes Pro,Redes Sociales,0.0,True,True,416544,4.4,12273,663.8,28
Nova Entretenimiento Pro,Entretenimiento,0.0,True,True,39400,4.5,2378,320.0,23
Nova Finanzas X,Finanzas,0.0,True,False,20339,4.5,578,362.9,10
Drift Entretenimiento Plus,Entretenimiento,0.0,True,True,343346,3.6,17641,488.6,18
Pixel Fotografia 360,Fotografia,0.0,True,True,18599,4.7,407,717.4,18
Mint Viajes,Viajes,0.0,True,True,4246406,4.0,248214,643.6,30
Pulse Viajes Go,Viajes,0.0,True,True,15951,3.6,1144,213.4,22
Nova Finanzas Lite,Finanzas,0.0,True,False,48342,3.9,908,372.2,38
Nova Redes AI,Redes Sociales,0.0,True,False,215939,5.0,16949,194.7,24
Flow Juegos X,Juegos,0.0,True,True,127940,4.0,2828,104.7,29
Zen Juegos 360,Juegos,0.0,True,True,57073,4.7,2684,793.2,8
Quartz Juegos HD,Juegos,0.0,True,False,2038,4.1,57,518.7,22
Lumen Juegos X,Juegos,0.0,True,True,2492153,4.8,126516,349.6,29
Nova Productividad HD,Productividad,0.0,True,True,3166,3.9,110,599.8,39
Echo Educacion X,Educacion,0.0,True,True,334065,4.2,13148,56.7,31
Lumen Productividad,Productividad,2.99,False,False,18736,4.8,980,232.2,9
Prism Fotografia Plus,Fotografia,6.99,False,False,62043,4.5,4466,828.1,34
Quartz Juegos X,Juegos,2.99,False,True,27121,4.5,712,336.6,27
Nova Salud Pro,Salud y Fitness,0.0,True,True,1127138,5.0,65712,467.9,38
Volt Educacion Lite,Educacion,0.0,True,True,159687,4.2,10039,48.2,16
Orbit Musica,Musica,0.0,True,False,184409,3.9,10473,114.6,33
Volt Entretenimiento AI,Entretenimiento,0.0,True,False,65235,4.0,752,235.1,24
Drift Productividad AI,Productividad,0.0,True,True,162255,4.3,12536,827.9,33
Mint Juegos 360,Juegos,6.99,False,False,399654,3.5,15590,277.8,14
Quartz Musica Lite,Musica,0.0,True,True,145556,4.4,11128,211.6,9
Volt Musica Pro,Musica,0.0,True,True,100392,4.0,4658,329.5,2
Mint Viajes Lite,Viajes,0.0,True,True,405688,4.4,6133,63.4,16
Pixel Juegos HD,Juegos,0.0,True,True,882762,4.9,56213,650.4,20
Quartz Juegos 360,Juegos,0.0,True,True,41700,3.7,3143,626.9,14
Mint Entretenimiento AI,Entretenimiento,2.99,False,False,9047,4.2,325,640.5,37
Vibe Productividad,Productividad,0.0,True,True,13309,4.2,231,352.9,3
Quartz Juegos Pro,Juegos,0.0,True,True,285629,4.2,16615,579.1,11
Pulse Juegos Lite,Juegos,19.99,False,False,28165,3.6,1196,119.1,27
Prism Educacion Lite,Educacion,0.0,True,True,36276,4.6,441,189.9,15
Volt Fotografia AI,Fotografia,0.0,True,False,193496,4.7,2793,739.6,9
Flow Salud Go,Salud y Fitness,0.0,True,True,386683,3.8,21185,505.2,12
Volt Fotografia X,Fotografia,9.99,False,False,75123,5.0,1612,577.6,22
Glow Entretenimiento AI,Entretenimiento,0.0,True,False,38305,4.5,2806,690.3,8
Vibe Entretenimiento X,Entretenimiento,0.0,True,False,47650,4.2,1049,422.2,15
Lumen Viajes Go,Viajes,6.99,False,False,34528,3.6,628,475.5,35
Vibe Educacion Plus,Educacion,0.0,True,True,17996,4.1,712,490.1,5
Vibe Productividad Go,Productividad,2.99,False,False,5211,5.0,208,575.3,17
Vibe Redes Lite,Redes Sociales,0.0,True,False,42341,3.9,2666,680.5,25
Flow Entretenimiento,Entretenimiento,0.0,True,False,34877,4.0,2088,585.2,27
Pixel Entretenimiento Pro,Entretenimiento,0.0,True,False,161197,3.6,12254,297.1,10
Lumen Fotografia HD,Fotografia,0.0,True,True,20156,4.7,1316,820.2,24
Volt Juegos X,Juegos,4.99,False,False,54004,4.2,3503,682.8,37
Spark Juegos AI,Juegos,0.0,True,True,12692,4.4,894,380.2,12
Zen Finanzas Plus,Finanzas,0.0,True,True,555065,3.9,13238,810.3,35
Pixel Educacion X,Educacion,0.0,True,True,34843,4.3,2406,438.1,2
Prism Entretenimiento Lite,Entretenimiento,0.0,True,True,19281,4.5,227,212.3,31
Pulse Redes 360,Redes Sociales,0.0,True,True,11479,4.6,779,662.1,21
Mint Juegos HD,Juegos,0.0,True,False,14645,3.9,560,522.2,21
Vibe Juegos AI,Juegos,0.0,True,True,13591,4.1,875,517.0,14
Lumen Entretenimiento HD,Entretenimiento,0.0,True,True,304222,4.5,14303,816.8,16
Echo Entretenimiento X,Entretenimiento,0.0,True,True,39537,4.4,2104,823.1,15
Flow Fotografia,Fotografia,0.0,True,True,49573,4.1,2723,183.4,37
Lumen Salud Plus,Salud y Fitness,0.0,True,True,5048320,4.8,141327,26.2,38
Mint Productividad Plus,Productividad,0.0,True,True,14716,3.3,828,559.2,32
Vibe Salud Plus,Salud y Fitness,0.0,True,False,67999,3.6,2107,272.9,38
Glow Juegos AI,Juegos,0.0,True,False,36400,4.6,2133,541.2,37
Echo Finanzas HD,Finanzas,0.0,True,True,21389,4.0,603,150.2,5
Mint Entretenimiento HD,Entretenimiento,2.99,False,False,788059,3.2,15612,423.5,1
Prism Juegos Pro,Juegos,0.0,True,True,125963,4.0,7080,374.3,17
Lumen Entretenimiento HD,Entretenimiento,1.99,False,True,5825,4.6,229,638.5,11
Pulse Juegos X,Juegos,1.99,False,False,43300,3.4,781,494.0,27
Glow Juegos Plus,Juegos,0.0,True,True,311157,4.7,17912,60.9,25
Volt Redes HD,Redes Sociales,0.0,True,True,92983,4.2,5076,417.4,11
Mint Productividad X,Productividad,0.0,True,True,60894,4.6,853,286.8,25
Orbit Juegos Plus,Juegos,0.0,True,True,127698,4.6,10034,305.4,9
Glow Juegos Pro,Juegos,0.0,True,False,17929,4.1,528,786.7,20
Orbit Redes X,Redes Sociales,0.0,True,False,15760,4.6,543,171.3,5
Lumen Salud 360,Salud y Fitness,0.0,True,True,55058,5.0,1073,664.8,18
Nova Juegos AI,Juegos,0.0,True,True,66884,4.8,3037,29.5,2
Echo Finanzas Go,Finanzas,0.0,True,True,135288,4.4,2421,476.1,28
Quartz Redes X,Redes Sociales,0.0,True,False,61357,3.8,2117,128.9,31
Pixel Salud Plus,Salud y Fitness,9.99,False,True,5560,4.0,262,686.2,20
Zen Salud Plus,Salud y Fitness,0.0,True,True,161510,3.9,5676,321.5,1
Prism Productividad X,Productividad,0.0,True,False,58105,4.5,1944,550.8,1
Pulse Educacion 360,Educacion,9.99,False,False,251976,4.4,14761,666.4,22
Flow Salud X,Salud y Fitness,0.0,True,True,59847,4.2,1595,157.8,9
Volt Entretenimiento,Entretenimiento,1.99,False,False,20662,4.7,783,682.3,4
Prism Juegos Lite,Juegos,6.99,False,False,8666,4.3,543,169.1,6
Drift Fotografia Plus,Fotografia,0.0,True,False,3488,3.3,96,211.8,25
Vibe Educacion HD,Educacion,0.0,True,False,19989,4.8,662,484.4,19
Vibe Educacion 360,Educacion,4.99,False,True,26251,4.1,777,196.4,8
Prism Juegos HD,Juegos,0.0,True,True,55214,4.8,4387,818.9,38
Drift Productividad AI,Productividad,0.0,True,True,55824,4.0,2059,551.2,39
Volt Fotografia HD,Fotografia,0.0,True,True,574104,4.6,8320,94.9,23
Orbit Productividad X,Productividad,6.99,False,True,398069,3.8,23331,134.0,6
Nova Entretenimiento Go,Entretenimiento,0.0,True,False,39211,5.0,2580,344.5,10
Flow Entretenimiento 360,Entretenimiento,0.0,True,True,87517,4.9,2426,197.6,16
Drift Fotografia Lite,Fotografia,0.0,True,True,269301,4.0,10350,558.1,7
Glow Juegos Go,Juegos,0.0,True,True,188025,4.2,10967,427.4,29
Prism Viajes Pro,Viajes,0.0,True,True,72726,4.5,970,664.8,12
Drift Salud 360,Salud y Fitness,0.0,True,True,3466069,3.5,92621,285.1,7
Glow Juegos X,Juegos,0.0,True,True,41863,4.5,1118,695.2,28
Nova Productividad Go,Productividad,0.0,True,True,625112,4.0,17800,202.1,34
Pulse Salud,Salud y Fitness,0.0,True,True,362578,3.8,14800,641.4,33
Vibe Productividad 360,Productividad,0.0,True,False,125072,4.7,8338,200.8,1
Volt Redes AI,Redes Sociales,0.0,True,True,58544,4.1,3806,64.2,16
Nova Juegos AI,Juegos,4.99,False,False,36789,3.4,2865,328.9,31
Orbit Juegos,Juegos,0.0,True,True,4783,5.0,234,159.0,20
Drift Productividad Pro,Productividad,0.0,True,True,44118,4.2,2996,267.4,4
Pixel Musica,Musica,0.0,True,False,102541,4.7,5609,515.4,30
Pixel Juegos X,Juegos,0.0,True,True,144771,4.2,3277,323.3,33
Volt Fotografia HD,Fotografia,0.0,True,True,12736,3.4,346,44.7,1
Prism Salud Pro,Salud y Fitness,14.99,False,False,75409,4.0,3122,758.5,12
Spark Viajes,Viajes,0.0,True,True,27150,4.4,1822,844.0,17
Echo Salud Lite,Salud y Fitness,0.0,True,True,112460,4.1,1747,781.6,16
Nova Musica Go,Musica,0.0,True,True,22134,4.5,779,112.1,28
Quartz Educacion X,Educacion,0.0,True,True,5601,4.0,445,94.0,23
Volt Musica 360,Musica,0.0,True,True,1102566,4.1,87813,712.9,22
Volt Redes HD,Redes Sociales,0.0,True,True,2410441,3.6,124697,308.1,9
Volt Productividad X,Productividad,0.0,True,True,19471,4.2,1310,45.3,31
Pixel Productividad Lite,Productividad,4.99,False,True,87522,4.1,1445,700.6,29
Vibe Educacion Go,Educacion,0.0,True,True,99571,5.0,5177,341.7,22
Prism Viajes Lite,Viajes,0.0,True,False,73741,3.6,4507,187.3,13
Drift Productividad Go,Productividad,0.0,True,False,2915215,3.5,117647,148.9,23
Pulse Educacion Plus,Educacion,0.0,True,False,7063,3.4,243,815.5,14
Spark Juegos Pro,Juegos,0.0,True,True,21016,4.5,1074,597.2,20
Mint Educacion AI,Educacion,0.0,True,True,58670,4.6,1522,61.4,19
Nova Redes Pro,Redes Sociales,0.0,True,False,743711,2.9,34617,410.1,36
Nova Redes X,Redes Sociales,2.99,False,False,18628,4.8,1315,500.0,20
Vibe Productividad,Productividad,0.0,True,True,3002,4.1,172,152.9,38
Mint Entretenimiento Plus,Entretenimiento,0.0,True,True,33773,4.4,573,836.6,30
Orbit Viajes Plus,Viajes,0.0,True,True,1711144,4.3,72697,451.7,28
Echo Juegos Plus,Juegos,0.0,True,False,632744,3.1,13526,391.0,14
Pulse Juegos Go,Juegos,0.0,True,False,93349,3.4,5802,336.1,17
Zen Juegos Pro,Juegos,0.0,True,False,965873,4.4,20624,292.1,14
Glow Salud HD,Salud y Fitness,19.99,False,False,389128,4.1,25183,74.7,31
Pixel Entretenimiento Plus,Entretenimiento,0.0,True,False,2488460,4.8,143906,817.6,36
Flow Juegos 360,Juegos,4.99,False,False,1709516,4.9,73439,538.0,9
Nova Productividad HD,Productividad,0.0,True,False,317733,3.6,15171,345.3,17
Pulse Viajes Lite,Viajes,9.99,False,False,4562,4.0,273,727.9,36
Drift Fotografia Go,Fotografia,9.99,False,True,100978,4.6,5257,730.5,2
Spark Productividad 360,Productividad,0.0,True,True,1626332,3.7,36462,104.9,3
Prism Redes X,Redes Sociales,6.99,False,True,15764,4.0,933,152.7,30
Zen Viajes 360,Viajes,0.0,True,True,50070,3.3,1358,31.1,19
Drift Fotografia Go,Fotografia,0.0,True,True,12661,4.7,623,494.2,9
Mint Musica,Musica,0.0,True,True,123740,3.5,3684,582.9,19
Pixel Entretenimiento HD,Entretenimiento,0.0,True,True,263275,3.5,14130,334.1,15
Orbit Fotografia X,Fotografia,0.0,True,True,227070,4.4,3126,714.0,8
Pulse Educacion X,Educacion,0.0,True,False,62538,3.7,724,440.8,27
Pulse Salud Pro,Salud y Fitness,0.0,True,True,6444,4.7,95,391.0,25
Mint Entretenimiento Pro,Entretenimiento,0.0,True,False,88618,4.4,5631,757.5,4
Pulse Viajes X,Viajes,0.0,True,True,855837,4.1,28661,405.5,17
Quartz Entretenimiento HD,Entretenimiento,0.0,True,True,18619,4.3,1251,30.7,17
Glow Entretenimiento Go,Entretenimiento,0.0,True,False,7995,4.7,563,574.4,26
Volt Educacion HD,Educacion,0.0,True,True,483236,3.2,21406,602.6,26
Zen Productividad Pro,Productividad,2.99,False,False,6680,4.3,411,830.0,19
Pixel Entretenimiento Plus,Entretenimiento,0.0,True,True,677,4.2,27,712.1,20
Prism Juegos Go,Juegos,0.0,True,False,979027,3.9,28939,449.7,7
Spark Viajes X,Viajes,0.0,True,True,32185,4.0,1544,225.3,14
Drift Viajes HD,Viajes,0.0,True,True,424347,4.1,8328,168.6,15
Glow Fotografia HD,Fotografia,19.99,False,True,25032,4.1,1959,187.1,37
Prism Juegos,Juegos,0.0,True,False,7479,4.6,265,474.2,30
Mint Productividad HD,Productividad,0.0,True,False,3747492,3.2,204945,229.3,4
Prism Viajes 360,Viajes,0.0,True,True,84523,4.1,4338,153.5,3
Glow Juegos HD,Juegos,0.0,True,True,6818,4.3,369,500.9,18
Spark Juegos Lite,Juegos,0.0,True,False,7900,4.4,217,166.0,37
Mint Musica Pro,Musica,0.0,True,True,124029,3.9,6688,444.1,37
Lumen Entretenimiento Lite,Entretenimiento,6.99,False,False,7097,4.1,339,818.7,4
Volt Productividad Lite,Productividad,0.0,True,False,5919,3.9,467,387.0,21
Flow Entretenimiento HD,Entretenimiento,0.0,True,False,48961,4.3,995,115.5,2
Nova Juegos Go,Juegos,0.99,False,False,6077,4.3,282,580.3,21
Pixel Educacion Pro,Educacion,0.0,True,True,28874,4.4,441,119.9,26
Nova Redes AI,Redes Sociales,0.0,True,True,194897,4.0,11258,81.1,9
Zen Juegos AI,Juegos,0.0,True,False,44347,4.6,2082,133.7,29
Flow Juegos Lite,Juegos,0.0,True,False,75114,4.3,2569,469.0,30
Nova Salud HD,Salud y Fitness,0.0,True,False,46189,4.2,2169,324.1,37
Volt Salud AI,Salud y Fitness,0.0,True,True,3605407,3.8,38621,514.1,2
Flow Salud Lite,Salud y Fitness,0.0,True,True,6980,3.4,179,807.9,26
Orbit Finanzas HD,Finanzas,0.0,True,True,2188404,4.1,25615,691.2,31
Pixel Salud Lite,Salud y Fitness,2.99,False,False,25258,4.6,1779,375.8,10
Nova Redes Lite,Redes Sociales,0.0,True,True,14662,3.7,583,792.9,16
Vibe Productividad,Productividad,0.0,True,False,111054,3.6,6868,846.5,32
Glow Juegos Lite,Juegos,0.0,True,True,24959,4.1,440,601.5,16
Pulse Redes 360,Redes Sociales,0.0,True,True,80940,4.4,1607,731.2,20
Zen Juegos Plus,Juegos,0.0,True,True,36399,4.5,1764,405.9,17
Zen Juegos X,Juegos,2.99,False,False,2232065,4.6,66035,125.5,30
Orbit Musica Lite,Musica,0.0,True,False,27907,4.4,1958,21.4,10
Lumen Juegos,Juegos,0.0,True,True,81117,4.7,3548,522.8,32
Spark Juegos Pro,Juegos,2.99,False,False,23016,4.1,837,166.3,4
Flow Entretenimiento,Entretenimiento,4.99,False,False,392,4.5,17,498.2,26
Vibe Finanzas Plus,Finanzas,0.0,True,False,377185,4.7,7289,760.1,32
Pixel Educacion,Educacion,0.0,True,True,2429,5.0,174,631.4,12
Zen Redes AI,Redes Sociales,0.0,True,True,113783,3.9,1815,637.8,15
Drift Finanzas Lite,Finanzas,6.99,False,False,2739123,4.0,160330,170.3,15
Orbit Juegos 360,Juegos,0.0,True,False,55230,4.2,1388,216.5,5
Nova Juegos Plus,Juegos,6.99,False,True,1560,4.1,46,355.0,2
Quartz Educacion AI,Educacion,0.0,True,True,633649,3.7,36954,385.8,31
Lumen Productividad Pro,Productividad,0.0,True,True,321333,3.8,3813,351.6,35
Glow Fotografia Lite,Fotografia,0.0,True,False,44741,4.2,592,431.8,27
Prism Finanzas Pro,Finanzas,0.0,True,True,706180,5.0,7491,411.0,34
Echo Viajes X,Viajes,0.0,True,True,1601491,4.3,39564,712.9,16
Mint Juegos HD,Juegos,4.99,False,True,162110,2.8,3417,98.9,10
Spark Entretenimiento HD,Entretenimiento,0.0,True,True,233098,3.8,17438,371.5,1
Volt Finanzas X,Finanzas,0.99,False,True,14666,4.5,820,188.0,14
Quartz Fotografia Plus,Fotografia,0.0,True,True,207855,5.0,3862,307.1,24
Glow Salud X,Salud y Fitness,0.0,True,True,534656,4.8,24201,765.1,22
Volt Fotografia Lite,Fotografia,0.0,True,True,33992,4.5,876,611.4,25
Spark Salud Plus,Salud y Fitness,0.0,True,True,164537,3.5,2885,758.8,10
Spark Productividad Lite,Productividad,4.99,False,True,60884,3.2,4407,463.3,24
Mint Juegos 360,Juegos,1.99,False,False,68666,4.0,4504,82.4,27
Spark Entretenimiento,Entretenimiento,0.0,True,False,76831,4.3,2235,606.1,32
Nova Finanzas,Finanzas,0.0,True,True,40726,4.6,1094,475.6,1
Zen Viajes X,Viajes,0.0,True,True,4380,3.9,272,390.5,10
Drift Redes Go,Redes Sociales,4.99,False,False,5163,4.2,55,534.9,8
Quartz Salud 360,Salud y Fitness,6.99,False,True,220201,3.6,12104,608.9,3
Spark Juegos 360,Juegos,0.99,False,False,23920,5.0,1241,815.9,20
Mint Productividad Lite,Productividad,14.99,False,True,82474,4.7,2957,315.4,1
Lumen Juegos X,Juegos,0.0,True,True,232178,4.8,5616,272.2,7
Quartz Productividad,Productividad,0.0,True,True,225860,3.3,10308,154.2,36
Zen Educacion HD,Educacion,0.0,True,True,164939,4.5,4937,847.0,9
Volt Juegos Pro,Juegos,0.0,True,False,339606,4.5,17109,622.6,26
Mint Viajes X,Viajes,0.0,True,True,9717,4.6,107,537.7,26
Quartz Productividad AI,Productividad,0.0,True,True,112697,4.4,6692,39.3,32
Zen Fotografia Lite,Fotografia,4.99,False,False,41868,4.1,2575,753.4,38
Glow Juegos HD,Juegos,0.0,True,True,44055,4.0,1121,455.6,36
Vibe Productividad Lite,Productividad,0.0,True,False,81603,4.5,1815,612.4,39
Nova Juegos HD,Juegos,0.0,True,True,77227,4.5,5256,432.5,27
Orbit Juegos X,Juegos,6.99,False,False,1768,4.2,22,135.8,10
Echo Viajes 360,Viajes,0.0,True,True,18623,4.3,557,806.2,12
Flow Productividad Lite,Productividad,2.99,False,False,405519,5.0,4353,802.6,12
Lumen Productividad Pro,Productividad,4.99,False,True,6814,3.8,128,270.7,5
Mint Juegos Plus,Juegos,0.0,True,True,60046,3.9,4151,194.6,29
Nova Salud,Salud y Fitness,0.0,True,True,5437,4.8,176,450.4,30
Pixel Juegos Pro,Juegos,0.0,True,True,20470,4.3,267,311.6,14
Pixel Entretenimiento Pro,Entretenimiento,0.0,True,True,491798,4.0,24221,467.5,31
Mint Musica Plus,Musica,0.0,True,False,98751,4.2,3185,177.2,9
Pulse Salud Plus,Salud y Fitness,6.99,False,False,57144,4.2,4063,196.5,2
Spark Juegos HD,Juegos,9.99,False,False,186241,2.8,4721,118.6,12
Volt Redes,Redes Sociales,2.99,False,False,103348,4.7,5582,560.7,31
Drift Redes Pro,Redes Sociales,0.0,True,True,796190,4.1,19418,317.6,20
Vibe Juegos X,Juegos,0.0,True,True,13594,3.7,135,599.7,32
Zen Salud X,Salud y Fitness,0.0,True,True,1094266,3.3,67473,72.5,19
Prism Finanzas X,Finanzas,0.0,True,True,93607,4.6,3291,268.6,1
Quartz Juegos Pro,Juegos,1.99,False,True,124429,4.6,4632,792.4,31
Drift Viajes,Viajes,0.0,True,True,498172,4.1,35955,332.0,23
Prism Viajes 360,Viajes,14.99,False,False,2845,3.8,112,261.9,23
Nova Salud X,Salud y Fitness,0.0,True,False,16130,3.7,312,409.4,2
Nova Viajes,Viajes,0.0,True,True,6917,3.3,165,759.0,12
Echo Juegos AI,Juegos,4.99,False,True,37494,3.8,1287,572.6,34
Vibe Entretenimiento X,Entretenimiento,0.0,True,True,215286,4.5,15250,441.5,5
Pixel Salud X,Salud y Fitness,0.99,False,False,2204,3.6,176,724.3,14
Prism Entretenimiento Pro,Entretenimiento,0.0,True,True,89956,4.3,2309,201.0,28
Nova Juegos HD,Juegos,0.0,True,True,72640,3.9,3551,176.7,37
Pixel Educacion X,Educacion,0.0,True,True,28169,4.1,2205,810.4,38
Glow Entretenimiento Plus,Entretenimiento,0.0,True,True,5175035,4.1,230065,636.3,19
Drift Salud Go,Salud y Fitness,0.0,True,True,225062,4.0,5295,84.0,35
Drift Redes,Redes Sociales,0.0,True,True,690410,4.2,12286,622.5,31
Vibe Entretenimiento AI,Entretenimiento,0.0,True,True,67608,4.7,3583,698.1,3
Lumen Educacion AI,Educacion,0.0,True,True,96393,3.8,7263,491.3,26
Vibe Redes,Redes Sociales,4.99,False,True,30230,4.6,2264,439.9,23
Drift Juegos Go,Juegos,0.99,False,False,7780,4.0,223,39.1,6
Orbit Entretenimiento Go,Entretenimiento,0.0,True,False,28232,3.1,317,162.4,2
Vibe Juegos 360,Juegos,0.0,True,True,109901,4.0,4375,23.3,25
Pixel Juegos Plus,Juegos,0.0,True,False,74875,3.2,5533,369.4,22
Vibe Viajes Lite,Viajes,0.0,True,True,303299,3.0,4812,248.1,19
Drift Musica HD,Musica,0.0,True,True,12368,4.1,580,348.7,37
Quartz Educacion Lite,Educacion,19.99,False,False,854146,4.2,60090,185.7,27
Lumen Juegos AI,Juegos,0.0,True,True,198407,4.2,2911,380.0,8
Lumen Musica Pro,Musica,0.0,True,True,295831,4.0,8372,126.8,12
Mint Educacion Plus,Educacion,0.0,True,False,15680,3.8,1145,305.6,28
Quartz Educacion HD,Educacion,0.0,True,False,1451265,3.8,77147,647.5,36
Zen Juegos AI,Juegos,0.0,True,False,254516,4.5,9803,162.4,3
Pulse Educacion,Educacion,0.0,True,False,2372926,2.7,103523,379.9,36
Orbit Juegos Go,Juegos,0.0,True,True,471010,4.0,28352,309.1,27
Glow Finanzas 360,Finanzas,0.0,True,False,352556,3.6,7480,221.8,12
Spark Productividad HD,Productividad,0.0,True,True,493687,4.0,37012,658.4,36
Drift Productividad AI,Productividad,19.99,False,False,9445,4.8,437,179.4,25
Glow Redes X,Redes Sociales,9.99,False,False,205808,3.6,10254,371.3,16
Vibe Fotografia Lite,Fotografia,0.0,True,False,61607,4.3,990,364.7,31
Echo Redes Lite,Redes Sociales,0.0,True,True,1823129,4.1,91423,690.6,25
Vibe Redes AI,Redes Sociales,0.0,True,False,4029,3.9,60,626.7,13
Glow Finanzas 360,Finanzas,0.0,True,False,1185695,3.8,90630,189.7,8
Spark Fotografia,Fotografia,6.99,False,False,35394,4.4,2032,665.4,19
Spark Redes HD,Redes Sociales,0.0,True,True,20875,3.5,555,729.7,25
Flow Juegos,Juegos,0.0,True,False,127148,4.6,9895,474.7,13
Quartz Salud Plus,Salud y Fitness,0.0,True,True,298635,4.2,9701,697.5,1
Nova Salud AI,Salud y Fitness,0.0,True,True,548885,4.7,15789,650.2,18
Pulse Redes 360,Redes Sociales,2.99,False,False,2325,4.0,59,264.8,2
Nova Juegos Go,Juegos,14.99,False,False,7121,3.8,448,496.6,19
Vibe Finanzas HD,Finanzas,4.99,False,False,1971,3.9,132,599.2,21
Echo Fotografia Lite,Fotografia,0.0,True,False,9106,3.8,234,112.3,1
Spark Fotografia HD,Fotografia,0.0,True,True,140984,4.1,8018,485.9,39
Pulse Entretenimiento Plus,Entretenimiento,0.0,True,True,57749,4.4,2588,530.2,5
Echo Finanzas,Finanzas,6.99,False,True,83606,4.8,2471,160.7,26
Mint Salud Lite,Salud y Fitness,0.0,True,False,211490,4.1,2637,837.2,11
Prism Redes 360,Redes Sociales,0.0,True,False,62169,4.2,4717,42.9,33
Drift Entretenimiento Lite,Entretenimiento,0.0,True,True,4945,4.1,157,585.3,7
Vibe Educacion Go,Educacion,0.0,True,True,750130,3.9,54784,589.5,36
Glow Educacion Go,Educacion,0.0,True,True,14109,4.3,927,270.9,17
Quartz Entretenimiento 360,Entretenimiento,0.99,False,False,42636,3.7,2647,405.9,25
Mint Juegos Pro,Juegos,19.99,False,True,357549,3.8,7008,165.6,37
Vibe Fotografia 360,Fotografia,0.0,True,True,154760,3.7,3532,800.3,3
Zen Juegos HD,Juegos,0.0,True,True,249836,4.6,7586,210.1,37
Zen Productividad Plus,Productividad,0.0,True,False,47524,3.8,713,623.1,28
Lumen Viajes Lite,Viajes,2.99,False,False,197025,3.8,5860,593.2,37
Spark Redes Pro,Redes Sociales,0.0,True,True,99316,4.6,3284,306.4,28
Orbit Juegos AI,Juegos,0.0,True,True,66505,3.3,4413,771.8,16
Pixel Finanzas Plus,Finanzas,0.0,True,False,188237,4.7,11429,246.5,25
Pulse Salud Plus,Salud y Fitness,0.0,True,True,843050,4.1,26135,473.0,9
Pixel Juegos Plus,Juegos,0.0,True,True,21854,4.3,1470,846.4,22
Quartz Juegos,Juegos,0.0,True,False,587615,3.6,41127,734.9,35
Nova Entretenimiento Go,Entretenimiento,0.0,True,False,61561,3.7,1658,405.0,27
Quartz Viajes Lite,Viajes,0.0,True,True,73339,4.9,1564,354.5,38
Nova Juegos,Juegos,0.0,True,True,84224,4.9,5030,565.3,26
Flow Viajes AI,Viajes,0.0,True,True,510089,3.9,5137,561.9,19
Orbit Juegos 360,Juegos,2.99,False,False,4706,4.6,342,234.0,24
Pulse Entretenimiento Lite,Entretenimiento,0.0,True,False,2128492,4.6,119572,413.8,18
Pulse Viajes X,Viajes,0.0,True,True,952573,4.6,23548,798.8,21
Drift Musica,Musica,0.0,True,True,37828,3.7,2993,175.7,38
Lumen Salud 360,Salud y Fitness,0.0,True,True,90835,3.9,4741,477.4,31
Volt Redes 360,Redes Sociales,0.0,True,True,173340,4.8,8182,300.4,11
Pulse Juegos Lite,Juegos,2.99,False,True,5957,3.2,476,763.7,24
Flow Salud,Salud y Fitness,0.0,True,False,166985,3.5,5757,470.7,8
Drift Juegos Pro,Juegos,0.0,True,True,21172,3.5,1408,301.2,35
Nova Entretenimiento Go,Entretenimiento,0.0,True,True,31951,4.7,1596,354.9,34
Orbit Redes X,Redes Sociales,0.0,True,True,57040,4.7,3429,705.9,20
Vibe Viajes Lite,Viajes,0.0,True,False,188250,4.0,13257,450.3,7
Prism Fotografia HD,Fotografia,0.0,True,False,623845,4.0,32918,755.8,18
Flow Productividad Go,Productividad,9.99,False,False,714768,3.6,28102,633.5,9
Pixel Juegos X,Juegos,0.0,True,True,40225,4.0,1050,204.1,13
Volt Redes X,Redes Sociales,0.0,True,True,112757,5.0,8009,813.9,13
Zen Juegos Plus,Juegos,0.0,True,True,2998897,4.6,174094,608.2,35
Mint Salud Lite,Salud y Fitness,0.0,True,True,18922,4.0,503,331.0,2
Orbit Fotografia,Fotografia,9.99,False,True,17436,4.1,1222,573.7,24
Drift Fotografia AI,Fotografia,1.99,False,False,282778,4.7,9989,451.6,5
Quartz Redes AI,Redes Sociales,0.0,True,False,247872,4.4,14084,476.8,34
Zen Viajes HD,Viajes,0.0,True,True,747,3.3,48,254.6,8
Zen Viajes Plus,Viajes,0.0,True,True,58367,4.4,2540,291.3,14
Orbit Juegos Go,Juegos,9.99,False,True,15355,3.3,205,593.3,14
Flow Juegos AI,Juegos,0.0,True,True,332057,4.1,23689,240.2,8
Vibe Salud 360,Salud y Fitness,0.0,True,False,402837,4.7,4280,624.0,26
Zen Salud 360,Salud y Fitness,0.0,True,False,649624,4.1,25840,784.3,24
Spark Juegos Lite,Juegos,4.99,False,False,621944,4.5,23528,436.4,9
Lumen Productividad Go,Productividad,0.0,True,True,370635,3.5,20511,33.8,20
Flow Juegos,Juegos,0.0,True,True,4380093,4.4,80075,442.0,26
Spark Fotografia X,Fotografia,2.99,False,True,24883,4.8,387,96.0,35
Quartz Productividad Plus,Productividad,0.0,True,True,98546,4.1,1514,100.1,5
Lumen Salud Go,Salud y Fitness,0.0,True,False,1344668,3.0,18569,634.4,24
Volt Redes 360,Redes Sociales,0.0,True,True,2414,4.5,37,555.4,6
Echo Juegos AI,Juegos,0.0,True,True,102042,3.7,6595,186.0,19
Quartz Juegos Pro,Juegos,14.99,False,False,943761,4.1,46475,471.3,12
Prism Juegos Go,Juegos,14.99,False,False,17297,4.0,397,285.4,38
Quartz Juegos Plus,Juegos,19.99,False,False,27911,4.2,1075,96.1,24
Glow Entretenimiento Plus,Entretenimiento,9.99,False,False,142927,4.0,10749,209.7,33
Prism Productividad Plus,Productividad,9.99,False,False,2382961,3.8,145479,629.8,26
Spark Entretenimiento Pro,Entretenimiento,0.0,True,True,216758,4.3,10930,746.6,8
Nova Redes Go,Redes Sociales,0.0,True,True,28645,4.8,732,31.7,28
Echo Juegos Pro,Juegos,0.0,True,True,18067,5.0,369,594.4,16
Glow Viajes Lite,Viajes,0.0,True,True,159871,4.0,2787,222.9,19
Zen Entretenimiento AI,Entretenimiento,0.0,True,True,403562,4.6,9564,448.8,6
Pixel Redes 360,Redes Sociales,0.0,True,True,44485,4.0,901,150.7,21
Orbit Musica,Musica,0.0,True,True,2455114,4.7,176234,540.9,20
Flow Finanzas 360,Finanzas,0.0,True,False,246423,4.6,4686,72.0,3
Quartz Musica X,Musica,0.0,True,True,8380,4.3,196,462.8,31
Lumen Juegos 360,Juegos,0.0,True,False,54938,3.8,2296,375.2,34
Lumen Educacion Go,Educacion,0.0,True,True,7487,5.0,487,157.1,37
Spark Redes Go,Redes Sociales,0.0,True,True,11126,3.5,232,700.3,22
Prism Viajes HD,Viajes,0.0,True,False,111846,3.6,8494,107.6,37
Zen Juegos Lite,Juegos,0.0,True,True,5931,3.5,427,49.1,29
Pixel Fotografia Plus,Fotografia,0.0,True,False,316145,3.8,19874,286.6,23
Quartz Juegos 360,Juegos,2.99,False,False,22575,4.1,630,470.8,25
Zen Productividad Lite,Productividad,19.99,False,False,5755,4.8,79,24.4,27
Vibe Educacion 360,Educacion,0.0,True,True,43768,3.6,2757,303.3,2
Pixel Juegos Lite,Juegos,4.99,False,False,100642,5.0,6629,537.8,25
Volt Juegos Pro,Juegos,0.0,True,True,31737,4.8,2251,631.4,27
Echo Juegos X,Juegos,0.99,False,False,3220,3.8,35,462.7,30
Prism Entretenimiento HD,Entretenimiento,0.0,True,True,7309,4.0,322,733.6,12
Vibe Juegos Plus,Juegos,0.0,True,False,195718,4.2,6796,377.4,22
Nova Redes AI,Redes Sociales,6.99,False,False,2101,4.0,153,82.9,36
Drift Educacion X,Educacion,0.0,True,True,121934,3.3,2120,434.0,7
Drift Finanzas HD,Finanzas,0.0,True,True,19951,4.1,1382,597.5,26
Quartz Juegos AI,Juegos,0.0,True,False,107836,4.1,1920,377.8,8
Pulse Viajes X,Viajes,0.0,True,True,10626,3.9,434,147.3,29
Echo Salud 360,Salud y Fitness,0.0,True,False,1132168,2.9,36882,689.0,3
Orbit Productividad,Productividad,0.99,False,False,80975,3.9,5137,337.7,34
Drift Viajes AI,Viajes,0.0,True,True,2892747,3.6,114533,767.9,25
Vibe Juegos,Juegos,0.0,True,True,41604,3.4,2888,237.8,39
Orbit Juegos Go,Juegos,2.99,False,True,56694,3.8,581,453.9,10
Prism Finanzas X,Finanzas,0.0,True,True,49215,4.1,1479,673.1,26
Echo Educacion Pro,Educacion,0.0,True,True,32468,3.2,1052,582.6,21
Echo Juegos X,Juegos,0.99,False,False,32055,3.9,1913,825.8,29
Vibe Juegos 360,Juegos,0.0,True,True,3187,4.7,161,301.3,23
Vibe Entretenimiento X,Entretenimiento,0.0,True,True,16341,3.8,546,140.9,39
Quartz Finanzas Lite,Finanzas,0.0,True,False,128666,4.4,7189,757.9,22
Orbit Redes Plus,Redes Sociales,0.0,True,True,74171,4.2,1861,804.7,20
Quartz Productividad Plus,Productividad,0.0,True,False,54462,3.6,3762,185.2,12
Spark Educacion,Educacion,0.0,True,False,839084,4.3,26410,627.6,21
Zen Fotografia Lite,Fotografia,0.0,True,True,214352,4.8,9694,374.2,24
Zen Redes 360,Redes Sociales,0.0,True,False,1517,4.9,52,741.9,13
Drift Salud Pro,Salud y Fitness,0.0,True,True,1752859,3.8,90233,59.0,27
Echo Salud,Salud y Fitness,0.0,True,True,18687,4.2,1448,714.3,36
Glow Fotografia X,Fotografia,0.0,True,False,4514,3.7,179,261.1,8
Mint Juegos HD,Juegos,19.99,False,True,56896,4.3,3993,536.0,17
Orbit Educacion,Educacion,0.0,True,True,13880,4.7,556,77.5,6
Spark Viajes X,Viajes,4.99,False,False,32827,4.1,840,440.7,14
Pixel Educacion Lite,Educacion,0.0,True,False,99989,5.0,3531,57.2,38
Spark Salud,Salud y Fitness,0.0,True,True,95441,3.8,6117,614.5,25
Orbit Educacion Lite,Educacion,0.99,False,True,206070,4.7,6970,260.7,30
Drift Redes 360,Redes Sociales,0.0,True,True,976345,3.8,51508,184.2,22
Mint Redes,Redes Sociales,0.0,True,True,814122,4.5,44829,59.1,18
Volt Finanzas Plus,Finanzas,0.0,True,True,81885,4.4,2456,170.8,25
Volt Juegos,Juegos,0.99,False,False,280073,4.6,8034,455.9,4
Orbit Juegos X,Juegos,0.0,True,True,377624,4.4,15748,658.5,21
Flow Juegos 360,Juegos,14.99,False,True,36065,3.7,2613,285.3,9
Pulse Entretenimiento 360,Entretenimiento,0.0,True,True,39644,5.0,1412,311.7,33
Volt Juegos 360,Juegos,1.99,False,False,4733,4.7,48,332.8,8
Pixel Juegos AI,Juegos,0.0,True,True,57987,4.5,4433,350.3,39
Pulse Juegos Go,Juegos,0.0,True,False,116786,4.3,6063,47.4,15
Quartz Juegos Lite,Juegos,0.0,True,True,7713,4.7,323,251.2,28
Quartz Educacion,Educacion,0.0,True,False,61941,4.3,4310,243.2,29
Glow Finanzas 360,Finanzas,0.0,True,False,2094400,2.8,123395,643.7,8
Echo Productividad HD,Productividad,0.0,True,True,16274,4.0,1061,136.2,33
Volt Educacion X,Educacion,0.0,True,True,19816,4.0,530,173.5,25
Lumen Juegos 360,Juegos,0.0,True,True,57538,4.6,2360,843.5,30
Drift Finanzas Plus,Finanzas,9.99,False,True,45944,3.8,2032,645.6,20
Lumen Juegos Pro,Juegos,0.0,True,True,41238,5.0,2648,800.9,13
Zen Juegos HD,Juegos,1.99,False,False,105883,4.2,7626,213.7,18
Lumen Juegos AI,Juegos,6.99,False,False,2903,3.8,219,784.5,11
Volt Fotografia Lite,Fotografia,0.0,True,False,142918,3.9,5479,532.3,24
Quartz Juegos AI,Juegos,0.0,True,False,16033,2.9,1179,399.6,38
Volt Juegos Go,Juegos,0.0,True,False,34885,4.9,2788,505.4,39
Lumen Redes,Redes Sociales,0.0,True,True,143602,3.3,10526,306.1,20
Pulse Juegos AI,Juegos,0.0,True,True,85366,3.7,6039,461.4,38
Spark Juegos HD,Juegos,0.0,True,True,16562,3.7,979,337.5,22
Drift Salud,Salud y Fitness,0.0,True,True,43985,3.9,3281,317.3,38
Prism Entretenimiento Go,Entretenimiento,4.99,False,False,305996,3.4,20072,381.9,27
Mint Juegos HD,Juegos,0.0,True,True,17232,3.3,224,845.8,17
Vibe Viajes Go,Viajes,6.99,False,False,72836,4.2,2378,755.5,30
Zen Educacion X,Educacion,0.99,False,True,105276,4.2,2806,345.4,20
Vibe Productividad HD,Productividad,0.0,True,True,27432,3.6,554,365.9,8
Spark Educacion Plus,Educacion,0.0,True,True,609679,4.4,25499,629.5,7
Lumen Educacion Go,Educacion,0.0,True,True,100595,4.3,3419,614.1,28
Mint Viajes Lite,Viajes,0.0,True,True,522004,3.6,37056,166.4,13
Spark Finanzas HD,Finanzas,0.0,True,False,142534,4.2,9668,339.1,37
Glow Juegos Lite,Juegos,0.0,True,True,382224,4.1,9093,50.4,36
Pixel Fotografia Pro,Fotografia,0.0,True,True,892049,4.6,53583,834.0,1
Orbit Juegos Go,Juegos,0.0,True,True,390347,4.8,31064,528.4,21
Prism Fotografia X,Fotografia,0.0,True,False,67983,4.8,2770,296.0,9
Lumen Finanzas Plus,Finanzas,0.0,True,True,130712,4.4,1421,142.4,5
Zen Educacion HD,Educacion,6.99,False,True,32310,3.2,652,232.7,21
Pixel Finanzas Plus,Finanzas,0.0,True,True,113454,3.7,5262,361.6,19
Quartz Juegos Lite,Juegos,0.0,True,True,58874,4.5,2638,375.6,14
Echo Viajes Pro,Viajes,0.0,True,True,409717,5.0,24820,204.8,29
Prism Fotografia X,Fotografia,0.0,True,False,139099,4.5,2117,769.3,27
Quartz Juegos HD,Juegos,0.0,True,False,150107,5.0,6892,734.0,13
Prism Salud X,Salud y Fitness,0.0,True,True,175978,4.2,11125,63.4,36
Lumen Salud X,Salud y Fitness,14.99,False,False,28828,4.6,1234,187.8,29
Flow Juegos Go,Juegos,0.0,True,True,30973,4.4,2194,251.0,14
Pulse Redes HD,Redes Sociales,0.0,True,False,52304,4.1,671,813.8,11
Prism Educacion Go,Educacion,0.0,True,True,13511,3.8,455,614.6,35
Orbit Educacion HD,Educacion,0.0,True,True,1040,4.1,21,749.2,18
Quartz Educacion Go,Educacion,0.0,True,False,427848,4.4,14787,433.8,1
Echo Educacion Pro,Educacion,0.0,True,True,343053,4.5,24051,364.0,5
Lumen Productividad HD,Productividad,0.0,True,True,43774,4.4,1123,243.3,14
Glow Productividad Lite,Productividad,9.99,False,False,1918,3.6,88,534.9,34
Mint Juegos AI,Juegos,0.0,True,False,411361,4.0,8601,214.0,35
Lumen Entretenimiento,Entretenimiento,0.0,True,True,447186,3.9,33849,784.9,9
Nova Entretenimiento Lite,Entretenimiento,0.99,False,False,1386736,4.9,100928,197.1,20
Prism Musica 360,Musica,1.99,False,True,17256,4.1,392,84.3,12
Drift Juegos Plus,Juegos,0.0,True,True,59112,4.9,2927,175.8,23
Pixel Finanzas Plus,Finanzas,0.0,True,True,12461,4.2,172,332.3,22
Quartz Juegos Lite,Juegos,0.0,True,False,19218,4.0,725,622.9,21
Volt Juegos,Juegos,0.0,True,False,222007,4.4,16440,543.1,22
Volt Juegos AI,Juegos,0.0,True,True,57349,4.3,2512,215.7,2
Mint Educacion AI,Educacion,0.0,True,True,3828,4.3,266,828.6,3
Drift Juegos Plus,Juegos,6.99,False,False,18960,3.9,1307,378.5,5
Echo Juegos X,Juegos,0.0,True,False,21045,3.6,620,593.5,28
Glow Entretenimiento Pro,Entretenimiento,0.0,True,True,184714,4.2,12295,124.2,25
Glow Finanzas 360,Finanzas,0.0,True,True,10977,4.7,673,199.4,2
Glow Entretenimiento Pro,Entretenimiento,0.0,True,False,171311,4.4,7382,556.2,30
Drift Entretenimiento HD,Entretenimiento,0.0,True,True,227238,4.2,5699,233.7,20
Vibe Fotografia Pro,Fotografia,0.0,True,True,752648,4.1,19718,631.0,6
Nova Musica,Musica,0.0,True,True,54971,4.2,3837,23.7,9
Mint Juegos X,Juegos,0.0,True,True,100455,4.1,3306,188.2,35
Prism Viajes 360,Viajes,0.0,True,True,29824,4.6,321,155.5,8
Lumen Entretenimiento HD,Entretenimiento,0.0,True,True,20979,4.8,636,729.1,8
Vibe Entretenimiento Pro,Entretenimiento,2.99,False,False,63742,3.8,4019,185.7,27
Vibe Entretenimiento AI,Entretenimiento,0.0,True,True,104319,3.8,4032,270.6,24
Quartz Juegos 360,Juegos,4.99,False,True,1924,4.8,66,369.1,14
Pulse Viajes X,Viajes,0.0,True,True,96465,4.2,2648,353.6,7
Mint Juegos X,Juegos,0.0,True,True,24742,4.8,1548,293.3,3
Drift Redes AI,Redes Sociales,0.0,True,True,202679,5.0,13135,544.7,31
Mint Redes,Redes Sociales,0.0,True,True,151826,4.4,11287,189.4,30
Glow Educacion Go,Educacion,0.0,True,True,28358,4.0,671,603.3,38
Drift Entretenimiento Plus,Entretenimiento,0.0,True,False,215071,4.5,13864,504.7,37
Glow Entretenimiento X,Entretenimiento,0.0,True,False,59629,4.8,1993,810.7,9
Prism Educacion Plus,Educacion,0.99,False,False,77369,4.0,3425,448.6,24
Lumen Redes X,Redes Sociales,0.0,True,True,107614,4.4,4293,651.5,5
Spark Educacion Plus,Educacion,0.0,True,True,179084,4.0,13678,811.1,26
Drift Salud Plus,Salud y Fitness,6.99,False,False,154933,4.7,9109,760.1,21
Volt Juegos AI,Juegos,0.0,True,True,35497,4.8,1984,495.4,39
Flow Productividad AI,Productividad,19.99,False,True,2139,3.8,132,141.0,25
Volt Productividad AI,Productividad,0.0,True,True,6037,4.3,401,643.7,36
Prism Entretenimiento,Entretenimiento,0.0,True,True,37387,4.2,2542,149.3,14
Volt Juegos AI,Juegos,0.0,True,True,3775,4.2,78,453.0,13
Vibe Juegos 360,Juegos,4.99,False,True,9062,4.1,707,123.7,6
Orbit Redes HD,Redes Sociales,0.0,True,False,25739,5.0,1807,845.2,13
Glow Viajes Pro,Viajes,0.0,True,True,40440,4.3,986,720.4,28
Glow Productividad Pro,Productividad,0.0,True,True,22389,4.2,1123,790.7,32
Vibe Juegos 360,Juegos,6.99,False,False,12531,3.5,620,617.1,18
Quartz Juegos Plus,Juegos,9.99,False,False,27353,3.7,789,43.5,19
Pixel Juegos Lite,Juegos,2.99,False,False,5306,4.1,90,504.9,20
Nova Entretenimiento Lite,Entretenimiento,0.0,True,True,276667,3.9,7985,142.9,38
