trimestre,anio,modelo,categoria,anio_lanzamiento,region,unidades,precio_usd,ingresos_usd
2024-Q3,2024,iPad Pro,iPad,2022,China,35,1202.19,42076.65
2023-Q2,2023,Apple Watch S9,Wearables,2023,Norteamérica,167,399.51,66718.17
2024-Q3,2024,iPhone 12,iPhone,2020,Norteamérica,51,795.74,40582.74
2024-Q3,2024,AirPods Pro 2,Wearables,2022,Norteamérica,142,238.32,33841.44
2023-Q4,2023,Apple Watch S9,Wearables,2023,India,275,465.97,128141.75
2023-Q1,2023,iPhone 14,iPhone,2022,Norteamérica,61,773.99,47213.39
2022-Q3,2022,iPhone 12,iPhone,2020,Europa,89,940.71,83723.19
2023-Q3,2023,iPhone 12,iPhone,2020,Norteamérica,63,776.64,48928.32
2024-Q2,2024,iPhone 14,iPhone,2022,Latinoamérica,95,1017.61,96672.95
2022-Q4,2022,iPhone 12,iPhone,2020,Latinoamérica,60,1030.09,61805.4
2024-Q3,2024,iPad Pro,iPad,2022,Europa,43,1214.65,52229.95
2023-Q1,2023,iPhone 14 Pro,iPhone,2022,China,25,1094.01,27350.25
2023-Q1,2023,iPhone 13,iPhone,2021,Europa,71,921.1,65398.1
2023-Q2,2023,iPhone 12,iPhone,2020,Europa,69,882.04,60860.76
2024-Q4,2024,Apple Watch S9,Wearables,2023,Latinoamérica,49,498.37,24420.13
2023-Q3,2023,iPhone 14 Pro,iPhone,2022,China,122,999.08,121887.76
2024-Q1,2024,iPhone 14 Pro,iPhone,2022,Japón,107,1066.87,114155.09
2023-Q4,2023,MacBook Air M2,Mac,2022,Europa,22,1408.65,30990.3
2024-Q2,2024,MacBook Air M2,Mac,2022,Latinoamérica,11,1522.27,16744.97
2023-Q1,2023,iPhone 14 Pro,iPhone,2022,Japón,69,1150.0,79350.0
2024-Q3,2024,iPhone 14,iPhone,2022,Norteamérica,144,814.65,117309.6
2024-Q1,2024,Apple Watch S9,Wearables,2023,Latinoamérica,22,512.45,11273.9
2022-Q2,2022,MacBook Air M2,Mac,2022,China,129,1200.7,154890.3
2023-Q1,2023,iPhone 14,iPhone,2022,Latinoamérica,82,953.99,78227.18
2023-Q2,2023,iPhone 14,iPhone,2022,India,30,973.32,29199.6
2023-Q1,2023,iPhone 14,iPhone,2022,India,55,923.75,50806.25
2024-Q2,2024,iPhone 15,iPhone,2023,India,293,970.27,284289.11
2024-Q3,2024,iPhone 14,iPhone,2022,Japón,53,848.32,44960.96
2023-Q2,2023,Apple Watch S9,Wearables,2023,Latinoamérica,129,481.49,62112.21
2023-Q4,2023,iPhone 14 Pro,iPhone,2022,India,169,1243.02,210070.38
2022-Q3,2022,iPad Air,iPad,2022,Norteamérica,231,622.69,143841.39
2023-Q3,2023,iPhone 15,iPhone,2023,Japón,94,848.23,79733.62
2023-Q4,2023,iPhone 14,iPhone,2022,India,171,954.46,163212.66
2023-Q2,2023,iPad Air,iPad,2022,Norteamérica,73,617.36,45067.28
2022-Q2,2022,iPhone 14 Pro,iPhone,2022,Europa,116,1163.92,135014.72
2023-Q3,2023,iPhone 12,iPhone,2020,China,57,846.7,48261.9
2024-Q2,2024,iPhone 15,iPhone,2023,Japón,58,912.84,52944.72
2022-Q2,2022,iPhone 14 Pro,iPhone,2022,Norteamérica,130,988.32,128481.6
2024-Q2,2024,iPhone 15 Pro,iPhone,2023,Norteamérica,132,1028.39,135747.48
2022-Q2,2022,iPad Pro,iPad,2022,Norteamérica,106,1121.25,118852.5
2024-Q1,2024,iPhone 12,iPhone,2020,China,34,802.67,27290.78
2023-Q4,2023,MacBook Air M2,Mac,2022,Norteamérica,61,1235.33,75355.13
2022-Q1,2022,iPad Pro,iPad,2022,Norteamérica,243,1052.51,255759.93
2024-Q3,2024,iPhone 13,iPhone,2021,India,37,948.83,35106.71
2022-Q1,2022,iPad Pro,iPad,2022,Japón,67,1213.66,81315.22
2022-Q1,2022,iPad Pro,iPad,2022,Europa,67,1221.03,81809.01
2022-Q1,2022,MacBook Air M2,Mac,2022,Japón,78,1381.12,107727.36
2022-Q2,2022,iPad Air,iPad,2022,India,71,720.12,51128.52
2023-Q2,2023,iPhone 15 Pro,iPhone,2023,India,65,1243.51,80828.15
2024-Q1,2024,iPhone 13,iPhone,2021,Europa,85,924.57,78588.45
2024-Q3,2024,iPhone 12,iPhone,2020,India,25,954.12,23853.0
2024-Q1,2024,iPad Air,iPad,2022,Norteamérica,49,578.16,28329.84
2023-Q3,2023,iPad Air,iPad,2022,Japón,113,664.3,75065.9
2023-Q4,2023,iPad Pro,iPad,2022,Europa,131,1321.42,173106.02
2024-Q1,2024,iPhone 15 Pro,iPhone,2023,Europa,187,1094.37,204647.19
2023-Q1,2023,iPad Pro,iPad,2022,Norteamérica,140,1103.7,154518.0
2023-Q3,2023,iPhone 15,iPhone,2023,Europa,38,893.19,33941.22
2024-Q1,2024,iPhone 14,iPhone,2022,China,235,804.48,189052.8
2024-Q3,2024,AirPods Pro 2,Wearables,2022,China,83,255.61,21215.63
2023-Q3,2023,AirPods Pro 2,Wearables,2022,China,388,271.21,105229.48
2024-Q4,2024,MacBook Pro M3,Mac,2023,Latinoamérica,66,2571.34,169708.44
2024-Q4,2024,AirPods Pro 2,Wearables,2022,China,162,259.86,42097.32
2024-Q1,2024,iPad Air,iPad,2022,Japón,29,645.94,18732.26
2023-Q1,2023,Apple Watch S9,Wearables,2023,China,191,406.8,77698.8
2024-Q1,2024,iPhone 12,iPhone,2020,Japón,20,912.31,18246.2
2023-Q1,2023,iPhone 14 Pro,iPhone,2022,Europa,138,1159.84,160057.92
2023-Q1,2023,iPhone 14 Pro,iPhone,2022,Norteamérica,414,1017.13,421091.82
2022-Q2,2022,MacBook Air M2,Mac,2022,Norteamérica,58,1143.36,66314.88
2023-Q1,2023,iPad Pro,iPad,2022,India,55,1327.39,73006.45
2023-Q4,2023,iPhone 12,iPhone,2020,Europa,102,894.73,91262.46
2022-Q2,2022,iPhone 13,iPhone,2021,Norteamérica,173,778.37,134658.01
2024-Q4,2024,iPhone 15,iPhone,2023,Norteamérica,540,793.4,428436.0
2024-Q1,2024,iPhone 15 Pro,iPhone,2023,China,127,1097.53,139386.31
2022-Q3,2022,iPhone 14,iPhone,2022,Europa,80,908.38,72670.4
2024-Q2,2024,iPhone 15 Pro,iPhone,2023,India,130,1145.88,148964.4
2023-Q3,2023,iPhone 15,iPhone,2023,China,284,819.93,232860.12
2024-Q4,2024,iPad Air,iPad,2022,China,67,658.13,44094.71
2023-Q3,2023,Apple Watch S9,Wearables,2023,Norteamérica,216,398.93,86168.88
2024-Q1,2024,MacBook Air M2,Mac,2022,Norteamérica,67,1230.21,82424.07
2022-Q1,2022,iPhone 13,iPhone,2021,Latinoamérica,52,992.77,51624.04
2023-Q1,2023,iPhone 12,iPhone,2020,Norteamérica,78,801.96,62552.88
2023-Q4,2023,iPad Air,iPad,2022,Latinoamérica,33,713.23,23536.59
2022-Q4,2022,iPad Pro,iPad,2022,Norteamérica,166,1082.04,179618.64
2023-Q4,2023,iPhone 14 Pro,iPhone,2022,China,328,1017.68,333799.04
2022-Q4,2022,MacBook Air M2,Mac,2022,Europa,146,1348.08,196819.68
2024-Q4,2024,MacBook Air M2,Mac,2022,Latinoamérica,17,1517.67,25800.39
2022-Q4,2022,iPhone 13,iPhone,2021,India,278,993.77,276268.06
2023-Q2,2023,iPad Pro,iPad,2022,Japón,28,1213.67,33982.76
2022-Q2,2022,iPhone 14,iPhone,2022,India,165,946.12,156109.8
2023-Q2,2023,AirPods Pro 2,Wearables,2022,Europa,47,297.16,13966.52
2022-Q3,2022,MacBook Air M2,Mac,2022,India,122,1505.3,183646.6
2023-Q3,2023,iPhone 14,iPhone,2022,China,185,825.68,152750.8
2022-Q2,2022,iPad Pro,iPad,2022,Japón,58,1209.08,70126.64
2023-Q4,2023,Apple Watch S9,Wearables,2023,Norteamérica,360,411.87,148273.2
2023-Q3,2023,AirPods Pro 2,Wearables,2022,Japón,66,271.76,17936.16
2023-Q4,2023,Apple Watch S9,Wearables,2023,China,121,422.58,51132.18
2023-Q1,2023,MacBook Pro M3,Mac,2023,Latinoamérica,37,2518.89,93198.93
2024-Q1,2024,iPhone 13,iPhone,2021,Latinoamérica,67,1024.33,68630.11
2023-Q1,2023,iPhone 15,iPhone,2023,Latinoamérica,255,986.46,251547.3
2022-Q2,2022,iPad Air,iPad,2022,Latinoamérica,23,785.44,18065.12
2024-Q1,2024,AirPods Pro 2,Wearables,2022,China,263,258.36,67948.68
2023-Q2,2023,iPhone 15,iPhone,2023,China,61,858.46,52366.06
2022-Q2,2022,iPad Air,iPad,2022,Norteamérica,142,620.15,88061.3
2023-Q1,2023,MacBook Air M2,Mac,2022,Latinoamérica,40,1483.61,59344.4
2023-Q3,2023,MacBook Pro M3,Mac,2023,Latinoamérica,20,2428.59,48571.8
2024-Q2,2024,AirPods Pro 2,Wearables,2022,China,131,250.51,32816.81
2022-Q2,2022,iPhone 14,iPhone,2022,Japón,157,900.56,141387.92
2024-Q4,2024,iPhone 14 Pro,iPhone,2022,China,91,1040.77,94710.07
2024-Q3,2024,iPhone 15 Pro,iPhone,2023,India,156,1239.2,193315.2
2023-Q2,2023,MacBook Air M2,Mac,2022,China,70,1292.59,90481.3
2022-Q3,2022,iPhone 14 Pro,iPhone,2022,Latinoamérica,87,1280.54,111406.98
2024-Q4,2024,iPhone 15 Pro,iPhone,2023,China,252,999.17,251790.84
2022-Q2,2022,iPhone 12,iPhone,2020,Europa,48,893.72,42898.56
2024-Q3,2024,iPad Air,iPad,2022,China,84,645.68,54237.12
2023-Q4,2023,iPhone 12,iPhone,2020,Japón,91,880.2,80098.2
2024-Q2,2024,MacBook Air M2,Mac,2022,India,42,1376.78,57824.76
2023-Q1,2023,iPhone 15 Pro,iPhone,2023,India,165,1233.4,203511.0
2022-Q4,2022,iPad Air,iPad,2022,Norteamérica,374,606.31,226759.94
2024-Q1,2024,iPhone 15 Pro,iPhone,2023,Japón,188,1078.22,202705.36
2022-Q1,2022,iPhone 13,iPhone,2021,Europa,198,945.05,187119.9
2023-Q1,2023,iPhone 12,iPhone,2020,Latinoamérica,11,964.08,10604.88
2023-Q2,2023,iPhone 13,iPhone,2021,India,122,951.63,116098.86
2022-Q1,2022,iPhone 14 Pro,iPhone,2022,India,314,1177.84,369841.76
2023-Q3,2023,iPad Pro,iPad,2022,India,69,1321.14,91158.66
2022-Q3,2022,iPhone 12,iPhone,2020,India,77,956.26,73632.02
2024-Q4,2024,AirPods Pro 2,Wearables,2022,Europa,205,299.41,61379.05
2024-Q4,2024,iPhone 13,iPhone,2021,Latinoamérica,42,954.76,40099.92
2023-Q1,2023,AirPods Pro 2,Wearables,2022,Europa,217,282.72,61350.24
2023-Q1,2023,iPhone 12,iPhone,2020,Europa,147,941.4,138385.8
2024-Q1,2024,AirPods Pro 2,Wearables,2022,Japón,50,263.53,13176.5
2022-Q1,2022,iPhone 12,iPhone,2020,China,209,878.37,183579.33
2023-Q1,2023,iPhone 14 Pro,iPhone,2022,India,95,1227.71,116632.45
2023-Q3,2023,iPad Pro,iPad,2022,Latinoamérica,63,1306.4,82303.2
2024-Q3,2024,iPhone 15,iPhone,2023,Norteamérica,236,784.17,185064.12
2024-Q2,2024,MacBook Pro M3,Mac,2023,Norteamérica,55,1948.42,107163.1
2024-Q4,2024,iPhone 14 Pro,iPhone,2022,Norteamérica,383,961.09,368097.47
2024-Q4,2024,iPhone 15 Pro,iPhone,2023,India,179,1211.48,216854.92
2024-Q3,2024,AirPods Pro 2,Wearables,2022,Europa,287,282.39,81045.93
2024-Q2,2024,MacBook Air M2,Mac,2022,Japón,74,1273.91,94269.34
2024-Q2,2024,Apple Watch S9,Wearables,2023,India,134,466.88,62561.92
2022-Q2,2022,iPad Pro,iPad,2022,Europa,101,1237.76,125013.76
2024-Q3,2024,AirPods Pro 2,Wearables,2022,Latinoamérica,20,304.42,6088.4
2023-Q4,2023,iPhone 15,iPhone,2023,Europa,385,892.72,343697.2
2024-Q1,2024,iPhone 13,iPhone,2021,Norteamérica,49,803.62,39377.38
2024-Q3,2024,MacBook Air M2,Mac,2022,India,11,1373.79,15111.69
2022-Q3,2022,MacBook Air M2,Mac,2022,Europa,56,1417.06,79355.36
2023-Q1,2023,iPhone 15,iPhone,2023,China,376,840.89,316174.64
2022-Q2,2022,iPhone 13,iPhone,2021,Europa,262,955.35,250301.7
2024-Q4,2024,iPhone 15,iPhone,2023,India,298,968.49,288610.02
2023-Q3,2023,iPhone 14 Pro,iPhone,2022,Europa,54,1202.72,64946.88
2024-Q1,2024,MacBook Pro M3,Mac,2023,Norteamérica,73,1974.19,144115.87
2023-Q3,2023,iPhone 13,iPhone,2021,China,101,859.38,86797.38
2023-Q2,2023,iPhone 15 Pro,iPhone,2023,China,195,1025.05,199884.75
2023-Q4,2023,MacBook Pro M3,Mac,2023,Norteamérica,62,2060.17,127730.54
2022-Q2,2022,iPhone 14,iPhone,2022,Norteamérica,257,771.9,198378.3
2024-Q2,2024,AirPods Pro 2,Wearables,2022,Norteamérica,148,239.41,35432.68
2023-Q3,2023,iPhone 13,iPhone,2021,Latinoamérica,50,977.48,48874.0
2023-Q2,2023,iPhone 15 Pro,iPhone,2023,Norteamérica,324,1017.82,329773.68
2023-Q1,2023,iPad Air,iPad,2022,Japón,65,681.73,44312.45
2023-Q3,2023,iPhone 12,iPhone,2020,Latinoamérica,38,1036.57,39389.66
2024-Q1,2024,MacBook Pro M3,Mac,2023,Europa,35,2388.98,83614.3
2023-Q2,2023,iPad Pro,iPad,2022,Norteamérica,64,1048.12,67079.68
2024-Q4,2024,iPhone 14 Pro,iPhone,2022,Latinoamérica,62,1256.07,77876.34
2022-Q2,2022,AirPods Pro 2,Wearables,2022,Norteamérica,222,252.42,56037.24
2023-Q3,2023,iPad Air,iPad,2022,India,34,688.07,23394.38
2023-Q1,2023,iPad Pro,iPad,2022,Europa,152,1244.35,189141.2
2022-Q4,2022,iPhone 14,iPhone,2022,China,144,847.86,122091.84
2022-Q2,2022,iPhone 14 Pro,iPhone,2022,Japón,259,1123.35,290947.65
2023-Q1,2023,AirPods Pro 2,Wearables,2022,China,165,265.21,43759.65
2022-Q3,2022,iPad Pro,iPad,2022,India,39,1263.59,49280.01
2022-Q1,2022,AirPods Pro 2,Wearables,2022,China,465,267.42,124350.3
2022-Q2,2022,iPhone 14 Pro,iPhone,2022,Latinoamérica,45,1305.43,58744.35
2023-Q2,2023,iPhone 12,iPhone,2020,Norteamérica,37,822.96,30449.52
2024-Q3,2024,MacBook Air M2,Mac,2022,Europa,96,1325.43,127241.28
2023-Q2,2023,iPhone 14 Pro,iPhone,2022,Latinoamérica,10,1196.65,11966.5
2024-Q3,2024,iPhone 14,iPhone,2022,Latinoamérica,159,1036.94,164873.46
2022-Q3,2022,MacBook Air M2,Mac,2022,Japón,42,1260.38,52935.96
2024-Q4,2024,MacBook Air M2,Mac,2022,Europa,104,1336.74,139020.96
2022-Q4,2022,iPhone 14 Pro,iPhone,2022,Japón,386,1045.55,403582.3
2022-Q4,2022,iPhone 14 Pro,iPhone,2022,China,482,1018.84,491080.88
2022-Q1,2022,iPad Air,iPad,2022,Latinoamérica,58,749.39,43464.62
2024-Q2,2024,MacBook Pro M3,Mac,2023,China,88,2157.03,189818.64
2024-Q2,2024,iPhone 15 Pro,iPhone,2023,Europa,207,1165.2,241196.4
2024-Q4,2024,MacBook Air M2,Mac,2022,China,74,1317.67,97507.58
2023-Q2,2023,iPhone 15,iPhone,2023,Latinoamérica,34,982.2,33394.8
2022-Q3,2022,MacBook Air M2,Mac,2022,Latinoamérica,40,1441.43,57657.2
2023-Q4,2023,iPhone 15,iPhone,2023,Norteamérica,1127,761.48,858187.96
2024-Q2,2024,iPhone 12,iPhone,2020,China,59,825.38,48697.42
2023-Q2,2023,MacBook Pro M3,Mac,2023,Europa,34,2188.02,74392.68
2024-Q2,2024,iPad Pro,iPad,2022,Norteamérica,73,1057.06,77165.38
2022-Q1,2022,iPhone 13,iPhone,2021,Norteamérica,96,788.32,75678.72
2024-Q2,2024,Apple Watch S9,Wearables,2023,Japón,24,459.62,11030.88
2023-Q3,2023,iPhone 14 Pro,iPhone,2022,Japón,122,1079.52,131701.44
2022-Q2,2022,iPad Air,iPad,2022,Europa,87,680.93,59240.91
2023-Q3,2023,iPhone 14,iPhone,2022,Latinoamérica,53,1019.54,54035.62
2024-Q1,2024,iPhone 14,iPhone,2022,India,48,919.26,44124.48
2022-Q4,2022,iPhone 12,iPhone,2020,Europa,97,898.39,87143.83
2024-Q1,2024,iPhone 15 Pro,iPhone,2023,Latinoamérica,115,1241.2,142738.0
2023-Q2,2023,iPhone 15,iPhone,2023,Japón,184,878.58,161658.72
2022-Q3,2022,MacBook Air M2,Mac,2022,Norteamérica,35,1252.63,43842.05
2024-Q2,2024,iPhone 13,iPhone,2021,Europa,93,957.34,89032.62
2024-Q3,2024,iPhone 13,iPhone,2021,Europa,78,933.26,72794.28
2024-Q4,2024,iPhone 14 Pro,iPhone,2022,India,142,1226.27,174130.34
2023-Q3,2023,MacBook Pro M3,Mac,2023,India,35,2359.67,82588.45
2022-Q1,2022,MacBook Air M2,Mac,2022,India,73,1439.19,105060.87
2024-Q3,2024,iPhone 14,iPhone,2022,Europa,190,902.01,171381.9
2022-Q3,2022,iPhone 14,iPhone,2022,Norteamérica,528,802.64,423793.92
2024-Q1,2024,iPhone 12,iPhone,2020,Europa,24,879.29,21102.96
2022-Q2,2022,iPhone 13,iPhone,2021,China,159,826.3,131381.7
2023-Q2,2023,MacBook Pro M3,Mac,2023,India,39,2318.93,90438.27
2024-Q3,2024,Apple Watch S9,Wearables,2023,Europa,25,456.25,11406.25
2024-Q4,2024,Apple Watch S9,Wearables,2023,China,307,413.73,127015.11
2024-Q2,2024,iPhone 14 Pro,iPhone,2022,China,69,1080.43,74549.67
2024-Q1,2024,MacBook Air M2,Mac,2022,Europa,68,1311.58,89187.44
2022-Q1,2022,iPad Air,iPad,2022,Norteamérica,218,597.34,130220.12
2023-Q4,2023,MacBook Pro M3,Mac,2023,Japón,49,2223.3,108941.7
2023-Q1,2023,MacBook Pro M3,Mac,2023,Europa,23,2263.67,52064.41
2023-Q4,2023,iPhone 15 Pro,iPhone,2023,India,105,1185.44,124471.2
2023-Q3,2023,iPhone 14,iPhone,2022,Japón,205,916.87,187958.35
2023-Q2,2023,Apple Watch S9,Wearables,2023,Japón,52,459.49,23893.48
2022-Q3,2022,iPhone 14,iPhone,2022,China,242,823.76,199349.92
2022-Q2,2022,iPad Pro,iPad,2022,Latinoamérica,48,1414.38,67890.24
2022-Q2,2022,iPhone 12,iPhone,2020,Japón,51,847.04,43199.04
2023-Q4,2023,iPad Air,iPad,2022,India,35,724.56,25359.6
2024-Q4,2024,AirPods Pro 2,Wearables,2022,Norteamérica,197,255.59,50351.23
2024-Q4,2024,iPhone 13,iPhone,2021,Europa,40,938.52,37540.8
2024-Q2,2024,AirPods Pro 2,Wearables,2022,Europa,210,292.73,61473.3
2023-Q1,2023,iPhone 13,iPhone,2021,Norteamérica,102,830.7,84731.4
2024-Q1,2024,MacBook Pro M3,Mac,2023,Latinoamérica,90,2597.48,233773.2
2023-Q2,2023,Apple Watch S9,Wearables,2023,India,62,465.61,28867.82
2023-Q2,2023,iPad Air,iPad,2022,China,136,611.42,83153.12
2023-Q2,2023,AirPods Pro 2,Wearables,2022,Latinoamérica,98,308.4,30223.2
2022-Q3,2022,AirPods Pro 2,Wearables,2022,Europa,155,272.38,42218.9
2024-Q1,2024,iPhone 12,iPhone,2020,India,16,1006.18,16098.88
2024-Q1,2024,AirPods Pro 2,Wearables,2022,Europa,215,299.75,64446.25
2022-Q1,2022,iPhone 14 Pro,iPhone,2022,Norteamérica,367,1047.64,384483.88
2024-Q2,2024,iPad Air,iPad,2022,India,44,728.59,32057.96
2022-Q3,2022,AirPods Pro 2,Wearables,2022,China,268,249.51,66868.68
2023-Q2,2023,Apple Watch S9,Wearables,2023,China,90,412.67,37140.3
2023-Q2,2023,iPhone 12,iPhone,2020,China,26,857.6,22297.6
2024-Q3,2024,iPhone 12,iPhone,2020,China,29,824.71,23916.59
2022-Q2,2022,iPad Pro,iPad,2022,India,96,1297.43,124553.28
2022-Q2,2022,iPhone 14,iPhone,2022,Europa,114,936.48,106758.72
2024-Q3,2024,iPhone 13,iPhone,2021,China,66,877.92,57942.72
2024-Q4,2024,iPad Air,iPad,2022,Japón,50,628.52,31426.0
2022-Q1,2022,iPad Air,iPad,2022,India,68,700.78,47653.04
2023-Q2,2023,AirPods Pro 2,Wearables,2022,India,283,291.62,82528.46
2024-Q2,2024,iPad Pro,iPad,2022,India,34,1309.52,44523.68
2024-Q2,2024,iPhone 12,iPhone,2020,India,21,995.9,20913.9
2023-Q2,2023,iPad Pro,iPad,2022,India,65,1283.58,83432.7
2023-Q4,2023,iPhone 14 Pro,iPhone,2022,Japón,169,1139.36,192551.84
2022-Q4,2022,MacBook Air M2,Mac,2022,China,193,1222.36,235915.48
2024-Q2,2024,iPhone 15 Pro,iPhone,2023,Latinoamérica,232,1220.01,283042.32
2024-Q3,2024,MacBook Pro M3,Mac,2023,Europa,129,2238.97,288827.13
2023-Q4,2023,MacBook Pro M3,Mac,2023,China,110,2165.95,238254.5
2023-Q1,2023,iPhone 15 Pro,iPhone,2023,Europa,737,1153.85,850387.45
2023-Q3,2023,MacBook Pro M3,Mac,2023,Japón,44,2249.82,98992.08
2024-Q4,2024,AirPods Pro 2,Wearables,2022,Latinoamérica,115,324.52,37319.8
2024-Q2,2024,iPhone 14 Pro,iPhone,2022,Norteamérica,239,949.98,227045.22
2024-Q3,2024,iPad Pro,iPad,2022,India,28,1379.84,38635.52
2023-Q4,2023,iPhone 12,iPhone,2020,Latinoamérica,71,987.87,70138.77
2024-Q4,2024,MacBook Pro M3,Mac,2023,India,58,2469.38,143224.04
2022-Q4,2022,iPad Pro,iPad,2022,China,61,1100.97,67159.17
2024-Q1,2024,iPad Pro,iPad,2022,Japón,24,1248.5,29964.0
2023-Q2,2023,AirPods Pro 2,Wearables,2022,Japón,65,282.38,18354.7
2022-Q4,2022,iPhone 14 Pro,iPhone,2022,Europa,327,1137.76,372047.52
2023-Q1,2023,MacBook Pro M3,Mac,2023,China,70,2088.97,146227.9
2024-Q3,2024,MacBook Pro M3,Mac,2023,Latinoamérica,42,2516.68,105700.56
2022-Q2,2022,iPad Air,iPad,2022,China,72,632.52,45541.44
2023-Q4,2023,iPhone 15 Pro,iPhone,2023,Europa,104,1184.22,123158.88
2024-Q3,2024,iPhone 14 Pro,iPhone,2022,Europa,169,1110.47,187669.43
2022-Q3,2022,iPhone 13,iPhone,2021,China,312,868.86,271084.32
2022-Q3,2022,iPhone 14 Pro,iPhone,2022,Norteamérica,397,966.78,383811.66
2024-Q4,2024,MacBook Air M2,Mac,2022,India,63,1424.67,89754.21
2022-Q2,2022,AirPods Pro 2,Wearables,2022,China,39,255.46,9962.94
2023-Q3,2023,iPad Pro,iPad,2022,China,33,1210.11,39933.63
2022-Q2,2022,MacBook Air M2,Mac,2022,India,27,1379.14,37236.78
2023-Q4,2023,iPhone 13,iPhone,2021,Japón,78,889.2,69357.6
2023-Q4,2023,AirPods Pro 2,Wearables,2022,Japón,226,263.72,59600.72
2024-Q4,2024,iPhone 14,iPhone,2022,India,262,998.43,261588.66
2024-Q4,2024,iPhone 13,iPhone,2021,India,94,976.69,91808.86
2024-Q1,2024,iPhone 15,iPhone,2023,China,200,826.04,165208.0
2022-Q1,2022,iPhone 13,iPhone,2021,India,96,958.34,92000.64
2022-Q1,2022,AirPods Pro 2,Wearables,2022,Europa,280,278.96,78108.8
2022-Q1,2022,AirPods Pro 2,Wearables,2022,Norteamérica,244,248.74,60692.56
2022-Q4,2022,iPhone 14 Pro,iPhone,2022,India,58,1180.61,68475.38
2024-Q3,2024,MacBook Air M2,Mac,2022,Japón,81,1314.78,106497.18
2024-Q3,2024,iPad Pro,iPad,2022,Norteamérica,102,1085.86,110757.72
2023-Q3,2023,iPad Pro,iPad,2022,Japón,34,1208.77,41098.18
2022-Q4,2022,iPad Pro,iPad,2022,Latinoamérica,50,1355.1,67755.0
2024-Q4,2024,iPhone 13,iPhone,2021,Japón,118,835.09,98540.62
2024-Q1,2024,iPad Air,iPad,2022,China,72,659.37,47474.64
2022-Q4,2022,iPad Pro,iPad,2022,Japón,90,1182.13,106391.7
2024-Q1,2024,MacBook Air M2,Mac,2022,Latinoamérica,29,1438.51,41716.79
2024-Q1,2024,MacBook Pro M3,Mac,2023,India,30,2426.13,72783.9
2023-Q1,2023,Apple Watch S9,Wearables,2023,India,245,474.05,116142.25
2024-Q2,2024,Apple Watch S9,Wearables,2023,Latinoamérica,14,481.36,6739.04
2023-Q4,2023,iPhone 15 Pro,iPhone,2023,China,208,1080.19,224679.52
2022-Q1,2022,iPhone 14,iPhone,2022,Japón,152,863.55,131259.6
2023-Q4,2023,AirPods Pro 2,Wearables,2022,Latinoamérica,192,318.23,61100.16
2023-Q1,2023,Apple Watch S9,Wearables,2023,Latinoamérica,84,501.98,42166.32
2023-Q3,2023,MacBook Air M2,Mac,2022,Latinoamérica,68,1564.13,106360.84
2023-Q3,2023,iPhone 15,iPhone,2023,Norteamérica,95,822.56,78143.2
2023-Q3,2023,iPhone 15 Pro,iPhone,2023,Europa,291,1094.98,318639.18
2023-Q4,2023,iPad Air,iPad,2022,China,79,636.47,50281.13
2024-Q2,2024,iPad Air,iPad,2022,Europa,94,684.73,64364.62
2023-Q3,2023,iPhone 13,iPhone,2021,Norteamérica,198,813.39,161051.22
2023-Q4,2023,iPad Pro,iPad,2022,Japón,44,1155.74,50852.56
2023-Q4,2023,iPhone 14 Pro,iPhone,2022,Norteamérica,375,997.89,374208.75
2022-Q1,2022,iPhone 13,iPhone,2021,Japón,34,849.94,28897.96
2023-Q1,2023,MacBook Pro M3,Mac,2023,Japón,116,2127.74,246817.84
2022-Q1,2022,iPhone 14 Pro,iPhone,2022,Latinoamérica,147,1194.25,175554.75
2023-Q1,2023,iPhone 15,iPhone,2023,India,153,939.76,143783.28
2024-Q1,2024,iPad Pro,iPad,2022,Latinoamérica,11,1410.75,15518.25
2024-Q4,2024,MacBook Pro M3,Mac,2023,Europa,213,2192.98,467104.74
2024-Q4,2024,MacBook Pro M3,Mac,2023,China,301,2196.35,661101.35
2023-Q4,2023,iPhone 14,iPhone,2022,Latinoamérica,51,952.96,48600.96
2024-Q3,2024,iPhone 14 Pro,iPhone,2022,China,122,997.82,121734.04
2023-Q1,2023,iPhone 13,iPhone,2021,India,139,964.24,134029.36
2024-Q1,2024,iPhone 14 Pro,iPhone,2022,China,50,1092.94,54647.0
2022-Q2,2022,AirPods Pro 2,Wearables,2022,Japón,120,262.35,31482.0
2023-Q3,2023,iPhone 15 Pro,iPhone,2023,Japón,321,1064.34,341653.14
2023-Q2,2023,AirPods Pro 2,Wearables,2022,China,101,273.36,27609.36
2024-Q1,2024,iPad Pro,iPad,2022,Norteamérica,41,1077.71,44186.11
2023-Q2,2023,iPhone 14 Pro,iPhone,2022,China,384,1040.43,399525.12
2022-Q4,2022,MacBook Air M2,Mac,2022,Latinoamérica,19,1535.84,29180.96
2024-Q2,2024,AirPods Pro 2,Wearables,2022,India,131,300.16,39320.96
2023-Q3,2023,iPhone 15,iPhone,2023,India,154,937.15,144321.1
2022-Q4,2022,iPhone 13,iPhone,2021,Japón,87,868.43,75553.41
2022-Q2,2022,iPad Air,iPad,2022,Japón,87,671.82,58448.34
2023-Q4,2023,iPhone 14,iPhone,2022,China,295,841.56,248260.2
2023-Q2,2023,iPhone 14,iPhone,2022,Europa,427,885.71,378198.17
2022-Q2,2022,iPhone 14 Pro,iPhone,2022,China,215,1048.17,225356.55
2024-Q3,2024,AirPods Pro 2,Wearables,2022,India,79,299.3,23644.7
2022-Q4,2022,AirPods Pro 2,Wearables,2022,China,91,258.24,23499.84
2023-Q2,2023,iPhone 13,iPhone,2021,Europa,205,930.26,190703.3
2023-Q1,2023,iPad Pro,iPad,2022,China,20,1205.56,24111.2
2022-Q2,2022,MacBook Air M2,Mac,2022,Latinoamérica,40,1456.16,58246.4
2024-Q3,2024,iPhone 15 Pro,iPhone,2023,Norteamérica,543,1011.08,549016.44
2022-Q3,2022,iPhone 14 Pro,iPhone,2022,Japón,134,1146.24,153596.16
2022-Q3,2022,iPad Air,iPad,2022,India,29,739.62,21448.98
2024-Q3,2024,iPhone 13,iPhone,2021,Japón,91,880.95,80166.45
2023-Q2,2023,iPhone 15,iPhone,2023,Europa,307,933.89,286704.23
2023-Q1,2023,iPad Pro,iPad,2022,Latinoamérica,116,1424.87,165284.92
2022-Q1,2022,iPhone 12,iPhone,2020,Norteamérica,134,806.88,108121.92
2024-Q4,2024,Apple Watch S9,Wearables,2023,Japón,88,425.87,37476.56
2023-Q3,2023,iPhone 15 Pro,iPhone,2023,China,110,1046.14,115075.4
2024-Q3,2024,MacBook Air M2,Mac,2022,Norteamérica,33,1172.8,38702.4
2023-Q4,2023,iPhone 15,iPhone,2023,China,472,830.05,391783.6
2023-Q2,2023,iPhone 14,iPhone,2022,China,223,879.59,196148.57
2024-Q2,2024,MacBook Air M2,Mac,2022,China,52,1287.84,66967.68
2022-Q3,2022,iPhone 14 Pro,iPhone,2022,China,222,1077.94,239302.68
2023-Q1,2023,iPad Air,iPad,2022,Norteamérica,80,613.61,49088.8
2024-Q1,2024,Apple Watch S9,Wearables,2023,India,46,463.73,21331.58
2024-Q4,2024,iPhone 12,iPhone,2020,China,60,848.77,50926.2
2024-Q1,2024,MacBook Air M2,Mac,2022,India,19,1472.95,27986.05
2023-Q2,2023,iPhone 13,iPhone,2021,Latinoamérica,33,1035.55,34173.15
2023-Q2,2023,MacBook Pro M3,Mac,2023,Norteamérica,28,1945.75,54481.0
2024-Q1,2024,MacBook Air M2,Mac,2022,China,31,1318.86,40884.66
2022-Q4,2022,iPhone 12,iPhone,2020,Norteamérica,155,805.74,124889.7
2023-Q4,2023,AirPods Pro 2,Wearables,2022,India,47,286.42,13461.74
2024-Q2,2024,iPad Pro,iPad,2022,Latinoamérica,9,1342.58,12083.22
2024-Q4,2024,iPhone 12,iPhone,2020,Norteamérica,61,804.76,49090.36
2024-Q4,2024,iPhone 14,iPhone,2022,Japón,107,893.72,95628.04
2023-Q2,2023,iPhone 12,iPhone,2020,Latinoamérica,28,978.09,27386.52
2024-Q3,2024,iPhone 15,iPhone,2023,Europa,370,948.4,350908.0
2023-Q2,2023,iPad Pro,iPad,2022,Europa,20,1210.38,24207.6
2023-Q2,2023,iPad Pro,iPad,2022,Latinoamérica,29,1348.85,39116.65
2023-Q4,2023,iPhone 14,iPhone,2022,Norteamérica,511,805.82,411774.02
2022-Q1,2022,AirPods Pro 2,Wearables,2022,Latinoamérica,155,321.69,49861.95
2023-Q3,2023,iPhone 14,iPhone,2022,Europa,231,882.74,203912.94
2023-Q3,2023,iPhone 15 Pro,iPhone,2023,India,232,1213.93,281631.76
2024-Q2,2024,iPad Pro,iPad,2022,Europa,84,1272.93,106926.12
2023-Q1,2023,AirPods Pro 2,Wearables,2022,Japón,85,279.82,23784.7
2023-Q1,2023,iPhone 12,iPhone,2020,Japón,34,885.12,30094.08
2024-Q4,2024,AirPods Pro 2,Wearables,2022,India,7,298.11,2086.77
2024-Q3,2024,iPhone 14 Pro,iPhone,2022,Japón,132,1101.91,145452.12
2022-Q3,2022,iPhone 13,iPhone,2021,India,64,966.04,61826.56
2022-Q2,2022,iPhone 13,iPhone,2021,India,111,997.01,110668.11
2024-Q2,2024,iPhone 15,iPhone,2023,China,84,880.59,73969.56
2024-Q3,2024,iPad Air,iPad,2022,Latinoamérica,35,753.28,26364.8
2022-Q3,2022,iPhone 12,iPhone,2020,Latinoamérica,43,958.58,41218.94
2023-Q4,2023,iPad Air,iPad,2022,Europa,44,695.98,30623.12
2024-Q3,2024,Apple Watch S9,Wearables,2023,India,42,483.62,20312.04
2024-Q4,2024,iPhone 15 Pro,iPhone,2023,Europa,538,1107.79,595991.02
2023-Q4,2023,iPhone 14,iPhone,2022,Japón,120,862.74,103528.8
2022-Q4,2022,iPad Pro,iPad,2022,India,39,1343.91,52412.49
2023-Q2,2023,iPad Air,iPad,2022,Latinoamérica,36,780.53,28099.08
2023-Q3,2023,Apple Watch S9,Wearables,2023,China,147,426.5,62695.5
2023-Q4,2023,iPad Air,iPad,2022,Norteamérica,38,583.28,22164.64
2024-Q4,2024,iPad Pro,iPad,2022,Europa,57,1312.94,74837.58
2022-Q4,2022,iPhone 12,iPhone,2020,India,194,926.45,179731.3
2022-Q3,2022,iPad Air,iPad,2022,Latinoamérica,22,767.65,16888.3
2024-Q2,2024,MacBook Pro M3,Mac,2023,India,58,2438.09,141409.22
2024-Q3,2024,iPad Pro,iPad,2022,Japón,26,1252.22,32557.72
2022-Q4,2022,MacBook Air M2,Mac,2022,India,189,1403.18,265201.02
2024-Q3,2024,MacBook Air M2,Mac,2022,China,69,1226.46,84625.74
2024-Q1,2024,iPhone 14,iPhone,2022,Japón,59,903.69,53317.71
2023-Q4,2023,iPhone 15,iPhone,2023,Latinoamérica,192,1046.41,200910.72
2024-Q4,2024,Apple Watch S9,Wearables,2023,Europa,123,480.92,59153.16
2024-Q2,2024,iPhone 14 Pro,iPhone,2022,India,102,1230.09,125469.18
2023-Q2,2023,MacBook Pro M3,Mac,2023,Japón,43,2297.84,98807.12
2023-Q3,2023,iPhone 14,iPhone,2022,India,119,966.68,115034.92
2024-Q4,2024,iPhone 14,iPhone,2022,Europa,95,911.4,86583.0
2022-Q3,2022,AirPods Pro 2,Wearables,2022,Latinoamérica,157,325.86,51160.02
2024-Q4,2024,iPhone 15,iPhone,2023,Latinoamérica,115,1006.96,115800.4
2022-Q3,2022,AirPods Pro 2,Wearables,2022,Japón,118,262.23,30943.14
2023-Q3,2023,Apple Watch S9,Wearables,2023,Japón,85,418.3,35555.5
2024-Q1,2024,iPhone 14,iPhone,2022,Europa,149,920.78,137196.22
2023-Q2,2023,MacBook Pro M3,Mac,2023,China,66,2136.66,141019.56
2022-Q1,2022,iPhone 14 Pro,iPhone,2022,Europa,201,1114.24,223962.24
2022-Q4,2022,iPad Air,iPad,2022,Latinoamérica,26,720.96,18744.96
2024-Q3,2024,iPhone 12,iPhone,2020,Japón,14,880.6,12328.4
2023-Q2,2023,MacBook Air M2,Mac,2022,Norteamérica,89,1243.37,110659.93
2023-Q3,2023,MacBook Pro M3,Mac,2023,Norteamérica,119,2059.32,245059.08
2024-Q4,2024,iPhone 14 Pro,iPhone,2022,Europa,226,1099.04,248383.04
2022-Q1,2022,iPhone 14,iPhone,2022,Norteamérica,439,800.6,351463.4
2023-Q3,2023,AirPods Pro 2,Wearables,2022,India,33,302.73,9990.09
2023-Q4,2023,iPhone 12,iPhone,2020,Norteamérica,63,831.68,52395.84
2023-Q2,2023,iPad Air,iPad,2022,India,94,705.8,66345.2
2023-Q3,2023,iPhone 14 Pro,iPhone,2022,Norteamérica,376,1036.12,389581.12
2022-Q1,2022,iPad Air,iPad,2022,Europa,244,703.54,171663.76
2024-Q2,2024,iPhone 15,iPhone,2023,Norteamérica,441,818.63,361015.83
2022-Q4,2022,iPad Air,iPad,2022,Europa,149,719.82,107253.18
2022-Q1,2022,MacBook Air M2,Mac,2022,China,101,1284.51,129735.51
2024-Q1,2024,iPhone 15,iPhone,2023,Japón,133,846.6,112597.8
2023-Q1,2023,MacBook Air M2,Mac,2022,India,106,1415.09,149999.54
2023-Q2,2023,iPhone 15 Pro,iPhone,2023,Latinoamérica,210,1304.97,274043.7
2024-Q3,2024,iPhone 14,iPhone,2022,India,39,959.3,37412.7
2023-Q4,2023,iPhone 13,iPhone,2021,China,139,825.28,114713.92
2024-Q1,2024,iPad Pro,iPad,2022,India,39,1255.39,48960.21
2023-Q2,2023,iPhone 13,iPhone,2021,China,28,843.32,23612.96
2024-Q2,2024,iPad Air,iPad,2022,China,87,618.14,53778.18
2022-Q4,2022,iPhone 13,iPhone,2021,Latinoamérica,87,976.12,84922.44
2022-Q3,2022,iPad Pro,iPad,2022,Norteamérica,90,1104.44,99399.6
2024-Q3,2024,iPhone 14,iPhone,2022,China,100,872.0,87200.0
2023-Q3,2023,iPhone 12,iPhone,2020,India,101,973.99,98372.99
2023-Q4,2023,iPhone 14 Pro,iPhone,2022,Latinoamérica,75,1272.8,95460.0
2023-Q2,2023,iPhone 14 Pro,iPhone,2022,India,39,1173.47,45765.33
2022-Q3,2022,iPhone 14,iPhone,2022,India,221,994.99,219892.79
2024-Q4,2024,iPhone 12,iPhone,2020,India,45,923.47,41556.15
2022-Q4,2022,iPad Air,iPad,2022,India,148,693.78,102679.44
2023-Q3,2023,iPhone 14 Pro,iPhone,2022,India,112,1258.4,140940.8
2023-Q4,2023,iPad Pro,iPad,2022,Norteamérica,34,1110.86,37769.24
2022-Q2,2022,iPhone 13,iPhone,2021,Japón,118,913.8,107828.4
2024-Q1,2024,MacBook Air M2,Mac,2022,Japón,19,1312.88,24944.72
2023-Q1,2023,iPhone 15 Pro,iPhone,2023,Norteamérica,362,1038.92,376089.04
2023-Q2,2023,iPhone 14,iPhone,2022,Latinoamérica,71,960.57,68200.47
2022-Q1,2022,iPhone 14,iPhone,2022,India,102,962.89,98214.78
2024-Q1,2024,iPad Pro,iPad,2022,Europa,76,1217.18,92505.68
2023-Q2,2023,MacBook Pro M3,Mac,2023,Latinoamérica,52,2490.6,129511.2
2023-Q1,2023,Apple Watch S9,Wearables,2023,Japón,89,418.56,37251.84
2024-Q1,2024,iPad Air,iPad,2022,Europa,45,658.39,29627.55
2024-Q2,2024,AirPods Pro 2,Wearables,2022,Latinoamérica,67,308.5,20669.5
2024-Q4,2024,iPad Air,iPad,2022,India,48,715.82,34359.36
2022-Q4,2022,AirPods Pro 2,Wearables,2022,Latinoamérica,87,323.41,28136.67
2022-Q3,2022,iPhone 14 Pro,iPhone,2022,Europa,306,1184.1,362334.6
2024-Q4,2024,iPad Air,iPad,2022,Norteamérica,42,596.24,25042.08
2023-Q4,2023,MacBook Pro M3,Mac,2023,India,59,2466.09,145499.31
2022-Q2,2022,AirPods Pro 2,Wearables,2022,Latinoamérica,115,301.08,34624.2
2022-Q4,2022,MacBook Air M2,Mac,2022,Norteamérica,95,1249.46,118698.7
2023-Q2,2023,iPad Air,iPad,2022,Europa,144,671.61,96711.84
2024-Q4,2024,iPad Air,iPad,2022,Latinoamérica,38,713.06,27096.28
2024-Q2,2024,iPhone 14,iPhone,2022,India,95,926.21,87989.95
2024-Q3,2024,iPhone 12,iPhone,2020,Latinoamérica,24,1035.76,24858.24
2024-Q1,2024,MacBook Pro M3,Mac,2023,Japón,67,2273.85,152347.95
2024-Q3,2024,MacBook Pro M3,Mac,2023,China,58,2168.5,125773.0
2024-Q1,2024,iPad Air,iPad,2022,India,50,741.37,37068.5
2022-Q1,2022,iPhone 12,iPhone,2020,India,44,938.78,41306.32
2024-Q4,2024,MacBook Pro M3,Mac,2023,Japón,15,2247.75,33716.25
2022-Q1,2022,AirPods Pro 2,Wearables,2022,Japón,211,277.52,58556.72
2024-Q1,2024,iPhone 14 Pro,iPhone,2022,Europa,88,1160.41,102116.08
2024-Q2,2024,iPhone 15 Pro,iPhone,2023,China,112,1057.34,118422.08
2022-Q4,2022,iPad Air,iPad,2022,Japón,81,647.62,52457.22
2022-Q1,2022,iPhone 14,iPhone,2022,Latinoamérica,37,984.44,36424.28
2022-Q2,2022,iPhone 12,iPhone,2020,Norteamérica,83,760.38,63111.54
2024-Q4,2024,iPad Pro,iPad,2022,India,22,1324.3,29134.6
2024-Q4,2024,iPhone 13,iPhone,2021,China,40,877.13,35085.2
2022-Q1,2022,iPhone 12,iPhone,2020,Japón,77,853.62,65728.74
2024-Q2,2024,AirPods Pro 2,Wearables,2022,Japón,52,273.48,14220.96
2024-Q1,2024,Apple Watch S9,Wearables,2023,Japón,84,449.32,37742.88
2023-Q2,2023,MacBook Air M2,Mac,2022,Latinoamérica,22,1534.36,33755.92
2024-Q1,2024,Apple Watch S9,Wearables,2023,Europa,77,467.12,35968.24
2024-Q1,2024,iPhone 12,iPhone,2020,Norteamérica,84,774.38,65047.92
2023-Q4,2023,iPad Air,iPad,2022,Japón,10,660.16,6601.6
2024-Q4,2024,iPhone 14,iPhone,2022,Norteamérica,172,788.54,135628.88
2023-Q2,2023,iPhone 14 Pro,iPhone,2022,Europa,371,1111.56,412388.76
2022-Q3,2022,iPhone 12,iPhone,2020,Norteamérica,209,781.42,163316.78
2023-Q2,2023,iPhone 14 Pro,iPhone,2022,Japón,116,1062.23,123218.68
2024-Q1,2024,iPhone 15 Pro,iPhone,2023,India,198,1213.14,240201.72
2023-Q1,2023,iPhone 15 Pro,iPhone,2023,Japón,278,1080.76,300451.28
2022-Q1,2022,iPad Air,iPad,2022,China,153,628.56,96169.68
2024-Q2,2024,MacBook Pro M3,Mac,2023,Europa,44,2241.27,98615.88
2023-Q1,2023,AirPods Pro 2,Wearables,2022,India,81,284.45,23040.45
2023-Q4,2023,iPhone 15,iPhone,2023,India,423,965.23,408292.29
2022-Q2,2022,iPhone 12,iPhone,2020,China,34,829.45,28201.3
2023-Q3,2023,iPhone 15,iPhone,2023,Latinoamérica,159,1012.59,161001.81
2023-Q1,2023,iPad Air,iPad,2022,Europa,51,693.66,35376.66
2022-Q1,2022,MacBook Air M2,Mac,2022,Europa,91,1356.46,123437.86
2022-Q4,2022,iPhone 14,iPhone,2022,Europa,293,895.64,262422.52
2023-Q1,2023,iPad Pro,iPad,2022,Japón,95,1219.32,115835.4
2024-Q4,2024,iPad Pro,iPad,2022,Norteamérica,113,1149.11,129849.43
2023-Q3,2023,iPad Air,iPad,2022,China,51,628.42,32049.42
2023-Q4,2023,Apple Watch S9,Wearables,2023,Europa,515,464.53,239232.95
2023-Q3,2023,iPhone 15 Pro,iPhone,2023,Latinoamérica,145,1291.8,187311.0
2023-Q4,2023,iPhone 15 Pro,iPhone,2023,Latinoamérica,148,1226.85,181573.8
2024-Q4,2024,iPad Pro,iPad,2022,China,140,1129.53,158134.2
2022-Q4,2022,iPad Pro,iPad,2022,Europa,60,1260.56,75633.6
2024-Q3,2024,iPhone 15 Pro,iPhone,2023,Europa,160,1188.08,190092.8
2022-Q3,2022,iPad Pro,iPad,2022,Europa,42,1312.85,55139.7
2024-Q2,2024,iPhone 14 Pro,iPhone,2022,Europa,196,1102.8,216148.8
2023-Q1,2023,iPhone 12,iPhone,2020,China,34,827.46,28133.64
2024-Q3,2024,iPhone 15 Pro,iPhone,2023,Japón,113,1079.68,122003.84
2024-Q3,2024,iPad Air,iPad,2022,India,35,714.99,25024.65
2024-Q1,2024,iPhone 14 Pro,iPhone,2022,India,83,1242.92,103162.36
2024-Q4,2024,iPad Pro,iPad,2022,Latinoamérica,10,1326.24,13262.4
2024-Q4,2024,iPhone 15,iPhone,2023,Europa,343,898.21,308086.03
2024-Q4,2024,iPad Pro,iPad,2022,Japón,50,1195.54,59777.0
2022-Q4,2022,iPhone 14 Pro,iPhone,2022,Norteamérica,705,1005.09,708588.45
2024-Q2,2024,iPhone 12,iPhone,2020,Norteamérica,31,807.14,25021.34
2022-Q4,2022,iPhone 13,iPhone,2021,China,405,809.62,327896.1
2024-Q1,2024,MacBook Pro M3,Mac,2023,China,43,2085.85,89691.55
2024-Q1,2024,AirPods Pro 2,Wearables,2022,India,139,312.8,43479.2
2024-Q2,2024,iPad Air,iPad,2022,Japón,18,665.37,11976.66
2022-Q3,2022,iPhone 14,iPhone,2022,Japón,75,837.0,62775.0
2023-Q1,2023,iPhone 15 Pro,iPhone,2023,Latinoamérica,175,1252.93,219262.75
2024-Q1,2024,Apple Watch S9,Wearables,2023,China,107,398.51,42640.57
2022-Q3,2022,iPhone 13,iPhone,2021,Europa,56,877.07,49115.92
2023-Q4,2023,iPhone 14,iPhone,2022,Europa,183,897.69,164277.27
2023-Q4,2023,iPhone 13,iPhone,2021,India,178,991.8,176540.4
2022-Q3,2022,iPhone 14 Pro,iPhone,2022,India,276,1247.06,344188.56
2022-Q2,2022,iPhone 12,iPhone,2020,India,38,974.14,37017.32
2022-Q4,2022,iPhone 13,iPhone,2021,Europa,519,875.33,454296.27
2023-Q3,2023,AirPods Pro 2,Wearables,2022,Europa,52,288.6,15007.2
2024-Q4,2024,iPhone 15,iPhone,2023,Japón,101,910.33,91943.33
2023-Q1,2023,iPhone 14,iPhone,2022,Japón,110,886.04,97464.4
2024-Q3,2024,iPhone 15,iPhone,2023,China,34,866.49,29460.66
2024-Q2,2024,iPad Pro,iPad,2022,Japón,9,1151.38,10362.42
2022-Q1,2022,iPhone 13,iPhone,2021,China,181,800.9,144962.9
2024-Q3,2024,iPhone 12,iPhone,2020,Europa,26,945.15,24573.9
2022-Q1,2022,MacBook Air M2,Mac,2022,Norteamérica,124,1165.68,144544.32
2023-Q4,2023,iPad Pro,iPad,2022,China,131,1118.84,146568.04
2023-Q1,2023,Apple Watch S9,Wearables,2023,Europa,164,438.99,71994.36
2023-Q2,2023,iPad Air,iPad,2022,Japón,66,671.91,44346.06
2024-Q2,2024,iPhone 15 Pro,iPhone,2023,Japón,287,1118.29,320949.23
2024-Q2,2024,iPhone 13,iPhone,2021,Norteamérica,74,781.89,57859.86
2024-Q4,2024,iPhone 15 Pro,iPhone,2023,Norteamérica,604,965.72,583294.88
2023-Q1,2023,AirPods Pro 2,Wearables,2022,Latinoamérica,82,296.53,24315.46
2023-Q2,2023,iPhone 15 Pro,iPhone,2023,Japón,36,1144.76,41211.36
2023-Q4,2023,iPhone 13,iPhone,2021,Norteamérica,76,836.54,63577.04
2022-Q4,2022,iPhone 13,iPhone,2021,Norteamérica,91,828.25,75370.75
2024-Q2,2024,Apple Watch S9,Wearables,2023,Europa,135,447.84,60458.4
2024-Q3,2024,Apple Watch S9,Wearables,2023,Norteamérica,80,403.07,32245.6
2024-Q1,2024,AirPods Pro 2,Wearables,2022,Latinoamérica,137,312.19,42770.03
2024-Q1,2024,iPhone 13,iPhone,2021,China,262,811.71,212668.02
2022-Q4,2022,iPhone 12,iPhone,2020,Japón,108,920.59,99423.72
2022-Q4,2022,iPhone 12,iPhone,2020,China,190,835.9,158821.0
2024-Q2,2024,iPhone 14,iPhone,2022,Japón,208,861.11,179110.88
2024-Q4,2024,iPhone 14,iPhone,2022,Latinoamérica,38,949.82,36093.16
2024-Q2,2024,iPhone 15,iPhone,2023,Latinoamérica,15,987.92,14818.8
2023-Q3,2023,iPhone 14,iPhone,2022,Norteamérica,67,802.19,53746.73
2023-Q4,2023,MacBook Pro M3,Mac,2023,Europa,68,2402.62,163378.16
2023-Q2,2023,Apple Watch S9,Wearables,2023,Europa,171,444.01,75925.71
2022-Q4,2022,AirPods Pro 2,Wearables,2022,Norteamérica,469,249.8,117156.2
2022-Q3,2022,iPad Air,iPad,2022,Japón,52,655.5,34086.0
2024-Q3,2024,iPhone 15 Pro,iPhone,2023,China,263,1009.75,265564.25
2022-Q3,2022,AirPods Pro 2,Wearables,2022,India,429,297.44,127601.76
2024-Q4,2024,iPad Air,iPad,2022,Europa,59,664.09,39181.31
2023-Q1,2023,iPhone 12,iPhone,2020,India,65,926.27,60207.55
2023-Q2,2023,iPhone 14,iPhone,2022,Japón,33,836.57,27606.81
2023-Q2,2023,iPhone 15,iPhone,2023,India,124,980.68,121604.32
2023-Q3,2023,Apple Watch S9,Wearables,2023,Latinoamérica,54,510.08,27544.32
2022-Q3,2022,iPad Air,iPad,2022,China,124,633.57,78562.68
2022-Q4,2022,MacBook Air M2,Mac,2022,Japón,116,1316.86,152755.76
2023-Q1,2023,iPhone 13,iPhone,2021,Latinoamérica,41,1015.59,41639.19
2023-Q4,2023,iPhone 15 Pro,iPhone,2023,Norteamérica,372,1036.81,385693.32
2023-Q1,2023,MacBook Pro M3,Mac,2023,Norteamérica,48,2082.93,99980.64
2023-Q4,2023,iPhone 13,iPhone,2021,Europa,49,888.51,43536.99
2024-Q3,2024,MacBook Pro M3,Mac,2023,India,50,2382.11,119105.5
2022-Q3,2022,iPad Pro,iPad,2022,Japón,37,1160.68,42945.16
2023-Q3,2023,AirPods Pro 2,Wearables,2022,Norteamérica,74,237.55,17578.7
2024-Q2,2024,MacBook Pro M3,Mac,2023,Japón,17,2196.17,37334.89
2024-Q2,2024,MacBook Air M2,Mac,2022,Europa,35,1321.02,46235.7
2024-Q4,2024,iPhone 12,iPhone,2020,Europa,38,899.87,34195.06
2023-Q1,2023,iPhone 15,iPhone,2023,Japón,126,912.05,114918.3
2024-Q4,2024,iPhone 15 Pro,iPhone,2023,Latinoamérica,94,1225.18,115166.92
2024-Q2,2024,iPad Air,iPad,2022,Norteamérica,133,616.07,81937.31
2024-Q4,2024,iPhone 13,iPhone,2021,Norteamérica,89,791.89,70478.21
2024-Q2,2024,iPad Pro,iPad,2022,China,39,1117.54,43584.06
2023-Q3,2023,MacBook Air M2,Mac,2022,China,183,1221.2,223479.6
2024-Q4,2024,MacBook Air M2,Mac,2022,Norteamérica,132,1175.3,155139.6
2024-Q1,2024,iPhone 15,iPhone,2023,India,526,927.62,487928.12
2023-Q2,2023,iPhone 12,iPhone,2020,Japón,35,893.67,31278.45
2024-Q3,2024,iPhone 13,iPhone,2021,Latinoamérica,65,1012.19,65792.35
2023-Q4,2023,iPhone 15 Pro,iPhone,2023,Japón,440,1103.79,485667.6
2024-Q1,2024,iPhone 14,iPhone,2022,Latinoamérica,83,952.42,79050.86
2022-Q3,2022,iPhone 14,iPhone,2022,Latinoamérica,62,1018.4,63140.8
2023-Q1,2023,iPad Air,iPad,2022,Latinoamérica,36,722.54,26011.44
2024-Q3,2024,iPad Pro,iPad,2022,Latinoamérica,29,1415.64,41053.56
2023-Q3,2023,iPad Air,iPad,2022,Europa,113,663.03,74922.39
2023-Q1,2023,iPad Air,iPad,2022,India,33,734.78,24247.74
2024-Q2,2024,MacBook Pro M3,Mac,2023,Latinoamérica,3,2598.66,7795.98
2023-Q2,2023,MacBook Air M2,Mac,2022,India,99,1382.76,136893.24
2023-Q4,2023,iPhone 12,iPhone,2020,China,84,870.05,73084.2
2024-Q3,2024,Apple Watch S9,Wearables,2023,Latinoamérica,42,506.34,21266.28
2023-Q3,2023,iPhone 14 Pro,iPhone,2022,Latinoamérica,179,1241.99,222316.21
2023-Q1,2023,AirPods Pro 2,Wearables,2022,Norteamérica,20,240.42,4808.4
2023-Q2,2023,iPhone 14 Pro,iPhone,2022,Norteamérica,255,969.67,247265.85
2023-Q3,2023,iPad Air,iPad,2022,Latinoamérica,57,745.4,42487.8
2023-Q3,2023,MacBook Air M2,Mac,2022,Norteamérica,68,1148.47,78095.96
2023-Q1,2023,iPhone 15 Pro,iPhone,2023,China,371,1095.09,406278.39
2024-Q4,2024,iPhone 15 Pro,iPhone,2023,Japón,265,1113.94,295194.1
2024-Q3,2024,iPhone 13,iPhone,2021,Norteamérica,160,798.83,127812.8
2023-Q4,2023,Apple Watch S9,Wearables,2023,Latinoamérica,57,474.99,27074.43
2023-Q3,2023,iPhone 13,iPhone,2021,India,150,1004.94,150741.0
2024-Q1,2024,iPhone 15,iPhone,2023,Europa,158,888.85,140438.3
2024-Q4,2024,Apple Watch S9,Wearables,2023,Norteamérica,262,384.99,100867.38
2024-Q4,2024,iPhone 14,iPhone,2022,China,169,826.77,139724.13
2024-Q3,2024,AirPods Pro 2,Wearables,2022,Japón,67,269.28,18041.76
2024-Q3,2024,iPhone 15 Pro,iPhone,2023,Latinoamérica,68,1293.17,87935.56
2024-Q3,2024,iPhone 15,iPhone,2023,Japón,71,850.23,60366.33
2024-Q2,2024,iPhone 12,iPhone,2020,Latinoamérica,9,1010.03,9090.27
2024-Q2,2024,iPhone 15,iPhone,2023,Europa,59,900.99,53158.41
2022-Q2,2022,MacBook Air M2,Mac,2022,Europa,71,1384.73,98315.83
2023-Q1,2023,MacBook Air M2,Mac,2022,China,202,1312.53,265131.06
2022-Q4,2022,iPhone 14,iPhone,2022,Japón,153,893.99,136780.47
2024-Q1,2024,iPad Pro,iPad,2022,China,190,1148.16,218150.4
2022-Q1,2022,iPad Pro,iPad,2022,India,53,1366.37,72417.61
2024-Q1,2024,Apple Watch S9,Wearables,2023,Norteamérica,153,408.47,62495.91
2022-Q4,2022,iPad Air,iPad,2022,China,41,659.14,27024.74
2024-Q3,2024,iPad Air,iPad,2022,Norteamérica,113,599.76,67772.88
2024-Q3,2024,iPhone 15,iPhone,2023,Latinoamérica,137,972.77,133269.49
2024-Q4,2024,iPhone 15,iPhone,2023,China,494,863.98,426806.12
2022-Q2,2022,AirPods Pro 2,Wearables,2022,India,211,291.34,61472.74
2024-Q2,2024,iPhone 13,iPhone,2021,India,67,915.0,61305.0
2023-Q1,2023,MacBook Air M2,Mac,2022,Norteamérica,128,1157.34,148139.52
2024-Q2,2024,iPhone 14 Pro,iPhone,2022,Latinoamérica,21,1230.69,25844.49
2023-Q4,2023,MacBook Air M2,Mac,2022,Latinoamérica,42,1530.08,64263.36
2024-Q2,2024,iPhone 12,iPhone,2020,Europa,68,941.64,64031.52
2024-Q3,2024,MacBook Air M2,Mac,2022,Latinoamérica,39,1468.76,57281.64
2023-Q1,2023,iPhone 14,iPhone,2022,China,57,848.23,48349.11
2023-Q3,2023,MacBook Pro M3,Mac,2023,China,146,2129.09,310847.14
2023-Q3,2023,Apple Watch S9,Wearables,2023,Europa,93,468.91,43608.63
2024-Q3,2024,iPhone 15,iPhone,2023,India,175,944.22,165238.5
2023-Q1,2023,iPhone 15,iPhone,2023,Europa,327,887.95,290359.65
2022-Q1,2022,iPhone 12,iPhone,2020,Latinoamérica,29,1001.22,29035.38
2024-Q3,2024,iPhone 14 Pro,iPhone,2022,Norteamérica,145,1015.78,147288.1
2024-Q3,2024,Apple Watch S9,Wearables,2023,Japón,127,439.44,55808.88
2024-Q2,2024,Apple Watch S9,Wearables,2023,Norteamérica,122,381.14,46499.08
2024-Q1,2024,AirPods Pro 2,Wearables,2022,Norteamérica,321,237.07,76099.47
2022-Q3,2022,iPhone 12,iPhone,2020,China,220,817.79,179913.8
2024-Q2,2024,iPhone 14 Pro,iPhone,2022,Japón,84,1111.65,93378.6
2023-Q3,2023,AirPods Pro 2,Wearables,2022,Latinoamérica,103,302.24,31130.72
2024-Q1,2024,iPhone 14 Pro,iPhone,2022,Latinoamérica,73,1200.84,87661.32
2022-Q1,2022,AirPods Pro 2,Wearables,2022,India,501,289.43,145004.43
2022-Q1,2022,iPad Pro,iPad,2022,China,166,1117.78,185551.48
2023-Q1,2023,iPhone 13,iPhone,2021,China,159,830.38,132030.42
2022-Q3,2022,MacBook Air M2,Mac,2022,China,192,1249.41,239886.72
2022-Q1,2022,iPad Air,iPad,2022,Japón,156,654.13,102044.28
2024-Q3,2024,MacBook Pro M3,Mac,2023,Norteamérica,105,1936.1,203290.5
2023-Q1,2023,iPad Air,iPad,2022,China,128,649.16,83092.48
2024-Q1,2024,iPhone 13,iPhone,2021,Japón,29,843.45,24460.05
2023-Q3,2023,iPad Pro,iPad,2022,Norteamérica,53,1076.1,57033.3
2023-Q2,2023,iPhone 15,iPhone,2023,Norteamérica,362,816.5,295573.0
2023-Q4,2023,iPhone 13,iPhone,2021,Latinoamérica,144,965.5,139032.0
2023-Q3,2023,MacBook Pro M3,Mac,2023,Europa,85,2371.22,201553.7
2024-Q2,2024,iPad Air,iPad,2022,Latinoamérica,24,786.06,18865.44
2024-Q1,2024,iPhone 14 Pro,iPhone,2022,Norteamérica,101,1004.37,101441.37
2022-Q3,2022,AirPods Pro 2,Wearables,2022,Norteamérica,353,243.66,86011.98
2022-Q2,2022,iPhone 14,iPhone,2022,China,84,816.91,68620.44
2023-Q4,2023,Apple Watch S9,Wearables,2023,Japón,159,426.47,67808.73
2024-Q3,2024,iPhone 14 Pro,iPhone,2022,India,111,1241.74,137833.14
2022-Q3,2022,iPad Pro,iPad,2022,China,47,1184.13,55654.11
2024-Q4,2024,MacBook Air M2,Mac,2022,Japón,33,1298.76,42859.08
2024-Q1,2024,iPad Air,iPad,2022,Latinoamérica,25,763.14,19078.5
2022-Q2,2022,iPhone 14,iPhone,2022,Latinoamérica,148,1005.57,148824.36
2022-Q1,2022,iPhone 14,iPhone,2022,China,378,813.44,307480.32
2022-Q4,2022,iPhone 14,iPhone,2022,Norteamérica,337,834.54,281239.98
2022-Q1,2022,MacBook Air M2,Mac,2022,Latinoamérica,11,1429.34,15722.74
2024-Q1,2024,iPhone 14,iPhone,2022,Norteamérica,71,790.96,56158.16
2023-Q3,2023,iPad Pro,iPad,2022,Europa,7,1309.36,9165.52
2022-Q4,2022,AirPods Pro 2,Wearables,2022,Europa,343,284.84,97700.12
2023-Q1,2023,iPhone 15,iPhone,2023,Norteamérica,628,822.59,516586.52
2022-Q2,2022,iPhone 12,iPhone,2020,Latinoamérica,18,1036.44,18655.92
2023-Q3,2023,iPhone 12,iPhone,2020,Europa,140,879.9,123186.0
2023-Q2,2023,iPhone 15 Pro,iPhone,2023,Europa,75,1183.25,88743.75
2023-Q1,2023,MacBook Pro M3,Mac,2023,India,28,2314.52,64806.56
2023-Q4,2023,MacBook Air M2,Mac,2022,India,77,1505.41,115916.57
2023-Q4,2023,iPad Pro,iPad,2022,India,61,1290.43,78716.23
2024-Q4,2024,AirPods Pro 2,Wearables,2022,Japón,93,284.67,26474.31
2023-Q2,2023,iPhone 12,iPhone,2020,India,10,989.24,9892.4
2023-Q1,2023,iPhone 13,iPhone,2021,Japón,73,911.02,66504.46
2022-Q4,2022,iPhone 14,iPhone,2022,India,404,984.91,397903.64
2024-Q2,2024,iPhone 12,iPhone,2020,Japón,43,854.7,36752.1
2023-Q3,2023,Apple Watch S9,Wearables,2023,India,27,475.23,12831.21
2023-Q4,2023,AirPods Pro 2,Wearables,2022,China,235,259.57,60998.95
2022-Q3,2022,iPhone 13,iPhone,2021,Japón,28,849.28,23779.84
2024-Q2,2024,iPhone 14,iPhone,2022,Europa,177,919.39,162732.03
2023-Q3,2023,MacBook Air M2,Mac,2022,India,80,1444.74,115579.2
2022-Q1,2022,iPhone 12,iPhone,2020,Europa,78,887.24,69204.72
2024-Q4,2024,iPhone 14 Pro,iPhone,2022,Japón,120,1097.36,131683.2
2024-Q2,2024,iPhone 13,iPhone,2021,Japón,89,903.2,80384.8
2022-Q2,2022,iPad Pro,iPad,2022,China,104,1201.64,124970.56
2023-Q1,2023,iPhone 14,iPhone,2022,Europa,250,912.0,228000.0
2022-Q1,2022,iPad Pro,iPad,2022,Latinoamérica,27,1363.74,36820.98
2024-Q1,2024,iPhone 15,iPhone,2023,Latinoamérica,114,1040.97,118670.58
2023-Q4,2023,iPhone 14 Pro,iPhone,2022,Europa,136,1126.78,153242.08
2023-Q4,2023,iPad Pro,iPad,2022,Latinoamérica,52,1353.37,70375.24
2023-Q3,2023,iPhone 15 Pro,iPhone,2023,Norteamérica,288,972.02,279941.76
2022-Q2,2022,AirPods Pro 2,Wearables,2022,Europa,119,299.98,35697.62
2023-Q3,2023,iPhone 12,iPhone,2020,Japón,62,865.52,53662.24
2024-Q2,2024,iPhone 14,iPhone,2022,Norteamérica,133,769.58,102354.14
2023-Q3,2023,iPhone 13,iPhone,2021,Japón,68,906.85,61665.8
2023-Q1,2023,MacBook Air M2,Mac,2022,Europa,94,1393.56,130994.64
2022-Q1,2022,iPhone 14,iPhone,2022,Europa,99,889.89,88099.11
2023-Q2,2023,MacBook Air M2,Mac,2022,Japón,27,1368.18,36940.86
2024-Q2,2024,MacBook Air M2,Mac,2022,Norteamérica,79,1196.96,94559.84
2023-Q3,2023,MacBook Air M2,Mac,2022,Japón,57,1266.75,72204.75
2023-Q2,2023,iPhone 13,iPhone,2021,Japón,15,902.07,13531.05
2022-Q4,2022,iPhone 14 Pro,iPhone,2022,Latinoamérica,265,1240.94,328849.1
2024-Q4,2024,Apple Watch S9,Wearables,2023,India,231,496.3,114645.3
2024-Q3,2024,iPhone 14 Pro,iPhone,2022,Latinoamérica,85,1277.66,108601.1
2024-Q1,2024,iPhone 12,iPhone,2020,Latinoamérica,36,1002.04,36073.44
2024-Q4,2024,MacBook Pro M3,Mac,2023,Norteamérica,168,1939.29,325800.72
2024-Q1,2024,iPhone 15,iPhone,2023,Norteamérica,490,822.17,402863.3
2023-Q1,2023,MacBook Air M2,Mac,2022,Japón,34,1267.89,43108.26
2024-Q2,2024,iPhone 14,iPhone,2022,China,165,858.48,141649.2
2024-Q2,2024,iPhone 13,iPhone,2021,Latinoamérica,33,966.53,31895.49
2024-Q3,2024,Apple Watch S9,Wearables,2023,China,263,427.44,112416.72
2022-Q4,2022,AirPods Pro 2,Wearables,2022,Japón,189,269.03,50846.67
2024-Q4,2024,iPhone 12,iPhone,2020,Japón,54,865.3,46726.2
2023-Q4,2023,AirPods Pro 2,Wearables,2022,Europa,268,291.94,78239.92
2024-Q3,2024,MacBook Pro M3,Mac,2023,Japón,58,2114.23,122625.34
2024-Q1,2024,iPhone 15 Pro,iPhone,2023,Norteamérica,231,988.88,228431.28
2022-Q2,2022,iPhone 13,iPhone,2021,Latinoamérica,70,957.22,67005.4
2023-Q4,2023,AirPods Pro 2,Wearables,2022,Norteamérica,618,251.35,155334.3
2024-Q2,2024,iPhone 13,iPhone,2021,China,97,860.35,83453.95
2023-Q1,2023,Apple Watch S9,Wearables,2023,Norteamérica,261,382.46,99822.06
2022-Q1,2022,iPhone 14 Pro,iPhone,2022,Japón,255,1056.69,269455.95
2023-Q2,2023,MacBook Air M2,Mac,2022,Europa,96,1447.51,138960.96
2023-Q4,2023,MacBook Air M2,Mac,2022,Japón,54,1276.88,68951.52
2022-Q4,2022,iPhone 14,iPhone,2022,Latinoamérica,43,1015.89,43683.27
2023-Q2,2023,iPhone 14,iPhone,2022,Norteamérica,165,780.52,128785.8
2022-Q4,2022,AirPods Pro 2,Wearables,2022,India,95,304.15,28894.25
2023-Q3,2023,MacBook Air M2,Mac,2022,Europa,43,1328.21,57113.03
2023-Q4,2023,iPhone 12,iPhone,2020,India,90,985.02,88651.8
2024-Q1,2024,iPhone 13,iPhone,2021,India,144,999.76,143965.44
2023-Q3,2023,iPhone 13,iPhone,2021,Europa,142,942.07,133773.94
2023-Q2,2023,iPad Pro,iPad,2022,China,81,1135.47,91973.07
2024-Q3,2024,iPad Air,iPad,2022,Europa,22,669.06,14719.32
2022-Q3,2022,iPad Pro,iPad,2022,Latinoamérica,42,1417.97,59554.74
2024-Q3,2024,iPad Air,iPad,2022,Japón,38,669.77,25451.26
2022-Q3,2022,iPhone 12,iPhone,2020,Japón,73,901.56,65813.88
2023-Q3,2023,iPad Air,iPad,2022,Norteamérica,100,597.89,59789.0
2022-Q2,2022,MacBook Air M2,Mac,2022,Japón,14,1300.46,18206.44
2023-Q4,2023,MacBook Air M2,Mac,2022,China,134,1248.07,167241.38
2023-Q2,2023,AirPods Pro 2,Wearables,2022,Norteamérica,190,250.99,47688.1
2023-Q1,2023,iPhone 14 Pro,iPhone,2022,Latinoamérica,117,1208.94,141445.98
2023-Q4,2023,MacBook Pro M3,Mac,2023,Latinoamérica,59,2583.67,152436.53
2022-Q3,2022,iPad Air,iPad,2022,Europa,98,655.15,64204.7
2024-Q2,2024,Apple Watch S9,Wearables,2023,China,166,421.69,70000.54
2022-Q1,2022,iPhone 14 Pro,iPhone,2022,China,484,1004.27,486066.68
2024-Q4,2024,iPhone 12,iPhone,2020,Latinoamérica,54,1018.95,55023.3
2022-Q2,2022,iPhone 14 Pro,iPhone,2022,India,188,1183.23,222447.24
2022-Q3,2022,iPhone 13,iPhone,2021,Latinoamérica,72,1007.32,72527.04
2023-Q2,2023,iPhone 13,iPhone,2021,Norteamérica,297,779.78,231594.66
2023-Q4,2023,iPhone 15,iPhone,2023,Japón,120,922.79,110734.8
2022-Q3,2022,iPhone 13,iPhone,2021,Norteamérica,136,808.26,109923.36
