Provincias;Sector económico;Periodo;Total
Total Nacional;Agricultura;2026T2;3,5
Total Nacional;Agricultura;2026T1;3,7
Total Nacional;Industria;2026T2;12,8
Total Nacional;Industria;2026T1;12,8
Total Nacional;Construcción;2026T2;6,7
Total Nacional;Construcción;2026T1;6,6
Total Nacional;Servicios;2026T2;72,2
Total Nacional;Servicios;2026T1;72,1
Total Nacional;Parados que buscan primer empleo o han dejado su último empleo hace más de 1 año;2026T2;4,8
Total Nacional;Parados que buscan primer empleo o han dejado su último empleo hace más de 1 año;2026T1;4,8
02 Albacete;Agricultura;2026T2;7,8
02 Albacete;Agricultura;2026T1;5,5
02 Albacete;Industria;2026T2;13,6
02 Albacete;Industria;2026T1;14,2
02 Albacete;Construcción;2026T2;7,5
02 Albacete;Construcción;2026T1;7,9
02 Albacete;Servicios;2026T2;64,7
02 Albacete;Servicios;2026T1;66,2
02 Albacete;Parados que buscan primer empleo o han dejado su último empleo hace más de 1 año;2026T2;6,5
02 Albacete;Parados que buscan primer empleo o han dejado su último empleo hace más de 1 año;2026T1;6,2
03 Alicante/Alacant;Agricultura;2026T2;2,2
03 Alicante/Alacant;Agricultura;2026T1;3,9
03 Alicante/Alacant;Industria;2026T2;15,9
03 Alicante/Alacant;Industria;2026T1;15,3
03 Alicante/Alacant;Construcción;2026T2;8,4
03 Alicante/Alacant;Construcción;2026T1;8,4
03 Alicante/Alacant;Servicios;2026T2;67,7
03 Alicante/Alacant;Servicios;2026T1;66,6
03 Alicante/Alacant;Parados que buscan primer empleo o han dejado su último empleo hace más de 1 año;2026T2;5,7
03 Alicante/Alacant;Parados que buscan primer empleo o han dejado su último empleo hace más de 1 año;2026T1;5,8
04 Almería;Agricultura;2026T2;17,1
04 Almería;Agricultura;2026T1;17,6
04 Almería;Industria;2026T2;5
04 Almería;Industria;2026T1;5,9
04 Almería;Construcción;2026T2;6,2
04 Almería;Construcción;2026T1;6,1
04 Almería;Servicios;2026T2;65,3
04 Almería;Servicios;2026T1;63,6
04 Almería;Parados que buscan primer empleo o han dejado su último empleo hace más de 1 año;2026T2;6,4
04 Almería;Parados que buscan primer empleo o han dejado su último empleo hace más de 1 año;2026T1;6,8
01 Araba/Álava;Agricultura;2026T2;2,4
01 Araba/Álava;Agricultura;2026T1;3
01 Araba/Álava;Industria;2026T2;21,1
01 Araba/Álava;Industria;2026T1;22,6
01 Araba/Álava;Construcción;2026T2;3,5
01 Araba/Álava;Construcción;2026T1;3,2
01 Araba/Álava;Servicios;2026T2;69,1
01 Araba/Álava;Servicios;2026T1;67,7
01 Araba/Álava;Parados que buscan primer empleo o han dejado su último empleo hace más de 1 año;2026T2;3,9
01 Araba/Álava;Parados que buscan primer empleo o han dejado su último empleo hace más de 1 año;2026T1;3,5
33 Asturias;Agricultura;2026T2;2,5
33 Asturias;Agricultura;2026T1;2,6
33 Asturias;Industria;2026T2;12,9
33 Asturias;Industria;2026T1;13,6
33 Asturias;Construcción;2026T2;5,7
33 Asturias;Construcción;2026T1;5,8
33 Asturias;Servicios;2026T2;74,4
33 Asturias;Servicios;2026T1;73,8
33 Asturias;Parados que buscan primer empleo o han dejado su último empleo hace más de 1 año;2026T2;4,5
33 Asturias;Parados que buscan primer empleo o han dejado su último empleo hace más de 1 año;2026T1;4,3
05 Ávila;Agricultura;2026T2;6,6
05 Ávila;Agricultura;2026T1;8,1
05 Ávila;Industria;2026T2;8,5
05 Ávila;Industria;2026T1;10
05 Ávila;Construcción;2026T2;8
05 Ávila;Construcción;2026T1;10,6
05 Ávila;Servicios;2026T2;73,1
05 Ávila;Servicios;2026T1;68,6
05 Ávila;Parados que buscan primer empleo o han dejado su último empleo hace más de 1 año;2026T2;3,9
05 Ávila;Parados que buscan primer empleo o han dejado su último empleo hace más de 1 año;2026T1;2,8
06 Badajoz;Agricultura;2026T2;11,7
06 Badajoz;Agricultura;2026T1;11,3
06 Badajoz;Industria;2026T2;9,2
06 Badajoz;Industria;2026T1;9,9
06 Badajoz;Construcción;2026T2;5,8
06 Badajoz;Construcción;2026T1;6,3
06 Badajoz;Servicios;2026T2;66,5
06 Badajoz;Servicios;2026T1;67,8
06 Badajoz;Parados que buscan primer empleo o han dejado su último empleo hace más de 1 año;2026T2;6,8
06 Badajoz;Parados que buscan primer empleo o han dejado su último empleo hace más de 1 año;2026T1;4,8
07 Balears, Illes;Agricultura;2026T2;0,5
07 Balears, Illes;Agricultura;2026T1;0,3
07 Balears, Illes;Industria;2026T2;4
07 Balears, Illes;Industria;2026T1;5,3
07 Balears, Illes;Construcción;2026T2;8
07 Balears, Illes;Construcción;2026T1;8,4
07 Balears, Illes;Servicios;2026T2;84,6
07 Balears, Illes;Servicios;2026T1;83,6
07 Balears, Illes;Parados que buscan primer empleo o han dejado su último empleo hace más de 1 año;2026T2;2,9
07 Balears, Illes;Parados que buscan primer empleo o han dejado su último empleo hace más de 1 año;2026T1;2,4
08 Barcelona;Agricultura;2026T2;0,4
08 Barcelona;Agricultura;2026T1;0,5
08 Barcelona;Industria;2026T2;16,6
08 Barcelona;Industria;2026T1;16,5
08 Barcelona;Construcción;2026T2;6
08 Barcelona;Construcción;2026T1;5,9
08 Barcelona;Servicios;2026T2;72,8
08 Barcelona;Servicios;2026T1;72,3
08 Barcelona;Parados que buscan primer empleo o han dejado su último empleo hace más de 1 año;2026T2;4,1
08 Barcelona;Parados que buscan primer empleo o han dejado su último empleo hace más de 1 año;2026T1;4,9
48 Bizkaia;Agricultura;2026T2;0,8
48 Bizkaia;Agricultura;2026T1;0,7
48 Bizkaia;Industria;2026T2;19,1
48 Bizkaia;Industria;2026T1;18,2
48 Bizkaia;Construcción;2026T2;4,8
48 Bizkaia;Construcción;2026T1;6,1
48 Bizkaia;Servicios;2026T2;71,2
48 Bizkaia;Servicios;2026T1;71,3
48 Bizkaia;Parados que buscan primer empleo o han dejado su último empleo hace más de 1 año;2026T2;4,1
48 Bizkaia;Parados que buscan primer empleo o han dejado su último empleo hace más de 1 año;2026T1;3,7
09 Burgos;Agricultura;2026T2;3,9
09 Burgos;Agricultura;2026T1;3,7
09 Burgos;Industria;2026T2;28,4
09 Burgos;Industria;2026T1;25,3
09 Burgos;Construcción;2026T2;3,8
09 Burgos;Construcción;2026T1;4
09 Burgos;Servicios;2026T2;62
09 Burgos;Servicios;2026T1;63,8
09 Burgos;Parados que buscan primer empleo o han dejado su último empleo hace más de 1 año;2026T2;1,9
09 Burgos;Parados que buscan primer empleo o han dejado su último empleo hace más de 1 año;2026T1;3,2
10 Cáceres;Agricultura;2026T2;11,3
10 Cáceres;Agricultura;2026T1;9,4
10 Cáceres;Industria;2026T2;9,9
10 Cáceres;Industria;2026T1;9,7
10 Cáceres;Construcción;2026T2;6,7
10 Cáceres;Construcción;2026T1;6,5
10 Cáceres;Servicios;2026T2;67,9
10 Cáceres;Servicios;2026T1;69,6
10 Cáceres;Parados que buscan primer empleo o han dejado su último empleo hace más de 1 año;2026T2;4,2
10 Cáceres;Parados que buscan primer empleo o han dejado su último empleo hace más de 1 año;2026T1;4,9
11 Cádiz;Agricultura;2026T2;3,2
11 Cádiz;Agricultura;2026T1;3,6
11 Cádiz;Industria;2026T2;10,6
11 Cádiz;Industria;2026T1;10,6
11 Cádiz;Construcción;2026T2;7,3
11 Cádiz;Construcción;2026T1;7,2
11 Cádiz;Servicios;2026T2;70,2
11 Cádiz;Servicios;2026T1;68,4
11 Cádiz;Parados que buscan primer empleo o han dejado su último empleo hace más de 1 año;2026T2;8,7
11 Cádiz;Parados que buscan primer empleo o han dejado su último empleo hace más de 1 año;2026T1;10,3
39 Cantabria;Agricultura;2026T2;2,2
39 Cantabria;Agricultura;2026T1;2,3
39 Cantabria;Industria;2026T2;15,7
39 Cantabria;Industria;2026T1;15,1
39 Cantabria;Construcción;2026T2;8,6
39 Cantabria;Construcción;2026T1;7,6
39 Cantabria;Servicios;2026T2;70,8
39 Cantabria;Servicios;2026T1;71,4
39 Cantabria;Parados que buscan primer empleo o han dejado su último empleo hace más de 1 año;2026T2;2,7
39 Cantabria;Parados que buscan primer empleo o han dejado su último empleo hace más de 1 año;2026T1;3,5
12 Castellón/Castelló;Agricultura;2026T2;2,9
12 Castellón/Castelló;Agricultura;2026T1;2,9
12 Castellón/Castelló;Industria;2026T2;23
12 Castellón/Castelló;Industria;2026T1;20,6
12 Castellón/Castelló;Construcción;2026T2;8,3
12 Castellón/Castelló;Construcción;2026T1;8,1
12 Castellón/Castelló;Servicios;2026T2;62,4
12 Castellón/Castelló;Servicios;2026T1;62,8
12 Castellón/Castelló;Parados que buscan primer empleo o han dejado su último empleo hace más de 1 año;2026T2;3,4
12 Castellón/Castelló;Parados que buscan primer empleo o han dejado su último empleo hace más de 1 año;2026T1;5,5
13 Ciudad Real;Agricultura;2026T2;7,4
13 Ciudad Real;Agricultura;2026T1;8
13 Ciudad Real;Industria;2026T2;14
13 Ciudad Real;Industria;2026T1;14,2
13 Ciudad Real;Construcción;2026T2;9,1
13 Ciudad Real;Construcción;2026T1;8,9
13 Ciudad Real;Servicios;2026T2;63,4
13 Ciudad Real;Servicios;2026T1;62,4
13 Ciudad Real;Parados que buscan primer empleo o han dejado su último empleo hace más de 1 año;2026T2;6,2
13 Ciudad Real;Parados que buscan primer empleo o han dejado su último empleo hace más de 1 año;2026T1;6,5
14 Córdoba;Agricultura;2026T2;8,2
14 Córdoba;Agricultura;2026T1;10,5
14 Córdoba;Industria;2026T2;11,1
14 Córdoba;Industria;2026T1;12,5
14 Córdoba;Construcción;2026T2;6,3
14 Córdoba;Construcción;2026T1;4,4
14 Córdoba;Servicios;2026T2;68,2
14 Córdoba;Servicios;2026T1;64,3
14 Córdoba;Parados que buscan primer empleo o han dejado su último empleo hace más de 1 año;2026T2;6,1
14 Córdoba;Parados que buscan primer empleo o han dejado su último empleo hace más de 1 año;2026T1;8,3
15 Coruña, A;Agricultura;2026T2;3,4
15 Coruña, A;Agricultura;2026T1;3,7
15 Coruña, A;Industria;2026T2;13,5
15 Coruña, A;Industria;2026T1;13,8
15 Coruña, A;Construcción;2026T2;7,8
15 Coruña, A;Construcción;2026T1;7
15 Coruña, A;Servicios;2026T2;72,3
15 Coruña, A;Servicios;2026T1;72,2
15 Coruña, A;Parados que buscan primer empleo o han dejado su último empleo hace más de 1 año;2026T2;3,1
15 Coruña, A;Parados que buscan primer empleo o han dejado su último empleo hace más de 1 año;2026T1;3,4
16 Cuenca;Agricultura;2026T2;11,3
16 Cuenca;Agricultura;2026T1;11,2
16 Cuenca;Industria;2026T2;18,7
16 Cuenca;Industria;2026T1;16,2
16 Cuenca;Construcción;2026T2;8,7
16 Cuenca;Construcción;2026T1;6,7
16 Cuenca;Servicios;2026T2;56,2
16 Cuenca;Servicios;2026T1;58,7
16 Cuenca;Parados que buscan primer empleo o han dejado su último empleo hace más de 1 año;2026T2;5,1
16 Cuenca;Parados que buscan primer empleo o han dejado su último empleo hace más de 1 año;2026T1;7,2
20 Gipuzkoa;Agricultura;2026T2;2,4
20 Gipuzkoa;Agricultura;2026T1;1,2
20 Gipuzkoa;Industria;2026T2;20,8
20 Gipuzkoa;Industria;2026T1;18,2
20 Gipuzkoa;Construcción;2026T2;5,4
20 Gipuzkoa;Construcción;2026T1;6,3
20 Gipuzkoa;Servicios;2026T2;68,3
20 Gipuzkoa;Servicios;2026T1;70,3
20 Gipuzkoa;Parados que buscan primer empleo o han dejado su último empleo hace más de 1 año;2026T2;3,1
20 Gipuzkoa;Parados que buscan primer empleo o han dejado su último empleo hace más de 1 año;2026T1;3,9
17 Girona;Agricultura;2026T2;1,7
17 Girona;Agricultura;2026T1;1,4
17 Girona;Industria;2026T2;20,9
17 Girona;Industria;2026T1;19,4
17 Girona;Construcción;2026T2;7,5
17 Girona;Construcción;2026T1;7,5
17 Girona;Servicios;2026T2;66,1
17 Girona;Servicios;2026T1;68
17 Girona;Parados que buscan primer empleo o han dejado su último empleo hace más de 1 año;2026T2;3,8
17 Girona;Parados que buscan primer empleo o han dejado su último empleo hace más de 1 año;2026T1;3,6
18 Granada;Agricultura;2026T2;9,6
18 Granada;Agricultura;2026T1;10,7
18 Granada;Industria;2026T2;7,4
18 Granada;Industria;2026T1;7,5
18 Granada;Construcción;2026T2;6
18 Granada;Construcción;2026T1;6,2
18 Granada;Servicios;2026T2;68,8
18 Granada;Servicios;2026T1;68,9
18 Granada;Parados que buscan primer empleo o han dejado su último empleo hace más de 1 año;2026T2;8,2
18 Granada;Parados que buscan primer empleo o han dejado su último empleo hace más de 1 año;2026T1;6,7
19 Guadalajara;Agricultura;2026T2;1,8
19 Guadalajara;Agricultura;2026T1;1,5
19 Guadalajara;Industria;2026T2;13,9
19 Guadalajara;Industria;2026T1;14,6
19 Guadalajara;Construcción;2026T2;6,5
19 Guadalajara;Construcción;2026T1;6,3
19 Guadalajara;Servicios;2026T2;75
19 Guadalajara;Servicios;2026T1;74
19 Guadalajara;Parados que buscan primer empleo o han dejado su último empleo hace más de 1 año;2026T2;2,9
19 Guadalajara;Parados que buscan primer empleo o han dejado su último empleo hace más de 1 año;2026T1;3,6
21 Huelva;Agricultura;2026T2;19,5
21 Huelva;Agricultura;2026T1;18,8
21 Huelva;Industria;2026T2;9,5
21 Huelva;Industria;2026T1;10,2
21 Huelva;Construcción;2026T2;5,1
21 Huelva;Construcción;2026T1;4,4
21 Huelva;Servicios;2026T2;61,8
21 Huelva;Servicios;2026T1;62,7
21 Huelva;Parados que buscan primer empleo o han dejado su último empleo hace más de 1 año;2026T2;4,1
21 Huelva;Parados que buscan primer empleo o han dejado su último empleo hace más de 1 año;2026T1;4
22 Huesca;Agricultura;2026T2;14,6
22 Huesca;Agricultura;2026T1;13,7
22 Huesca;Industria;2026T2;15,9
22 Huesca;Industria;2026T1;15,7
22 Huesca;Construcción;2026T2;7,8
22 Huesca;Construcción;2026T1;6,5
22 Huesca;Servicios;2026T2;60,3
22 Huesca;Servicios;2026T1;62
22 Huesca;Parados que buscan primer empleo o han dejado su último empleo hace más de 1 año;2026T2;1,4
22 Huesca;Parados que buscan primer empleo o han dejado su último empleo hace más de 1 año;2026T1;2,1
23 Jaén;Agricultura;2026T2;11,4
23 Jaén;Agricultura;2026T1;18
23 Jaén;Industria;2026T2;11,1
23 Jaén;Industria;2026T1;11,7
23 Jaén;Construcción;2026T2;8,7
23 Jaén;Construcción;2026T1;7,6
23 Jaén;Servicios;2026T2;64,1
23 Jaén;Servicios;2026T1;58,1
23 Jaén;Parados que buscan primer empleo o han dejado su último empleo hace más de 1 año;2026T2;4,7
23 Jaén;Parados que buscan primer empleo o han dejado su último empleo hace más de 1 año;2026T1;4,7
24 León;Agricultura;2026T2;5,4
24 León;Agricultura;2026T1;4,6
24 León;Industria;2026T2;10,6
24 León;Industria;2026T1;9,4
24 León;Construcción;2026T2;6,1
24 León;Construcción;2026T1;6,5
24 León;Servicios;2026T2;73,1
24 León;Servicios;2026T1;74,3
24 León;Parados que buscan primer empleo o han dejado su último empleo hace más de 1 año;2026T2;4,7
24 León;Parados que buscan primer empleo o han dejado su último empleo hace más de 1 año;2026T1;5,2
25 Lleida;Agricultura;2026T2;10,7
25 Lleida;Agricultura;2026T1;10,6
25 Lleida;Industria;2026T2;14,3
25 Lleida;Industria;2026T1;14
25 Lleida;Construcción;2026T2;8,8
25 Lleida;Construcción;2026T1;10,8
25 Lleida;Servicios;2026T2;63,2
25 Lleida;Servicios;2026T1;62,4
25 Lleida;Parados que buscan primer empleo o han dejado su último empleo hace más de 1 año;2026T2;3
25 Lleida;Parados que buscan primer empleo o han dejado su último empleo hace más de 1 año;2026T1;2,1
27 Lugo;Agricultura;2026T2;15,1
27 Lugo;Agricultura;2026T1;13,3
27 Lugo;Industria;2026T2;15,9
27 Lugo;Industria;2026T1;15,7
27 Lugo;Construcción;2026T2;4,2
27 Lugo;Construcción;2026T1;5,1
27 Lugo;Servicios;2026T2;60,1
27 Lugo;Servicios;2026T1;61
27 Lugo;Parados que buscan primer empleo o han dejado su último empleo hace más de 1 año;2026T2;4,7
27 Lugo;Parados que buscan primer empleo o han dejado su último empleo hace más de 1 año;2026T1;5
28 Madrid;Agricultura;2026T2;0,2
28 Madrid;Agricultura;2026T1;0,1
28 Madrid;Industria;2026T2;7,8
28 Madrid;Industria;2026T1;8,5
28 Madrid;Construcción;2026T2;5,9
28 Madrid;Construcción;2026T1;5,9
28 Madrid;Servicios;2026T2;82,2
28 Madrid;Servicios;2026T1;81,9
28 Madrid;Parados que buscan primer empleo o han dejado su último empleo hace más de 1 año;2026T2;3,8
28 Madrid;Parados que buscan primer empleo o han dejado su último empleo hace más de 1 año;2026T1;3,7
29 Málaga;Agricultura;2026T2;2,2
29 Málaga;Agricultura;2026T1;2,4
29 Málaga;Industria;2026T2;4,9
29 Málaga;Industria;2026T1;4,7
29 Málaga;Construcción;2026T2;7,8
29 Málaga;Construcción;2026T1;7,2
29 Málaga;Servicios;2026T2;77,8
29 Málaga;Servicios;2026T1;79,5
29 Málaga;Parados que buscan primer empleo o han dejado su último empleo hace más de 1 año;2026T2;7,1
29 Málaga;Parados que buscan primer empleo o han dejado su último empleo hace más de 1 año;2026T1;6,2
30 Murcia;Agricultura;2026T2;10,7
30 Murcia;Agricultura;2026T1;10,9
30 Murcia;Industria;2026T2;12,2
30 Murcia;Industria;2026T1;11,8
30 Murcia;Construcción;2026T2;7,1
30 Murcia;Construcción;2026T1;6,6
30 Murcia;Servicios;2026T2;65,7
30 Murcia;Servicios;2026T1;66,9
30 Murcia;Parados que buscan primer empleo o han dejado su último empleo hace más de 1 año;2026T2;4,4
30 Murcia;Parados que buscan primer empleo o han dejado su último empleo hace más de 1 año;2026T1;3,9
31 Navarra;Agricultura;2026T2;2,9
31 Navarra;Agricultura;2026T1;3,2
31 Navarra;Industria;2026T2;27,2
31 Navarra;Industria;2026T1;26,6
31 Navarra;Construcción;2026T2;5,2
31 Navarra;Construcción;2026T1;5,7
31 Navarra;Servicios;2026T2;60,9
31 Navarra;Servicios;2026T1;61,2
31 Navarra;Parados que buscan primer empleo o han dejado su último empleo hace más de 1 año;2026T2;3,8
31 Navarra;Parados que buscan primer empleo o han dejado su último empleo hace más de 1 año;2026T1;3,3
32 Ourense;Agricultura;2026T2;4,6
32 Ourense;Agricultura;2026T1;4,9
32 Ourense;Industria;2026T2;15,1
32 Ourense;Industria;2026T1;17,6
32 Ourense;Construcción;2026T2;6,8
32 Ourense;Construcción;2026T1;6,5
32 Ourense;Servicios;2026T2;69,4
32 Ourense;Servicios;2026T1;68
32 Ourense;Parados que buscan primer empleo o han dejado su último empleo hace más de 1 año;2026T2;4,1
32 Ourense;Parados que buscan primer empleo o han dejado su último empleo hace más de 1 año;2026T1;3
34 Palencia;Agricultura;2026T2;5,4
34 Palencia;Agricultura;2026T1;3,5
34 Palencia;Industria;2026T2;22,4
34 Palencia;Industria;2026T1;23,6
34 Palencia;Construcción;2026T2;6,2
34 Palencia;Construcción;2026T1;5,9
34 Palencia;Servicios;2026T2;63
34 Palencia;Servicios;2026T1;65,4
34 Palencia;Parados que buscan primer empleo o han dejado su último empleo hace más de 1 año;2026T2;3
34 Palencia;Parados que buscan primer empleo o han dejado su último empleo hace más de 1 año;2026T1;1,7
35 Palmas, Las;Agricultura;2026T2;0,9
35 Palmas, Las;Agricultura;2026T1;0,7
35 Palmas, Las;Industria;2026T2;4,6
35 Palmas, Las;Industria;2026T1;4,6
35 Palmas, Las;Construcción;2026T2;5,8
35 Palmas, Las;Construcción;2026T1;6,1
35 Palmas, Las;Servicios;2026T2;81,6
35 Palmas, Las;Servicios;2026T1;81,1
35 Palmas, Las;Parados que buscan primer empleo o han dejado su último empleo hace más de 1 año;2026T2;7,1
35 Palmas, Las;Parados que buscan primer empleo o han dejado su último empleo hace más de 1 año;2026T1;7,6
36 Pontevedra;Agricultura;2026T2;4,5
36 Pontevedra;Agricultura;2026T1;4,9
36 Pontevedra;Industria;2026T2;16,2
36 Pontevedra;Industria;2026T1;16
36 Pontevedra;Construcción;2026T2;5,7
36 Pontevedra;Construcción;2026T1;6,9
36 Pontevedra;Servicios;2026T2;69,3
36 Pontevedra;Servicios;2026T1;68,2
36 Pontevedra;Parados que buscan primer empleo o han dejado su último empleo hace más de 1 año;2026T2;4,3
36 Pontevedra;Parados que buscan primer empleo o han dejado su último empleo hace más de 1 año;2026T1;4
26 Rioja, La;Agricultura;2026T2;4,2
26 Rioja, La;Agricultura;2026T1;4,7
26 Rioja, La;Industria;2026T2;26
26 Rioja, La;Industria;2026T1;27,2
26 Rioja, La;Construcción;2026T2;6,1
26 Rioja, La;Construcción;2026T1;5,7
26 Rioja, La;Servicios;2026T2;58,8
26 Rioja, La;Servicios;2026T1;58,4
26 Rioja, La;Parados que buscan primer empleo o han dejado su último empleo hace más de 1 año;2026T2;4,8
26 Rioja, La;Parados que buscan primer empleo o han dejado su último empleo hace más de 1 año;2026T1;4
37 Salamanca;Agricultura;2026T2;7,8
37 Salamanca;Agricultura;2026T1;5,4
37 Salamanca;Industria;2026T2;10,5
37 Salamanca;Industria;2026T1;10,1
37 Salamanca;Construcción;2026T2;5
37 Salamanca;Construcción;2026T1;5,4
37 Salamanca;Servicios;2026T2;73
37 Salamanca;Servicios;2026T1;73,9
37 Salamanca;Parados que buscan primer empleo o han dejado su último empleo hace más de 1 año;2026T2;3,7
37 Salamanca;Parados que buscan primer empleo o han dejado su último empleo hace más de 1 año;2026T1;5,1
38 Santa Cruz de Tenerife;Agricultura;2026T2;2,2
38 Santa Cruz de Tenerife;Agricultura;2026T1;1,9
38 Santa Cruz de Tenerife;Industria;2026T2;4,1
38 Santa Cruz de Tenerife;Industria;2026T1;5,1
38 Santa Cruz de Tenerife;Construcción;2026T2;6
38 Santa Cruz de Tenerife;Construcción;2026T1;5
38 Santa Cruz de Tenerife;Servicios;2026T2;82
38 Santa Cruz de Tenerife;Servicios;2026T1;83,4
38 Santa Cruz de Tenerife;Parados que buscan primer empleo o han dejado su último empleo hace más de 1 año;2026T2;5,8
38 Santa Cruz de Tenerife;Parados que buscan primer empleo o han dejado su último empleo hace más de 1 año;2026T1;4,5
40 Segovia;Agricultura;2026T2;7,4
40 Segovia;Agricultura;2026T1;8,9
40 Segovia;Industria;2026T2;18,9
40 Segovia;Industria;2026T1;19,5
40 Segovia;Construcción;2026T2;6,5
40 Segovia;Construcción;2026T1;5,2
40 Segovia;Servicios;2026T2;63,9
40 Segovia;Servicios;2026T1;64,9
40 Segovia;Parados que buscan primer empleo o han dejado su último empleo hace más de 1 año;2026T2;3,3
40 Segovia;Parados que buscan primer empleo o han dejado su último empleo hace más de 1 año;2026T1;1,5
41 Sevilla;Agricultura;2026T2;4,8
41 Sevilla;Agricultura;2026T1;4,2
41 Sevilla;Industria;2026T2;8,8
41 Sevilla;Industria;2026T1;9,5
41 Sevilla;Construcción;2026T2;7,7
41 Sevilla;Construcción;2026T1;7,7
41 Sevilla;Servicios;2026T2;72,4
41 Sevilla;Servicios;2026T1;73,5
41 Sevilla;Parados que buscan primer empleo o han dejado su último empleo hace más de 1 año;2026T2;6,2
41 Sevilla;Parados que buscan primer empleo o han dejado su último empleo hace más de 1 año;2026T1;5,1
42 Soria;Agricultura;2026T2;7,3
42 Soria;Agricultura;2026T1;6,2
42 Soria;Industria;2026T2;16,3
42 Soria;Industria;2026T1;19,6
42 Soria;Construcción;2026T2;9,8
42 Soria;Construcción;2026T1;8,3
42 Soria;Servicios;2026T2;63
42 Soria;Servicios;2026T1;62,8
42 Soria;Parados que buscan primer empleo o han dejado su último empleo hace más de 1 año;2026T2;3,6
42 Soria;Parados que buscan primer empleo o han dejado su último empleo hace más de 1 año;2026T1;3,1
43 Tarragona;Agricultura;2026T2;2,3
43 Tarragona;Agricultura;2026T1;5,1
43 Tarragona;Industria;2026T2;16
43 Tarragona;Industria;2026T1;15,3
43 Tarragona;Construcción;2026T2;8,7
43 Tarragona;Construcción;2026T1;9,9
43 Tarragona;Servicios;2026T2;68,3
43 Tarragona;Servicios;2026T1;64,5
43 Tarragona;Parados que buscan primer empleo o han dejado su último empleo hace más de 1 año;2026T2;4,7
43 Tarragona;Parados que buscan primer empleo o han dejado su último empleo hace más de 1 año;2026T1;5,3
44 Teruel;Agricultura;2026T2;12,5
44 Teruel;Agricultura;2026T1;10,3
44 Teruel;Industria;2026T2;17
44 Teruel;Industria;2026T1;19,3
44 Teruel;Construcción;2026T2;7,9
44 Teruel;Construcción;2026T1;7,1
44 Teruel;Servicios;2026T2;60,2
44 Teruel;Servicios;2026T1;60,9
44 Teruel;Parados que buscan primer empleo o han dejado su último empleo hace más de 1 año;2026T2;2,3
44 Teruel;Parados que buscan primer empleo o han dejado su último empleo hace más de 1 año;2026T1;2,4
45 Toledo;Agricultura;2026T2;3,9
45 Toledo;Agricultura;2026T1;3,4
45 Toledo;Industria;2026T2;16,9
45 Toledo;Industria;2026T1;17,3
45 Toledo;Construcción;2026T2;10,6
45 Toledo;Construcción;2026T1;9,7
45 Toledo;Servicios;2026T2;61,6
45 Toledo;Servicios;2026T1;62,4
45 Toledo;Parados que buscan primer empleo o han dejado su último empleo hace más de 1 año;2026T2;7
45 Toledo;Parados que buscan primer empleo o han dejado su último empleo hace más de 1 año;2026T1;7,1
46 Valencia/València;Agricultura;2026T2;1,7
46 Valencia/València;Agricultura;2026T1;1,9
46 Valencia/València;Industria;2026T2;16,4
46 Valencia/València;Industria;2026T1;15,5
46 Valencia/València;Construcción;2026T2;7,6
46 Valencia/València;Construcción;2026T1;6,3
46 Valencia/València;Servicios;2026T2;69,5
46 Valencia/València;Servicios;2026T1;71
46 Valencia/València;Parados que buscan primer empleo o han dejado su último empleo hace más de 1 año;2026T2;4,8
46 Valencia/València;Parados que buscan primer empleo o han dejado su último empleo hace más de 1 año;2026T1;5,2
47 Valladolid;Agricultura;2026T2;3,5
47 Valladolid;Agricultura;2026T1;3,6
47 Valladolid;Industria;2026T2;15,8
47 Valladolid;Industria;2026T1;16,2
47 Valladolid;Construcción;2026T2;6,4
47 Valladolid;Construcción;2026T1;7,2
47 Valladolid;Servicios;2026T2;70,7
47 Valladolid;Servicios;2026T1;68,2
47 Valladolid;Parados que buscan primer empleo o han dejado su último empleo hace más de 1 año;2026T2;3,5
47 Valladolid;Parados que buscan primer empleo o han dejado su último empleo hace más de 1 año;2026T1;4,9
49 Zamora;Agricultura;2026T2;9,4
49 Zamora;Agricultura;2026T1;8,4
49 Zamora;Industria;2026T2;10,8
49 Zamora;Industria;2026T1;12,7
49 Zamora;Construcción;2026T2;5,8
49 Zamora;Construcción;2026T1;7,1
49 Zamora;Servicios;2026T2;66,6
49 Zamora;Servicios;2026T1;65,5
49 Zamora;Parados que buscan primer empleo o han dejado su último empleo hace más de 1 año;2026T2;7,4
49 Zamora;Parados que buscan primer empleo o han dejado su último empleo hace más de 1 año;2026T1;6,4
50 Zaragoza;Agricultura;2026T2;3,8
50 Zaragoza;Agricultura;2026T1;2,9
50 Zaragoza;Industria;2026T2;19,8
50 Zaragoza;Industria;2026T1;18,3
50 Zaragoza;Construcción;2026T2;6,4
50 Zaragoza;Construcción;2026T1;6,5
50 Zaragoza;Servicios;2026T2;66
50 Zaragoza;Servicios;2026T1;68,1
50 Zaragoza;Parados que buscan primer empleo o han dejado su último empleo hace más de 1 año;2026T2;4
50 Zaragoza;Parados que buscan primer empleo o han dejado su último empleo hace más de 1 año;2026T1;4,2
51 Ceuta;Agricultura;2026T2;0,9
51 Ceuta;Agricultura;2026T1;1,6
51 Ceuta;Industria;2026T2;2,4
51 Ceuta;Industria;2026T1;3,8
51 Ceuta;Construcción;2026T2;3,3
51 Ceuta;Construcción;2026T1;3,9
51 Ceuta;Servicios;2026T2;77,9
51 Ceuta;Servicios;2026T1;71,4
51 Ceuta;Parados que buscan primer empleo o han dejado su último empleo hace más de 1 año;2026T2;15,5
51 Ceuta;Parados que buscan primer empleo o han dejado su último empleo hace más de 1 año;2026T1;19,3
52 Melilla;Agricultura;2026T2;..
52 Melilla;Agricultura;2026T1;..
52 Melilla;Industria;2026T2;2,2
52 Melilla;Industria;2026T1;2,8
52 Melilla;Construcción;2026T2;4
52 Melilla;Construcción;2026T1;3
52 Melilla;Servicios;2026T2;78,8
52 Melilla;Servicios;2026T1;78,7
52 Melilla;Parados que buscan primer empleo o han dejado su último empleo hace más de 1 año;2026T2;15
52 Melilla;Parados que buscan primer empleo o han dejado su último empleo hace más de 1 año;2026T1;15,5
