vendedor_id,pais,nivel,ventas,rating,valoraciones,devoluciones
SELLER00000,Alemania,Nuevo,92,96.7,46,5
SELLER00001,EEUU,Estandar,105,96.4,74,9
SELLER00002,China,Destacado,817,98.9,605,75
SELLER00003,Reino Unido,Destacado,670,98.5,476,31
SELLER00004,EEUU,Nuevo,164,95.3,106,7
SELLER00005,China,PowerSeller,1032,100.0,624,25
SELLER00006,China,PowerSeller,1411,97.9,964,21
SELLER00007,EEUU,Estandar,124,98.0,68,6
SELLER00008,Espana,Estandar,29,96.1,21,2
SELLER00009,China,Top Rated,769,99.1,515,28
SELLER00010,EEUU,PowerSeller,1357,98.6,921,43
SELLER00011,Alemania,Destacado,577,98.4,354,40
SELLER00012,Espana,Nuevo,55,93.1,41,3
SELLER00013,Alemania,Estandar,145,97.5,72,14
SELLER00014,Reino Unido,Destacado,167,97.9,92,12
SELLER00015,Reino Unido,Nuevo,54,96.3,38,4
SELLER00016,China,Estandar,157,97.6,93,8
SELLER00017,Australia,Destacado,1108,98.5,837,85
SELLER00018,China,Estandar,273,94.6,147,13
SELLER00019,EEUU,PowerSeller,1036,97.5,567,21
SELLER00020,Alemania,PowerSeller,1110,99.2,838,39
SELLER00021,Francia,Estandar,541,97.2,316,35
SELLER00022,EEUU,PowerSeller,662,97.9,401,9
SELLER00023,Australia,Nuevo,42,96.9,22,2
SELLER00024,Australia,PowerSeller,2641,98.5,1348,82
SELLER00025,EEUU,Nuevo,113,97.1,74,6
SELLER00026,Australia,Nuevo,39,97.5,17,2
SELLER00027,Reino Unido,Destacado,1342,98.3,1008,67
SELLER00028,Francia,Estandar,153,97.7,108,12
SELLER00029,Alemania,Top Rated,1120,98.8,533,41
SELLER00030,Alemania,Estandar,56,98.1,37,2
SELLER00031,China,Estandar,72,97.3,46,3
SELLER00032,Italia,Destacado,914,97.6,433,69
SELLER00033,EEUU,Estandar,181,95.5,92,14
SELLER00034,China,Estandar,197,96.4,111,15
SELLER00035,EEUU,Destacado,1108,96.7,753,86
SELLER00036,Reino Unido,PowerSeller,1347,99.7,882,37
SELLER00037,Reino Unido,PowerSeller,338,100.0,207,7
SELLER00038,Alemania,Top Rated,3263,100.0,2308,61
SELLER00039,Reino Unido,Estandar,404,100.0,284,16
SELLER00040,EEUU,Destacado,423,97.4,273,33
SELLER00041,EEUU,Estandar,61,97.7,43,2
SELLER00042,EEUU,Destacado,616,96.6,328,58
SELLER00043,Alemania,Estandar,87,96.8,65,7
SELLER00044,Australia,Top Rated,1199,97.7,774,20
SELLER00045,EEUU,Destacado,404,98.7,294,37
SELLER00046,Australia,Top Rated,683,99.1,422,23
SELLER00047,Espana,PowerSeller,2284,96.3,1113,56
SELLER00048,China,Top Rated,847,98.7,522,16
SELLER00049,China,PowerSeller,2188,100.0,1199,28
SELLER00050,Italia,Estandar,219,97.5,148,18
SELLER00051,EEUU,Estandar,53,97.9,31,1
SELLER00052,Alemania,Estandar,184,97.2,135,18
SELLER00053,Espana,Nuevo,162,95.8,108,12
SELLER00054,China,Destacado,415,98.0,279,34
SELLER00055,Italia,Destacado,259,98.3,126,12
SELLER00056,EEUU,Destacado,912,96.7,723,70
SELLER00057,Espana,Top Rated,737,100.0,542,19
SELLER00058,China,Top Rated,1169,100.0,836,19
SELLER00059,Reino Unido,Nuevo,65,95.8,34,2
SELLER00060,Reino Unido,Estandar,162,96.4,99,12
SELLER00061,China,Estandar,211,96.1,95,9
SELLER00062,Francia,Estandar,175,99.1,107,6
SELLER00063,Alemania,PowerSeller,425,98.3,194,10
SELLER00064,Italia,Destacado,348,98.8,216,14
SELLER00065,Alemania,Destacado,678,97.8,447,54
SELLER00066,EEUU,PowerSeller,2161,98.5,1201,50
SELLER00067,EEUU,PowerSeller,311,97.9,186,11
SELLER00068,EEUU,Nuevo,27,94.8,20,1
SELLER00069,Reino Unido,Destacado,753,98.9,333,37
SELLER00070,Reino Unido,Estandar,613,95.8,439,34
SELLER00071,Espana,Estandar,124,97.6,58,10
SELLER00072,Espana,Nuevo,30,96.1,12,1
SELLER00073,EEUU,Estandar,432,97.9,204,15
SELLER00074,EEUU,Estandar,420,96.3,296,22
SELLER00075,Reino Unido,Estandar,20,98.3,11,1
SELLER00076,China,Destacado,83,97.8,62,5
SELLER00077,EEUU,PowerSeller,360,100.0,219,13
SELLER00078,EEUU,Estandar,332,95.1,135,28
SELLER00079,Australia,Nuevo,66,98.9,45,2
SELLER00080,Italia,PowerSeller,1113,98.6,494,29
SELLER00081,EEUU,Nuevo,174,96.3,124,9
SELLER00082,Alemania,Top Rated,828,98.8,386,15
SELLER00083,Reino Unido,Destacado,602,96.1,323,58
SELLER00084,Italia,Estandar,339,96.4,238,22
SELLER00085,Alemania,Estandar,138,96.6,107,13
SELLER00086,EEUU,Nuevo,29,96.2,15,1
SELLER00087,Espana,Estandar,415,98.3,303,13
SELLER00088,Reino Unido,Nuevo,84,96.2,40,3
SELLER00089,Reino Unido,Destacado,119,98.2,86,6
SELLER00090,Reino Unido,Nuevo,174,96.5,115,9
SELLER00091,Alemania,Destacado,644,95.9,307,23
SELLER00092,Reino Unido,Destacado,839,96.0,437,50
SELLER00093,EEUU,Estandar,220,95.2,99,11
SELLER00094,Reino Unido,Nuevo,36,95.6,19,1
SELLER00095,EEUU,Nuevo,78,93.8,37,3
SELLER00096,Italia,Nuevo,151,95.2,99,13
SELLER00097,EEUU,Destacado,374,96.4,298,19
SELLER00098,EEUU,Estandar,85,97.6,34,6
SELLER00099,China,PowerSeller,4312,99.3,2657,119
SELLER00100,Italia,Estandar,229,96.6,144,13
SELLER00101,Italia,Estandar,231,94.7,176,10
SELLER00102,Alemania,Destacado,390,97.7,234,21
SELLER00103,EEUU,Destacado,597,98.4,368,42
SELLER00104,Espana,Estandar,359,98.0,211,19
SELLER00105,Espana,Nuevo,103,98.1,52,4
SELLER00106,EEUU,Destacado,986,99.3,416,37
SELLER00107,Francia,Estandar,233,97.2,131,21
SELLER00108,EEUU,Estandar,161,96.7,67,9
SELLER00109,Australia,Destacado,999,97.1,619,73
SELLER00110,Francia,Estandar,484,98.6,253,31
SELLER00111,Espana,Destacado,369,98.2,226,33
SELLER00112,Australia,Destacado,202,98.8,91,13
SELLER00113,Espana,Destacado,463,97.3,357,29
SELLER00114,EEUU,Destacado,223,96.5,168,21
SELLER00115,Alemania,Destacado,427,97.5,203,34
SELLER00116,EEUU,Destacado,632,97.6,339,23
SELLER00117,Reino Unido,PowerSeller,392,99.0,252,8
SELLER00118,Espana,Estandar,194,96.1,85,16
SELLER00119,Reino Unido,Estandar,206,97.0,111,18
SELLER00120,Reino Unido,PowerSeller,1736,100.0,868,55
SELLER00121,China,Destacado,1159,96.0,888,79
SELLER00122,Francia,Nuevo,53,93.5,39,3
SELLER00123,EEUU,PowerSeller,3246,100.0,2051,91
SELLER00124,Reino Unido,Nuevo,110,94.2,66,8
SELLER00125,EEUU,Destacado,341,97.5,263,12
SELLER00126,Espana,PowerSeller,720,99.5,556,9
SELLER00127,EEUU,Top Rated,1042,99.4,820,23
SELLER00128,China,Nuevo,45,95.9,20,3
SELLER00129,Reino Unido,Destacado,1049,98.1,486,54
SELLER00130,EEUU,Estandar,353,100.0,236,14
SELLER00131,Australia,Estandar,167,99.1,102,9
SELLER00132,EEUU,Nuevo,38,95.2,15,2
SELLER00133,Alemania,Destacado,968,99.3,411,71
SELLER00134,EEUU,Estandar,226,97.6,170,12
SELLER00135,Alemania,Nuevo,25,96.0,18,1
SELLER00136,Alemania,Destacado,42,96.9,22,3
SELLER00137,Reino Unido,Destacado,400,98.5,302,12
SELLER00138,EEUU,PowerSeller,1130,98.4,720,25
SELLER00139,Reino Unido,Top Rated,2089,99.0,1509,77
SELLER00140,China,Estandar,522,96.1,298,35
SELLER00141,Italia,Top Rated,328,100.0,146,5
SELLER00142,China,PowerSeller,1063,97.9,609,40
SELLER00143,China,Estandar,195,96.1,113,19
SELLER00144,EEUU,Nuevo,29,96.9,17,0
SELLER00145,Reino Unido,Estandar,381,96.8,168,24
SELLER00146,EEUU,Estandar,167,96.9,133,6
SELLER00147,EEUU,Destacado,451,99.2,224,18
SELLER00148,EEUU,Destacado,247,99.6,118,14
SELLER00149,Alemania,Destacado,520,95.4,317,21
SELLER00150,China,Destacado,690,97.8,424,67
SELLER00151,Australia,Nuevo,74,94.3,42,7
SELLER00152,EEUU,PowerSeller,654,98.3,463,11
SELLER00153,China,Estandar,313,97.0,189,23
SELLER00154,Italia,Top Rated,2340,99.1,1506,92
SELLER00155,China,Nuevo,97,94.8,66,8
SELLER00156,EEUU,Top Rated,2748,98.2,1126,58
SELLER00157,Reino Unido,Nuevo,48,96.9,30,1
SELLER00158,EEUU,Estandar,127,98.8,95,10
SELLER00159,Reino Unido,Nuevo,37,93.5,15,3
SELLER00160,Espana,Destacado,185,97.6,103,12
SELLER00161,EEUU,PowerSeller,587,99.7,452,18
SELLER00162,EEUU,Estandar,137,97.0,74,12
SELLER00163,Espana,Top Rated,810,98.2,472,21
SELLER00164,Italia,Destacado,447,97.4,354,32
SELLER00165,Alemania,Destacado,138,98.4,66,13
SELLER00166,Espana,PowerSeller,1749,98.4,745,20
SELLER00167,Reino Unido,Estandar,180,96.9,133,9
SELLER00168,EEUU,Estandar,241,97.0,180,10
SELLER00169,Reino Unido,Top Rated,612,98.9,360,9
SELLER00170,China,Top Rated,1455,100.0,881,50
SELLER00171,Australia,Top Rated,2082,98.9,1528,77
SELLER00172,EEUU,Top Rated,1638,98.3,1139,56
SELLER00173,Alemania,Nuevo,138,98.7,69,11
SELLER00174,Reino Unido,PowerSeller,1163,98.7,473,32
SELLER00175,Alemania,Estandar,57,93.9,33,1
SELLER00176,EEUU,Top Rated,1046,100.0,777,20
SELLER00177,Reino Unido,Estandar,77,98.5,58,6
SELLER00178,Italia,Destacado,843,98.5,659,57
SELLER00179,China,Destacado,460,98.8,345,35
SELLER00180,Alemania,Estandar,430,99.6,271,37
SELLER00181,Reino Unido,Nuevo,20,94.8,11,1
SELLER00182,Reino Unido,PowerSeller,689,99.0,489,23
SELLER00183,Reino Unido,PowerSeller,1176,100.0,818,44
SELLER00184,Italia,Nuevo,41,98.6,25,2
SELLER00185,Australia,PowerSeller,275,98.4,119,4
SELLER00186,Alemania,Destacado,1144,100.0,881,63
SELLER00187,Reino Unido,Estandar,377,98.0,219,21
SELLER00188,Francia,Estandar,123,98.8,67,10
SELLER00189,Alemania,PowerSeller,998,99.7,650,25
SELLER00190,China,Destacado,189,98.4,126,11
SELLER00191,EEUU,Destacado,316,100.0,153,23
SELLER00192,Espana,Destacado,131,97.4,96,4
SELLER00193,China,Nuevo,226,98.3,116,9
SELLER00194,Italia,Estandar,215,99.5,102,15
SELLER00195,Italia,Nuevo,48,97.6,27,3
SELLER00196,EEUU,Estandar,43,96.9,29,3
SELLER00197,Espana,Destacado,372,98.3,292,21
SELLER00198,Italia,Top Rated,1037,98.0,750,14
SELLER00199,Reino Unido,Estandar,106,96.5,82,8
SELLER00200,EEUU,Estandar,147,97.7,67,14
SELLER00201,EEUU,Destacado,157,96.3,67,7
SELLER00202,Alemania,PowerSeller,1895,98.4,1180,43
SELLER00203,Reino Unido,Destacado,869,100.0,448,62
SELLER00204,China,PowerSeller,2124,98.6,1553,24
SELLER00205,EEUU,Destacado,88,99.2,58,3
SELLER00206,Francia,PowerSeller,3034,99.5,2391,80
SELLER00207,EEUU,Nuevo,61,95.6,30,3
SELLER00208,EEUU,Estandar,57,96.8,33,3
SELLER00209,Alemania,Estandar,74,97.2,44,3
SELLER00210,Alemania,Destacado,442,95.5,219,14
SELLER00211,EEUU,Top Rated,1888,100.0,1200,18
SELLER00212,Reino Unido,PowerSeller,574,98.7,331,20
SELLER00213,EEUU,Nuevo,45,97.2,26,1
SELLER00214,Espana,Nuevo,40,96.5,21,2
SELLER00215,Italia,Estandar,333,96.8,135,11
SELLER00216,Alemania,Estandar,103,97.2,62,9
SELLER00217,Espana,Destacado,237,98.2,126,16
SELLER00218,Espana,Top Rated,4932,100.0,1975,59
SELLER00219,EEUU,Top Rated,617,99.6,322,20
SELLER00220,Australia,Destacado,142,98.3,72,13
SELLER00221,Italia,PowerSeller,893,97.3,497,33
SELLER00222,EEUU,Destacado,289,97.9,130,20
SELLER00223,EEUU,Estandar,211,98.7,127,13
SELLER00224,EEUU,Destacado,835,98.5,565,67
SELLER00225,EEUU,Destacado,399,96.7,260,27
SELLER00226,Espana,Destacado,518,96.8,373,25
SELLER00227,Alemania,Estandar,382,96.1,221,15
SELLER00228,Italia,Estandar,237,98.2,144,17
SELLER00229,Espana,Estandar,124,98.1,89,7
SELLER00230,China,Top Rated,2861,95.4,1633,60
SELLER00231,Espana,Estandar,265,96.9,180,15
SELLER00232,EEUU,PowerSeller,2557,99.0,1467,53
SELLER00233,Reino Unido,PowerSeller,2070,97.6,1173,36
SELLER00234,China,Estandar,124,96.5,87,4
SELLER00235,EEUU,Destacado,484,99.6,227,26
SELLER00236,EEUU,PowerSeller,816,99.3,436,18
SELLER00237,Francia,Estandar,38,96.4,18,2
SELLER00238,Espana,Top Rated,598,99.3,325,18
SELLER00239,Reino Unido,Estandar,666,96.7,327,59
SELLER00240,Espana,Nuevo,27,96.3,17,1
SELLER00241,Italia,PowerSeller,582,97.1,418,14
SELLER00242,Reino Unido,PowerSeller,625,98.0,446,20
SELLER00243,EEUU,Top Rated,1159,100.0,632,33
SELLER00244,Australia,Destacado,324,97.9,257,17
SELLER00245,Reino Unido,Top Rated,4237,98.5,2701,54
SELLER00246,EEUU,PowerSeller,398,97.8,222,4
SELLER00247,Alemania,PowerSeller,87,99.7,63,2
SELLER00248,Italia,Destacado,463,97.4,320,14
SELLER00249,EEUU,Estandar,253,97.6,177,14
SELLER00250,Reino Unido,Top Rated,2328,98.7,1113,50
SELLER00251,EEUU,Estandar,592,95.6,347,53
SELLER00252,Australia,Destacado,260,98.3,193,17
SELLER00253,EEUU,Estandar,7,96.9,4,0
SELLER00254,China,Destacado,226,98.8,152,6
SELLER00255,Australia,Estandar,60,98.1,38,2
SELLER00256,EEUU,Nuevo,93,95.6,68,2
SELLER00257,Australia,PowerSeller,1200,99.2,616,15
SELLER00258,Australia,Estandar,261,96.5,164,10
SELLER00259,Francia,Destacado,457,98.8,205,41
SELLER00260,EEUU,Nuevo,49,96.3,33,3
SELLER00261,China,Nuevo,34,95.3,23,1
SELLER00262,Italia,Estandar,220,96.2,91,9
SELLER00263,Australia,Destacado,687,98.3,460,50
SELLER00264,EEUU,Nuevo,42,97.4,23,3
SELLER00265,Italia,Top Rated,668,100.0,300,17
SELLER00266,Reino Unido,Estandar,195,95.9,110,10
SELLER00267,EEUU,Estandar,132,96.0,63,9
SELLER00268,Alemania,Nuevo,133,95.2,75,6
SELLER00269,Italia,Nuevo,124,95.3,68,12
SELLER00270,Alemania,PowerSeller,1359,96.6,944,50
SELLER00271,China,PowerSeller,945,99.7,670,37
SELLER00272,Australia,Destacado,729,97.5,468,43
SELLER00273,Reino Unido,Nuevo,46,96.6,18,3
SELLER00274,China,Estandar,363,96.6,280,19
SELLER00275,Reino Unido,Estandar,408,97.0,275,13
SELLER00276,Reino Unido,Top Rated,1326,98.7,548,52
SELLER00277,Espana,Estandar,149,97.0,108,14
SELLER00278,Australia,Destacado,555,97.0,266,40
SELLER00279,China,Estandar,77,97.0,48,2
SELLER00280,Italia,Estandar,266,98.7,156,24
SELLER00281,EEUU,Estandar,191,97.6,108,9
SELLER00282,EEUU,Nuevo,121,96.3,91,5
SELLER00283,Alemania,PowerSeller,941,97.2,541,16
SELLER00284,EEUU,Estandar,179,97.7,76,12
SELLER00285,EEUU,Destacado,97,98.8,75,6
SELLER00286,Alemania,Nuevo,105,96.3,80,6
SELLER00287,EEUU,Top Rated,1941,99.8,1307,65
SELLER00288,Reino Unido,Nuevo,59,95.8,34,3
SELLER00289,Alemania,PowerSeller,845,99.6,369,13
SELLER00290,China,PowerSeller,792,100.0,567,27
SELLER00291,Australia,Top Rated,1331,99.9,572,19
SELLER00292,China,Estandar,339,95.8,144,25
SELLER00293,Alemania,Destacado,796,96.9,489,61
SELLER00294,Australia,Estandar,153,97.9,70,9
SELLER00295,Italia,Nuevo,39,94.8,15,2
SELLER00296,EEUU,Estandar,232,97.2,132,8
SELLER00297,EEUU,Nuevo,59,95.6,26,5
SELLER00298,China,Top Rated,813,98.2,377,14
SELLER00299,China,Nuevo,64,97.0,27,2
SELLER00300,Italia,Destacado,636,98.8,306,44
SELLER00301,Espana,Destacado,86,96.4,59,7
SELLER00302,China,Destacado,1704,98.6,1232,60
SELLER00303,Australia,Destacado,1047,98.4,608,98
SELLER00304,China,Nuevo,35,97.0,21,3
SELLER00305,EEUU,Destacado,99,98.2,40,7
SELLER00306,Italia,Estandar,244,98.7,104,15
SELLER00307,EEUU,Top Rated,2144,99.3,1078,28
SELLER00308,Italia,PowerSeller,294,98.5,181,3
SELLER00309,Australia,Top Rated,4418,98.3,3074,124
SELLER00310,Espana,Nuevo,50,94.9,32,4
SELLER00311,China,Estandar,133,95.8,74,12
SELLER00312,Alemania,Nuevo,35,96.3,15,3
SELLER00313,Reino Unido,Nuevo,118,95.7,84,5
SELLER00314,Reino Unido,Estandar,358,97.4,195,16
SELLER00315,China,Destacado,186,96.5,129,9
SELLER00316,Espana,Estandar,175,96.0,105,10
SELLER00317,China,Destacado,613,97.0,426,31
SELLER00318,EEUU,PowerSeller,2310,100.0,1762,83
SELLER00319,Alemania,Destacado,237,97.8,182,17
SELLER00320,Italia,Estandar,144,96.9,88,12
SELLER00321,Alemania,Estandar,24,96.9,14,1
SELLER00322,China,Estandar,185,98.9,93,16
SELLER00323,Italia,Nuevo,97,94.1,75,3
SELLER00324,China,Destacado,332,97.9,193,11
SELLER00325,Alemania,Estandar,207,95.1,93,17
SELLER00326,Francia,PowerSeller,609,95.9,349,7
SELLER00327,EEUU,PowerSeller,1042,97.9,469,33
SELLER00328,Australia,Destacado,857,98.5,515,28
SELLER00329,EEUU,Estandar,50,96.0,31,2
SELLER00330,EEUU,Estandar,35,97.5,18,2
SELLER00331,Francia,PowerSeller,1229,98.9,526,41
SELLER00332,EEUU,Estandar,260,96.8,202,24
SELLER00333,Espana,Estandar,411,98.5,291,26
SELLER00334,Italia,Nuevo,88,95.3,64,6
SELLER00335,Francia,Nuevo,101,96.5,55,8
SELLER00336,Australia,PowerSeller,542,96.6,381,19
SELLER00337,Reino Unido,Estandar,390,97.1,231,25
SELLER00338,Espana,Destacado,276,97.7,132,25
SELLER00339,EEUU,Estandar,35,95.6,15,2
SELLER00340,Alemania,Destacado,199,98.5,107,18
SELLER00341,Francia,PowerSeller,1767,97.9,804,20
SELLER00342,Reino Unido,PowerSeller,897,100.0,716,24
SELLER00343,China,Estandar,100,94.1,41,8
SELLER00344,Alemania,Nuevo,37,96.3,21,1
SELLER00345,China,Estandar,459,97.1,266,39
SELLER00346,Australia,Destacado,404,97.7,210,17
SELLER00347,EEUU,Destacado,600,97.4,377,51
SELLER00348,China,Destacado,1872,98.1,861,136
SELLER00349,Francia,Nuevo,36,97.3,25,1
SELLER00350,Alemania,Destacado,1063,96.0,566,67
SELLER00351,EEUU,Nuevo,37,95.0,23,2
SELLER00352,China,PowerSeller,1175,97.5,806,22
SELLER00353,Reino Unido,Estandar,417,95.7,315,24
SELLER00354,EEUU,Destacado,430,98.4,315,39
SELLER00355,Francia,Nuevo,20,96.7,12,1
SELLER00356,Alemania,Estandar,139,98.3,77,9
SELLER00357,Australia,Destacado,99,98.7,59,3
SELLER00358,Italia,Estandar,383,97.8,270,36
SELLER00359,Espana,PowerSeller,2755,97.1,2069,76
SELLER00360,EEUU,Destacado,404,99.8,178,27
SELLER00361,Alemania,Destacado,253,97.7,140,21
SELLER00362,EEUU,Estandar,349,98.2,247,15
SELLER00363,Francia,Estandar,748,95.3,428,50
SELLER00364,EEUU,Destacado,934,97.7,497,43
SELLER00365,Reino Unido,Estandar,254,98.1,143,21
SELLER00366,Alemania,Destacado,127,98.0,81,8
SELLER00367,Reino Unido,Estandar,53,96.1,42,4
SELLER00368,EEUU,Estandar,176,98.6,105,16
SELLER00369,China,Estandar,210,95.6,101,15
SELLER00370,EEUU,Nuevo,52,96.0,24,4
SELLER00371,EEUU,Estandar,127,97.8,52,8
SELLER00372,Reino Unido,Destacado,251,100.0,156,14
SELLER00373,Espana,PowerSeller,832,98.2,514,12
SELLER00374,China,Estandar,236,96.7,113,22
SELLER00375,Alemania,Top Rated,6287,99.0,4263,76
SELLER00376,China,Destacado,84,98.3,58,4
SELLER00377,Reino Unido,Top Rated,2570,100.0,1294,28
SELLER00378,Australia,Destacado,308,99.3,165,18
SELLER00379,EEUU,Destacado,229,98.9,182,8
SELLER00380,China,Nuevo,49,95.4,26,3
SELLER00381,Francia,Estandar,251,98.0,176,16
SELLER00382,Italia,Nuevo,10,96.1,5,0
SELLER00383,EEUU,Destacado,931,98.9,667,51
SELLER00384,Reino Unido,Estandar,243,98.0,171,17
SELLER00385,Espana,PowerSeller,937,100.0,625,23
SELLER00386,EEUU,Estandar,139,96.6,103,13
SELLER00387,Italia,PowerSeller,15,98.1,11,0
SELLER00388,Espana,Nuevo,43,96.5,27,1
SELLER00389,Espana,Nuevo,56,97.4,27,5
SELLER00390,EEUU,Estandar,534,97.1,298,42
SELLER00391,Espana,Estandar,189,98.5,132,10
SELLER00392,China,Estandar,216,97.8,142,8
SELLER00393,Italia,PowerSeller,455,98.6,214,13
SELLER00394,EEUU,Nuevo,60,96.7,25,2
SELLER00395,EEUU,Estandar,48,96.5,32,1
SELLER00396,Reino Unido,PowerSeller,736,99.1,368,8
SELLER00397,EEUU,Nuevo,111,94.7,66,7
SELLER00398,China,Top Rated,1291,99.4,902,21
SELLER00399,Francia,Top Rated,1231,100.0,769,22
SELLER00400,Reino Unido,Nuevo,110,96.9,47,9
SELLER00401,Francia,Estandar,330,97.7,156,30
SELLER00402,EEUU,Estandar,38,97.3,18,3
SELLER00403,EEUU,PowerSeller,1702,99.0,856,64
SELLER00404,EEUU,Destacado,1213,96.5,759,117
SELLER00405,Reino Unido,Destacado,311,97.8,187,25
SELLER00406,Francia,PowerSeller,670,99.0,322,11
SELLER00407,EEUU,Nuevo,61,94.7,26,4
SELLER00408,China,PowerSeller,380,96.7,178,12
SELLER00409,Alemania,Destacado,1061,99.4,842,99
SELLER00410,Australia,Destacado,1354,98.1,795,75
SELLER00411,EEUU,PowerSeller,1832,99.1,1368,64
SELLER00412,EEUU,Destacado,87,98.7,64,2
SELLER00413,EEUU,Estandar,115,95.8,69,6
SELLER00414,Alemania,Estandar,137,96.5,93,4
SELLER00415,Reino Unido,Estandar,167,98.8,79,11
SELLER00416,Francia,Nuevo,76,95.4,51,6
SELLER00417,China,Top Rated,1433,99.2,729,52
SELLER00418,China,Nuevo,66,95.2,48,4
SELLER00419,China,Destacado,924,97.1,400,40
SELLER00420,EEUU,Destacado,702,99.3,497,26
SELLER00421,Alemania,Nuevo,60,93.0,26,3
SELLER00422,Australia,Top Rated,2490,99.0,1873,90
SELLER00423,Italia,PowerSeller,1109,99.1,578,16
SELLER00424,Francia,Destacado,807,100.0,534,25
SELLER00425,Italia,Estandar,530,95.6,315,19
SELLER00426,EEUU,Nuevo,144,94.4,78,9
SELLER00427,EEUU,Estandar,71,96.0,46,5
SELLER00428,EEUU,Estandar,191,97.8,148,6
SELLER00429,Reino Unido,Destacado,649,98.2,270,45
SELLER00430,EEUU,Top Rated,420,97.8,322,4
SELLER00431,Alemania,Destacado,621,98.1,399,50
SELLER00432,China,PowerSeller,1302,100.0,941,14
SELLER00433,Francia,Destacado,149,98.3,82,10
SELLER00434,Espana,Estandar,182,97.2,107,14
SELLER00435,Australia,PowerSeller,1212,99.1,906,21
SELLER00436,EEUU,Estandar,523,97.5,295,47
SELLER00437,EEUU,PowerSeller,936,97.3,574,21
SELLER00438,China,Estandar,70,96.7,28,6
SELLER00439,Reino Unido,Nuevo,20,95.8,9,1
SELLER00440,EEUU,PowerSeller,672,98.2,441,9
SELLER00441,Reino Unido,Destacado,612,98.8,420,45
SELLER00442,Reino Unido,PowerSeller,1397,98.0,884,36
SELLER00443,Alemania,Top Rated,544,99.1,248,9
SELLER00444,Alemania,Nuevo,92,94.5,53,7
SELLER00445,Alemania,Destacado,54,98.5,29,2
SELLER00446,China,Estandar,130,98.1,77,7
SELLER00447,Reino Unido,Destacado,629,97.6,470,58
SELLER00448,EEUU,PowerSeller,2072,99.8,1471,27
SELLER00449,EEUU,Estandar,50,96.8,21,3
SELLER00450,Reino Unido,Destacado,577,95.0,436,55
SELLER00451,Espana,Destacado,368,97.9,216,29
SELLER00452,Espana,Nuevo,13,95.8,9,1
SELLER00453,China,PowerSeller,272,98.9,124,8
SELLER00454,EEUU,Destacado,556,98.3,371,18
SELLER00455,China,Top Rated,4648,98.7,2298,121
SELLER00456,China,Estandar,205,98.8,117,10
SELLER00457,Alemania,Nuevo,336,95.9,136,20
SELLER00458,China,Destacado,746,97.8,343,38
SELLER00459,Alemania,Nuevo,35,96.9,15,1
SELLER00460,China,Top Rated,2686,99.5,1331,48
SELLER00461,Espana,Nuevo,24,99.1,10,1
SELLER00462,EEUU,PowerSeller,1032,98.5,698,21
SELLER00463,Espana,Destacado,523,98.4,215,45
SELLER00464,EEUU,Estandar,220,96.1,142,11
SELLER00465,EEUU,Nuevo,22,97.0,10,0
SELLER00466,Australia,Destacado,23,98.4,17,1
SELLER00467,Australia,Destacado,377,97.6,291,28
SELLER00468,EEUU,Estandar,261,96.0,127,24
SELLER00469,Alemania,Top Rated,3759,97.9,2427,142
SELLER00470,EEUU,Estandar,264,97.5,108,23
SELLER00471,Alemania,Estandar,70,95.3,54,4
SELLER00472,Italia,Destacado,394,99.6,240,28
SELLER00473,Australia,Nuevo,59,94.5,24,2
SELLER00474,China,Top Rated,3409,99.3,1830,119
SELLER00475,Reino Unido,Estandar,269,95.9,115,12
SELLER00476,China,Nuevo,27,96.0,15,1
SELLER00477,Reino Unido,Estandar,129,97.0,86,8
SELLER00478,Francia,Destacado,797,98.5,468,69
SELLER00479,Francia,Destacado,547,96.2,302,44
SELLER00480,China,Destacado,468,97.1,209,33
SELLER00481,Reino Unido,Nuevo,56,97.2,27,3
SELLER00482,Reino Unido,Estandar,336,97.8,147,20
SELLER00483,EEUU,PowerSeller,690,95.8,498,27
SELLER00484,Italia,Nuevo,42,96.5,19,2
SELLER00485,Alemania,PowerSeller,1759,97.6,1122,56
SELLER00486,Reino Unido,Nuevo,4,95.3,2,0
SELLER00487,Alemania,PowerSeller,366,98.5,179,10
SELLER00488,Italia,Estandar,108,98.9,70,7
SELLER00489,EEUU,Destacado,920,96.7,536,28
SELLER00490,Francia,Nuevo,76,94.3,42,6
SELLER00491,Francia,Nuevo,25,96.5,15,1
SELLER00492,Australia,Estandar,69,97.0,41,5
SELLER00493,Reino Unido,Nuevo,134,97.4,69,4
SELLER00494,EEUU,Estandar,69,96.6,43,3
SELLER00495,Reino Unido,Destacado,279,99.5,186,26
SELLER00496,Reino Unido,Destacado,337,98.0,138,30
SELLER00497,EEUU,PowerSeller,1348,99.4,790,13
SELLER00498,China,Destacado,313,99.9,132,12
SELLER00499,Alemania,Destacado,136,97.8,64,8
SELLER00500,Francia,Estandar,307,98.3,191,16
SELLER00501,EEUU,Estandar,302,96.3,225,23
SELLER00502,China,Estandar,551,97.3,414,53
SELLER00503,Italia,PowerSeller,1124,97.1,481,27
SELLER00504,Espana,Estandar,66,96.4,37,2
SELLER00505,Francia,Nuevo,178,94.7,112,16
SELLER00506,Espana,Destacado,336,99.5,154,10
SELLER00507,Australia,Estandar,357,99.1,252,34
SELLER00508,Reino Unido,PowerSeller,2435,98.4,1698,48
SELLER00509,Alemania,PowerSeller,994,97.9,756,21
SELLER00510,EEUU,Nuevo,65,94.4,26,2
SELLER00511,EEUU,Nuevo,81,96.3,39,2
SELLER00512,EEUU,Estandar,275,96.3,200,17
SELLER00513,EEUU,Destacado,927,97.3,619,57
SELLER00514,Reino Unido,Estandar,174,99.0,131,9
SELLER00515,EEUU,Destacado,479,97.6,202,46
SELLER00516,EEUU,Destacado,305,98.7,194,26
SELLER00517,Francia,Estandar,131,97.1,82,9
SELLER00518,EEUU,Nuevo,32,94.4,13,1
SELLER00519,Espana,PowerSeller,644,96.6,389,8
SELLER00520,EEUU,Estandar,86,97.6,55,6
SELLER00521,Francia,PowerSeller,1709,100.0,814,58
SELLER00522,Francia,Estandar,314,97.4,159,29
SELLER00523,China,Destacado,431,98.7,282,17
SELLER00524,China,PowerSeller,1105,97.7,648,35
SELLER00525,EEUU,PowerSeller,446,100.0,331,7
SELLER00526,Australia,Estandar,194,98.2,104,16
SELLER00527,Francia,Estandar,434,96.2,219,31
SELLER00528,Francia,PowerSeller,1977,99.5,1569,32
SELLER00529,China,Estandar,559,94.9,427,23
SELLER00530,Reino Unido,Nuevo,122,96.9,50,4
SELLER00531,Francia,Top Rated,1849,98.8,1309,60
SELLER00532,Reino Unido,Nuevo,118,94.5,52,7
SELLER00533,China,Nuevo,24,96.5,9,1
SELLER00534,EEUU,Nuevo,112,93.9,57,5
SELLER00535,Australia,Destacado,873,98.4,443,79
SELLER00536,EEUU,Destacado,446,96.6,324,29
SELLER00537,EEUU,Estandar,208,95.4,142,16
SELLER00538,China,Estandar,162,97.1,128,5
SELLER00539,Italia,Estandar,187,96.8,128,10
SELLER00540,China,Destacado,529,99.7,300,33
SELLER00541,EEUU,Nuevo,82,94.5,55,3
SELLER00542,EEUU,Top Rated,711,100.0,568,20
SELLER00543,Espana,Estandar,113,95.6,77,10
SELLER00544,Australia,Top Rated,2303,100.0,1622,33
SELLER00545,Italia,Nuevo,87,97.3,67,3
SELLER00546,Alemania,PowerSeller,486,99.2,216,16
SELLER00547,Francia,Estandar,181,96.1,123,17
SELLER00548,Alemania,Nuevo,204,94.2,151,7
SELLER00549,Alemania,PowerSeller,96,96.5,75,2
SELLER00550,Alemania,PowerSeller,44,100.0,21,1
SELLER00551,Alemania,Estandar,22,96.6,13,2
SELLER00552,Italia,Destacado,1796,96.7,1207,113
SELLER00553,Alemania,Destacado,184,96.6,91,7
SELLER00554,Reino Unido,PowerSeller,722,99.0,462,28
SELLER00555,EEUU,Estandar,296,96.5,148,27
SELLER00556,EEUU,Destacado,659,95.7,351,61
SELLER00557,China,Estandar,164,98.0,94,11
SELLER00558,EEUU,Estandar,499,97.4,305,41
SELLER00559,EEUU,PowerSeller,1601,100.0,928,21
SELLER00560,China,Nuevo,40,97.4,23,3
SELLER00561,Espana,Nuevo,28,92.3,14,2
SELLER00562,Espana,Destacado,523,99.7,242,40
SELLER00563,Alemania,Destacado,827,99.4,346,55
SELLER00564,Francia,Nuevo,207,95.1,99,9
SELLER00565,Australia,Estandar,252,96.5,159,20
SELLER00566,Italia,Top Rated,1094,100.0,781,13
SELLER00567,China,Estandar,469,95.8,219,23
SELLER00568,Reino Unido,Destacado,996,97.7,441,85
SELLER00569,Australia,Destacado,795,99.2,556,62
SELLER00570,Reino Unido,Estandar,68,97.6,35,6
SELLER00571,EEUU,Top Rated,1141,98.7,890,41
SELLER00572,Alemania,Destacado,402,99.2,275,30
SELLER00573,EEUU,Estandar,341,97.4,180,16
SELLER00574,Australia,Destacado,72,98.3,37,6
SELLER00575,China,Destacado,341,97.4,207,12
SELLER00576,China,Destacado,474,98.0,204,35
SELLER00577,China,PowerSeller,781,97.9,349,20
SELLER00578,Alemania,Estandar,578,94.7,271,31
SELLER00579,EEUU,Estandar,400,96.7,283,38
SELLER00580,China,Estandar,399,96.9,241,35
SELLER00581,Espana,Nuevo,46,96.2,18,2
SELLER00582,Alemania,Nuevo,77,97.5,51,2
SELLER00583,Espana,PowerSeller,444,98.0,252,12
SELLER00584,EEUU,Destacado,228,97.6,137,11
SELLER00585,EEUU,Destacado,938,98.9,455,86
SELLER00586,EEUU,Destacado,833,97.1,517,81
SELLER00587,Reino Unido,PowerSeller,416,99.0,329,7
SELLER00588,Francia,Estandar,218,96.5,93,13
SELLER00589,Italia,PowerSeller,223,98.5,114,6
SELLER00590,Reino Unido,Estandar,293,97.9,145,10
SELLER00591,China,Top Rated,639,99.1,319,23
SELLER00592,Espana,Destacado,508,98.9,280,26
SELLER00593,EEUU,Estandar,608,94.7,442,41
SELLER00594,EEUU,Destacado,181,96.3,138,13
SELLER00595,Australia,Destacado,604,95.2,290,47
SELLER00596,China,Nuevo,65,94.6,40,2
SELLER00597,Australia,Destacado,166,100.0,108,14
SELLER00598,Reino Unido,Estandar,110,97.0,66,8
SELLER00599,Espana,Nuevo,92,95.1,52,8
SELLER00600,EEUU,Top Rated,1247,100.0,594,13
SELLER00601,Reino Unido,Destacado,1187,99.1,706,109
SELLER00602,Alemania,PowerSeller,1327,97.3,743,26
SELLER00603,Reino Unido,Destacado,193,100.0,138,11
SELLER00604,EEUU,Estandar,367,97.3,258,20
SELLER00605,Reino Unido,Destacado,929,98.5,421,88
SELLER00606,EEUU,Destacado,574,98.6,249,45
SELLER00607,Espana,Top Rated,2209,100.0,1686,48
SELLER00608,Alemania,Estandar,244,96.3,149,20
SELLER00609,EEUU,PowerSeller,2141,100.0,1591,43
SELLER00610,EEUU,Top Rated,3097,99.2,1310,123
SELLER00611,EEUU,Destacado,112,99.1,68,5
SELLER00612,China,Top Rated,311,98.9,191,11
SELLER00613,EEUU,Estandar,173,96.2,128,9
SELLER00614,Espana,Top Rated,2576,100.0,1130,52
SELLER00615,EEUU,Destacado,1044,97.9,518,83
SELLER00616,EEUU,Nuevo,51,96.0,28,4
SELLER00617,Francia,Top Rated,1239,99.8,924,43
SELLER00618,Espana,Estandar,159,100.0,123,8
SELLER00619,EEUU,Estandar,189,99.6,150,11
SELLER00620,Italia,Destacado,527,99.5,412,16
SELLER00621,Alemania,Nuevo,47,99.4,18,4
SELLER00622,Francia,Estandar,158,95.9,66,8
SELLER00623,China,PowerSeller,1239,99.6,568,45
SELLER00624,Espana,Nuevo,22,96.1,11,1
SELLER00625,Australia,Estandar,647,94.9,473,49
SELLER00626,EEUU,Nuevo,115,96.6,87,6
SELLER00627,China,Estandar,494,96.4,234,32
SELLER00628,Alemania,Destacado,216,99.8,139,13
SELLER00629,EEUU,PowerSeller,571,98.3,437,21
SELLER00630,EEUU,Top Rated,106,99.0,62,1
SELLER00631,EEUU,Destacado,485,99.8,214,30
SELLER00632,China,Estandar,213,96.9,124,18
SELLER00633,China,Top Rated,1806,100.0,993,41
SELLER00634,China,PowerSeller,183,99.3,115,5
SELLER00635,EEUU,Destacado,456,98.5,262,44
SELLER00636,Alemania,Destacado,599,97.7,243,42
SELLER00637,Australia,Top Rated,2096,100.0,1671,49
SELLER00638,Reino Unido,Destacado,296,97.8,182,19
SELLER00639,China,Estandar,711,96.0,419,32
SELLER00640,Italia,Destacado,391,97.9,305,31
SELLER00641,Italia,Nuevo,75,97.5,34,2
SELLER00642,Alemania,Estandar,153,97.6,72,10
SELLER00643,Francia,Estandar,129,97.9,93,9
SELLER00644,Reino Unido,Nuevo,107,96.0,53,10
SELLER00645,Francia,Nuevo,14,93.7,10,0
SELLER00646,EEUU,Nuevo,112,94.5,56,4
SELLER00647,Reino Unido,Destacado,514,97.7,212,36
SELLER00648,EEUU,PowerSeller,816,97.4,495,21
SELLER00649,Italia,Top Rated,495,98.9,236,13
SELLER00650,Alemania,Estandar,207,96.3,145,6
SELLER00651,EEUU,Destacado,742,97.4,487,48
SELLER00652,EEUU,Top Rated,1664,100.0,1280,38
SELLER00653,Francia,Nuevo,64,95.9,45,4
SELLER00654,Italia,Destacado,386,99.1,182,36
SELLER00655,China,PowerSeller,655,99.0,471,11
SELLER00656,China,Nuevo,25,97.7,16,0
SELLER00657,Alemania,PowerSeller,1463,100.0,976,38
SELLER00658,Reino Unido,PowerSeller,1113,98.1,815,31
SELLER00659,Francia,Nuevo,110,98.4,69,10
SELLER00660,EEUU,Nuevo,47,95.5,27,1
SELLER00661,Alemania,Nuevo,59,96.2,38,5
SELLER00662,Reino Unido,Estandar,69,97.5,35,4
SELLER00663,Alemania,Destacado,102,98.6,48,6
SELLER00664,Alemania,Destacado,502,99.0,324,48
SELLER00665,Alemania,Estandar,21,96.1,10,1
SELLER00666,EEUU,Top Rated,1891,100.0,816,55
SELLER00667,Alemania,Estandar,124,97.7,49,6
SELLER00668,EEUU,Nuevo,265,96.0,170,18
SELLER00669,EEUU,Estandar,204,96.8,111,14
SELLER00670,EEUU,Destacado,707,97.0,495,37
SELLER00671,Italia,Estandar,115,97.6,63,8
SELLER00672,Alemania,Estandar,438,96.2,260,20
SELLER00673,China,Nuevo,154,96.3,86,6
SELLER00674,Espana,PowerSeller,1820,98.7,1201,42
SELLER00675,China,Top Rated,5114,97.9,2774,137
SELLER00676,Alemania,Estandar,78,95.9,61,7
SELLER00677,Reino Unido,Estandar,320,97.5,247,19
SELLER00678,Reino Unido,Destacado,244,97.4,180,18
SELLER00679,China,Destacado,188,97.3,144,6
SELLER00680,Alemania,Estandar,196,96.1,113,18
SELLER00681,Francia,Top Rated,1759,98.6,1081,25
SELLER00682,Francia,Destacado,432,100.0,301,36
SELLER00683,EEUU,Estandar,61,95.7,41,5
SELLER00684,EEUU,Destacado,492,99.8,372,23
SELLER00685,China,Top Rated,1450,99.1,995,43
SELLER00686,Reino Unido,PowerSeller,389,98.0,310,11
SELLER00687,EEUU,Nuevo,174,96.5,93,6
SELLER00688,Francia,Estandar,656,97.1,480,51
SELLER00689,EEUU,Estandar,221,96.8,150,21
SELLER00690,Australia,Estandar,11,97.3,7,0
SELLER00691,Espana,Destacado,466,98.0,247,42
SELLER00692,Italia,PowerSeller,1968,98.5,1405,51
SELLER00693,EEUU,Destacado,474,99.1,360,39
SELLER00694,EEUU,Top Rated,1346,97.8,656,15
SELLER00695,Alemania,Estandar,324,95.9,210,17
SELLER00696,EEUU,PowerSeller,3732,97.9,2078,122
SELLER00697,Reino Unido,PowerSeller,1198,97.5,953,39
SELLER00698,Reino Unido,Estandar,223,97.1,131,19
SELLER00699,EEUU,Destacado,1133,98.6,556,84
SELLER00700,EEUU,Nuevo,94,93.6,51,5
SELLER00701,Italia,PowerSeller,2819,98.2,1864,112
SELLER00702,EEUU,Destacado,191,97.6,82,15
SELLER00703,EEUU,Estandar,83,96.7,53,6
SELLER00704,China,Destacado,230,96.5,177,21
SELLER00705,Australia,Destacado,869,97.6,643,70
SELLER00706,Reino Unido,Estandar,258,95.9,110,22
SELLER00707,EEUU,Nuevo,55,95.6,43,4
SELLER00708,China,Estandar,259,94.9,175,19
SELLER00709,Francia,Destacado,959,97.6,445,57
SELLER00710,Italia,PowerSeller,731,97.9,296,16
SELLER00711,China,Top Rated,2505,99.2,1173,49
SELLER00712,Reino Unido,Destacado,331,98.4,243,19
SELLER00713,China,PowerSeller,216,98.7,88,3
SELLER00714,EEUU,Estandar,204,98.0,100,10
SELLER00715,China,Destacado,94,97.6,66,6
SELLER00716,Espana,Estandar,155,97.7,98,7
SELLER00717,Australia,Estandar,225,98.3,160,10
SELLER00718,Reino Unido,Destacado,231,98.3,161,15
SELLER00719,EEUU,Nuevo,102,96.0,42,4
SELLER00720,China,Destacado,389,98.5,294,33
SELLER00721,Espana,PowerSeller,1454,99.2,713,16
SELLER00722,Italia,Estandar,198,98.2,123,13
SELLER00723,EEUU,Estandar,172,98.0,113,6
SELLER00724,Reino Unido,PowerSeller,465,99.8,217,17
SELLER00725,Alemania,PowerSeller,959,98.9,758,11
SELLER00726,Reino Unido,Estandar,226,97.4,134,19
SELLER00727,Francia,Estandar,262,97.4,110,21
SELLER00728,Alemania,Destacado,569,96.6,440,25
SELLER00729,Italia,Destacado,140,99.3,88,10
SELLER00730,China,Nuevo,133,94.0,90,6
SELLER00731,Italia,Estandar,269,97.9,164,26
SELLER00732,Reino Unido,PowerSeller,978,99.1,717,26
SELLER00733,Italia,Destacado,607,97.7,250,42
SELLER00734,Reino Unido,Top Rated,2171,100.0,1101,82
SELLER00735,China,PowerSeller,3150,99.3,1851,74
SELLER00736,EEUU,Top Rated,930,97.9,400,29
SELLER00737,Alemania,Estandar,130,98.7,88,10
SELLER00738,Reino Unido,PowerSeller,361,98.9,201,10
SELLER00739,Reino Unido,Nuevo,10,98.8,5,0
SELLER00740,Australia,Destacado,639,98.9,256,47
SELLER00741,EEUU,Estandar,694,97.1,477,62
SELLER00742,Italia,Estandar,161,96.2,118,12
SELLER00743,Australia,PowerSeller,2140,98.7,1194,46
SELLER00744,EEUU,PowerSeller,760,99.0,475,22
SELLER00745,Espana,Nuevo,148,97.8,72,8
SELLER00746,EEUU,Destacado,603,99.5,391,24
SELLER00747,EEUU,Estandar,207,97.5,83,13
SELLER00748,Alemania,Estandar,129,99.1,76,7
SELLER00749,Australia,PowerSeller,1002,96.4,658,12
SELLER00750,EEUU,Estandar,367,97.6,281,26
SELLER00751,China,Top Rated,841,100.0,464,9
SELLER00752,Alemania,Nuevo,64,96.7,45,3
SELLER00753,Francia,Destacado,550,96.4,351,48
SELLER00754,EEUU,Destacado,837,99.7,645,61
SELLER00755,Espana,Estandar,220,97.9,123,17
SELLER00756,Espana,Estandar,165,97.4,87,8
SELLER00757,China,PowerSeller,1152,98.9,869,26
SELLER00758,Australia,PowerSeller,2038,100.0,855,68
SELLER00759,Italia,Estandar,280,97.5,127,19
SELLER00760,EEUU,Destacado,454,97.7,196,42
SELLER00761,Alemania,Nuevo,71,95.0,52,6
SELLER00762,Reino Unido,Estandar,82,97.9,33,8
SELLER00763,Reino Unido,Estandar,339,98.2,252,26
SELLER00764,Alemania,Nuevo,21,96.1,12,2
SELLER00765,Reino Unido,PowerSeller,671,98.1,269,20
SELLER00766,Alemania,Destacado,413,99.6,231,20
SELLER00767,Australia,Top Rated,1052,98.4,499,22
SELLER00768,EEUU,Destacado,199,100.0,129,9
SELLER00769,Australia,Top Rated,856,98.6,575,32
SELLER00770,Alemania,Destacado,136,96.5,80,5
SELLER00771,China,Destacado,1295,96.6,538,39
SELLER00772,Italia,Top Rated,961,98.2,636,14
SELLER00773,Reino Unido,Destacado,282,97.7,207,16
SELLER00774,Alemania,Nuevo,231,95.4,158,11
SELLER00775,Alemania,Destacado,103,99.2,75,8
SELLER00776,Reino Unido,Top Rated,2214,100.0,1063,64
SELLER00777,Australia,PowerSeller,972,98.5,734,18
SELLER00778,Italia,Destacado,202,100.0,106,15
SELLER00779,EEUU,Destacado,513,97.7,207,31
SELLER00780,EEUU,Top Rated,4508,99.4,3324,107
SELLER00781,Alemania,Nuevo,101,94.5,78,4
SELLER00782,EEUU,Destacado,637,97.9,421,28
SELLER00783,China,Estandar,68,97.4,33,3
SELLER00784,EEUU,Destacado,234,96.6,117,23
SELLER00785,Alemania,Destacado,112,97.4,65,3
SELLER00786,EEUU,Nuevo,72,96.4,54,3
SELLER00787,Reino Unido,Estandar,207,96.4,95,8
SELLER00788,China,Destacado,236,97.1,172,18
SELLER00789,Alemania,Nuevo,123,96.9,63,6
SELLER00790,Australia,Estandar,63,95.5,45,3
SELLER00791,Francia,PowerSeller,505,97.5,387,8
SELLER00792,Reino Unido,Estandar,219,97.2,125,12
SELLER00793,EEUU,Estandar,71,98.0,38,2
SELLER00794,Francia,Top Rated,1157,99.9,834,43
SELLER00795,Francia,Estandar,116,96.7,70,4
SELLER00796,Italia,Estandar,244,96.6,164,20
SELLER00797,EEUU,Destacado,134,99.2,86,9
SELLER00798,Australia,PowerSeller,106,99.8,48,3
SELLER00799,EEUU,Top Rated,500,99.6,368,10
SELLER00800,Espana,Top Rated,2729,99.2,1305,55
SELLER00801,Francia,PowerSeller,1650,98.8,1275,47
SELLER00802,EEUU,Estandar,91,96.1,45,6
SELLER00803,Francia,Nuevo,64,95.8,44,4
SELLER00804,Reino Unido,Estandar,203,96.4,104,12
SELLER00805,Australia,Nuevo,19,95.9,10,1
SELLER00806,Reino Unido,Destacado,275,97.5,144,24
SELLER00807,Australia,Destacado,398,98.6,278,32
SELLER00808,EEUU,Nuevo,6,97.0,3,0
SELLER00809,Espana,PowerSeller,1019,98.3,767,11
SELLER00810,China,Estandar,284,96.0,148,10
SELLER00811,Alemania,Estandar,236,97.9,159,18
SELLER00812,EEUU,Destacado,773,98.2,542,43
SELLER00813,Espana,Estandar,274,96.6,126,10
SELLER00814,EEUU,Estandar,367,98.7,205,33
SELLER00815,China,Nuevo,9,95.3,5,0
SELLER00816,EEUU,Estandar,146,94.6,79,8
SELLER00817,Australia,PowerSeller,383,98.0,202,13
SELLER00818,EEUU,Top Rated,193,100.0,130,7
SELLER00819,EEUU,Estandar,179,96.6,87,16
SELLER00820,EEUU,Estandar,380,96.4,259,27
SELLER00821,Alemania,Destacado,285,98.0,220,27
SELLER00822,EEUU,Top Rated,1870,100.0,1170,31
SELLER00823,Alemania,Estandar,461,96.9,297,32
SELLER00824,Francia,Estandar,163,97.7,69,13
SELLER00825,Espana,PowerSeller,1923,98.6,1434,60
SELLER00826,China,Destacado,898,98.7,461,32
SELLER00827,EEUU,Nuevo,84,96.2,54,5
SELLER00828,Espana,Destacado,153,97.5,121,11
SELLER00829,EEUU,Nuevo,9,96.3,5,0
SELLER00830,Italia,Destacado,256,97.3,176,21
SELLER00831,EEUU,Destacado,324,96.3,187,27
SELLER00832,Alemania,PowerSeller,760,98.8,322,29
SELLER00833,Reino Unido,Estandar,306,95.5,220,13
SELLER00834,Francia,Estandar,106,97.7,43,6
SELLER00835,EEUU,Estandar,312,97.0,212,26
SELLER00836,China,PowerSeller,2697,100.0,1103,57
SELLER00837,EEUU,Nuevo,58,95.6,43,2
SELLER00838,Espana,Estandar,232,97.0,107,15
SELLER00839,Francia,Nuevo,185,94.2,112,9
SELLER00840,Alemania,PowerSeller,1586,97.5,1013,51
SELLER00841,Alemania,Estandar,109,95.0,63,7
SELLER00842,Australia,Estandar,609,98.3,326,44
SELLER00843,Alemania,Estandar,228,96.4,133,6
SELLER00844,Alemania,PowerSeller,557,100.0,292,5
SELLER00845,China,Destacado,94,94.8,54,8
SELLER00846,Espana,Destacado,249,99.9,135,24
SELLER00847,EEUU,PowerSeller,1029,98.7,644,12
SELLER00848,Italia,Top Rated,603,99.9,298,19
SELLER00849,Alemania,Estandar,95,95.7,75,5
SELLER00850,EEUU,Top Rated,3494,100.0,2097,135
SELLER00851,Italia,Nuevo,77,95.6,36,5
SELLER00852,Reino Unido,Estandar,48,95.6,28,4
SELLER00853,EEUU,PowerSeller,1499,97.4,1119,17
SELLER00854,China,Estandar,25,95.5,10,2
SELLER00855,Francia,Estandar,221,97.5,148,19
SELLER00856,Francia,Estandar,201,96.2,124,16
SELLER00857,Australia,Destacado,1872,96.0,875,155
SELLER00858,Francia,Estandar,400,97.4,290,22
SELLER00859,EEUU,Destacado,448,95.4,245,37
SELLER00860,Reino Unido,PowerSeller,1670,100.0,864,35
SELLER00861,Italia,Destacado,65,100.0,47,6
SELLER00862,Reino Unido,Estandar,199,95.4,130,8
SELLER00863,China,Top Rated,844,100.0,640,25
SELLER00864,China,Estandar,217,97.4,141,14
SELLER00865,Reino Unido,Nuevo,8,95.4,5,0
SELLER00866,Francia,Nuevo,105,95.5,77,6
SELLER00867,Alemania,Destacado,642,98.8,270,41
SELLER00868,Alemania,Nuevo,137,96.0,97,12
SELLER00869,Australia,Nuevo,47,92.9,30,3
SELLER00870,Alemania,Estandar,324,99.5,138,17
SELLER00871,EEUU,Estandar,644,97.5,388,30
SELLER00872,Alemania,Destacado,364,97.9,157,21
SELLER00873,Italia,PowerSeller,260,97.9,180,3
SELLER00874,Italia,PowerSeller,1444,98.6,893,35
SELLER00875,Italia,Estandar,145,98.5,113,5
SELLER00876,Espana,Estandar,79,97.3,37,3
SELLER00877,EEUU,Top Rated,685,100.0,440,8
SELLER00878,Francia,Nuevo,16,94.5,7,0
SELLER00879,Francia,PowerSeller,367,98.4,236,9
SELLER00880,EEUU,Nuevo,87,96.1,59,7
SELLER00881,EEUU,Top Rated,1960,100.0,1350,70
SELLER00882,Australia,Estandar,102,96.5,74,6
SELLER00883,Francia,Estandar,776,98.1,575,57
SELLER00884,Francia,Destacado,498,96.6,214,23
SELLER00885,Francia,Destacado,580,98.1,311,46
SELLER00886,China,Estandar,288,96.9,194,19
SELLER00887,China,Destacado,251,96.2,150,15
SELLER00888,China,Destacado,867,97.9,412,75
SELLER00889,EEUU,Nuevo,14,95.3,8,0
SELLER00890,Espana,Nuevo,24,97.7,13,2
SELLER00891,Alemania,Estandar,109,96.5,60,7
SELLER00892,China,Nuevo,78,96.4,56,5
SELLER00893,Alemania,Destacado,139,96.5,78,12
SELLER00894,Alemania,Estandar,65,97.3,26,5
SELLER00895,EEUU,Estandar,513,96.5,217,36
SELLER00896,Reino Unido,Nuevo,157,95.1,116,12
SELLER00897,EEUU,Destacado,133,100.0,104,8
SELLER00898,EEUU,Nuevo,34,95.6,22,2
SELLER00899,Australia,Nuevo,63,95.7,34,2
