tarjeta,nivel,gasto_anual,cashback,cuota_anual,uso
V00001,Gold,8076.0,67.82,40,Online
V00002,Infinite,49207.0,1190.43,300,Diario
V00003,Platinum,32130.0,571.34,90,Diario
V00004,Gold,23136.0,219.98,40,Diario
V00005,Classic,5425.0,28.24,0,Viajes
V00006,Classic,6345.0,26.39,0,Online
V00007,Classic,4248.0,22.8,0,Online
V00008,Signature,31842.0,747.03,160,Viajes
V00009,Gold,8679.0,89.42,40,Diario
V00010,Platinum,19034.0,242.81,90,Empresa
V00011,Classic,4790.0,24.73,0,Viajes
V00012,Infinite,114881.0,3813.61,300,Viajes
V00013,Signature,45235.0,870.83,160,Diario
V00014,Classic,4596.0,26.47,0,Online
V00015,Classic,5198.0,27.54,0,Online
V00016,Classic,6889.0,39.95,0,Diario
V00017,Classic,2734.0,14.35,0,Diario
V00018,Gold,11842.0,100.95,40,Online
V00019,Gold,15088.0,139.39,40,Online
V00020,Classic,7068.0,31.12,0,Diario
V00021,Gold,7067.0,82.23,40,Empresa
V00022,Classic,3903.0,21.55,0,Diario
V00023,Classic,1549.0,8.29,0,Viajes
V00024,Gold,15880.0,146.16,40,Empresa
V00025,Gold,27734.0,242.29,40,Viajes
V00026,Platinum,11951.0,197.65,90,Viajes
V00027,Classic,9307.0,46.05,0,Diario
V00028,Gold,26521.0,236.12,40,Diario
V00029,Gold,8538.0,89.36,40,Empresa
V00030,Classic,5201.0,21.22,0,Viajes
V00031,Gold,12523.0,116.52,40,Online
V00032,Classic,6956.0,34.34,0,Diario
V00033,Classic,6433.0,27.64,0,Diario
V00034,Infinite,44500.0,1593.81,300,Diario
V00035,Infinite,74855.0,1984.34,300,Online
V00036,Platinum,16519.0,211.15,90,Diario
V00037,Classic,6656.0,29.33,0,Online
V00038,Classic,5416.0,29.99,0,Viajes
V00039,Platinum,6664.0,96.98,90,Empresa
V00040,Gold,19958.0,204.8,40,Diario
V00041,Classic,3960.0,16.01,0,Online
V00042,Gold,20935.0,170.36,40,Online
V00043,Classic,9125.0,44.64,0,Online
V00044,Signature,35971.0,810.54,160,Online
V00045,Classic,7137.0,41.18,0,Online
V00046,Platinum,27754.0,347.49,90,Viajes
V00047,Classic,4952.0,25.14,0,Diario
V00048,Gold,10154.0,118.32,40,Diario
V00049,Gold,14774.0,141.12,40,Empresa
V00050,Classic,5446.0,30.82,0,Viajes
V00051,Infinite,44578.0,1141.39,300,Online
V00052,Platinum,13073.0,230.25,90,Viajes
V00053,Infinite,67540.0,2229.97,300,Diario
V00054,Signature,22687.0,533.84,160,Diario
V00055,Gold,16735.0,179.17,40,Online
V00056,Signature,50849.0,961.41,160,Viajes
V00057,Classic,7109.0,41.78,0,Diario
V00058,Classic,7857.0,35.76,0,Viajes
V00059,Classic,7120.0,33.21,0,Diario
V00060,Classic,8134.0,43.94,0,Viajes
V00061,Gold,15927.0,176.17,40,Diario
V00062,Classic,6572.0,38.5,0,Online
V00063,Platinum,33667.0,445.37,90,Diario
V00064,Gold,10090.0,112.93,40,Viajes
V00065,Classic,3626.0,19.86,0,Diario
V00066,Gold,7047.0,58.17,40,Diario
V00067,Classic,4662.0,22.26,0,Diario
V00068,Platinum,6075.0,83.21,90,Viajes
V00069,Classic,6136.0,28.28,0,Viajes
V00070,Infinite,76192.0,2727.32,300,Diario
V00071,Platinum,31740.0,503.29,90,Online
V00072,Classic,2054.0,11.16,0,Online
V00073,Classic,3587.0,21.35,0,Online
V00074,Platinum,30225.0,431.11,90,Diario
V00075,Platinum,18193.0,305.84,90,Viajes
V00076,Platinum,27626.0,403.54,90,Diario
V00077,Platinum,9728.0,167.49,90,Diario
V00078,Classic,10407.0,45.39,0,Empresa
V00079,Gold,5064.0,59.71,40,Diario
V00080,Classic,587.0,2.6,0,Viajes
V00081,Signature,35263.0,656.24,160,Viajes
V00082,Gold,12249.0,135.04,40,Online
V00083,Classic,4205.0,20.13,0,Viajes
V00084,Classic,6985.0,36.44,0,Diario
V00085,Classic,7083.0,34.63,0,Diario
V00086,Classic,6706.0,36.78,0,Viajes
V00087,Platinum,15267.0,204.12,90,Diario
V00088,Platinum,13699.0,169.19,90,Diario
V00089,Signature,25703.0,472.92,160,Diario
V00090,Gold,6920.0,68.49,40,Diario
V00091,Classic,9389.0,40.71,0,Diario
V00092,Platinum,16907.0,238.88,90,Diario
V00093,Platinum,21846.0,314.58,90,Viajes
V00094,Gold,16453.0,135.4,40,Online
V00095,Platinum,12343.0,191.31,90,Online
V00096,Gold,4938.0,56.97,40,Diario
V00097,Gold,6933.0,59.67,40,Diario
V00098,Gold,12578.0,130.7,40,Diario
V00099,Classic,6075.0,32.38,0,Viajes
V00100,Classic,6699.0,32.41,0,Online
V00101,Classic,5209.0,28.14,0,Diario
V00102,Platinum,3843.0,55.59,90,Empresa
V00103,Classic,5123.0,25.66,0,Diario
V00104,Gold,17530.0,140.76,40,Viajes
V00105,Signature,57571.0,1239.72,160,Online
V00106,Classic,5759.0,30.65,0,Online
V00107,Gold,12173.0,99.25,40,Online
V00108,Platinum,27372.0,388.94,90,Online
V00109,Classic,9733.0,57.99,0,Diario
V00110,Classic,5502.0,26.64,0,Online
V00111,Classic,7414.0,37.1,0,Diario
V00112,Classic,4065.0,23.66,0,Online
V00113,Signature,15669.0,340.61,160,Viajes
V00114,Platinum,15760.0,244.16,90,Online
V00115,Platinum,39657.0,665.72,90,Viajes
V00116,Signature,43678.0,1000.88,160,Viajes
V00117,Platinum,10393.0,153.21,90,Viajes
V00118,Classic,7659.0,37.91,0,Online
V00119,Signature,17267.0,329.6,160,Diario
V00120,Gold,13307.0,157.91,40,Diario
V00121,Platinum,12080.0,195.49,90,Diario
V00122,Signature,15996.0,266.59,160,Diario
V00123,Classic,11696.0,66.97,0,Online
V00124,Classic,4609.0,22.87,0,Diario
V00125,Classic,7421.0,30.7,0,Empresa
V00126,Gold,11237.0,114.6,40,Diario
V00127,Platinum,11346.0,164.55,90,Diario
V00128,Signature,28404.0,653.92,160,Online
V00129,Classic,3110.0,13.71,0,Online
V00130,Gold,31495.0,356.08,40,Viajes
V00131,Gold,16151.0,165.24,40,Viajes
V00132,Classic,5565.0,22.87,0,Online
V00133,Classic,7226.0,42.95,0,Diario
V00134,Classic,7821.0,39.3,0,Empresa
V00135,Infinite,78315.0,2152.92,300,Empresa
V00136,Classic,7668.0,37.87,0,Online
V00137,Gold,14762.0,168.75,40,Diario
V00138,Platinum,21259.0,294.0,90,Online
V00139,Gold,22514.0,197.46,40,Diario
V00140,Infinite,59869.0,1529.58,300,Diario
V00141,Infinite,56475.0,1557.26,300,Diario
V00142,Classic,6013.0,33.43,0,Viajes
V00143,Gold,12462.0,123.21,40,Online
V00144,Classic,2064.0,9.2,0,Online
V00145,Classic,3447.0,14.93,0,Online
V00146,Classic,5209.0,24.3,0,Viajes
V00147,Gold,4003.0,47.07,40,Diario
V00148,Gold,11120.0,104.22,40,Diario
V00149,Classic,6190.0,36.99,0,Empresa
V00150,Classic,2616.0,13.0,0,Diario
V00151,Signature,22825.0,397.92,160,Online
V00152,Classic,10064.0,58.19,0,Viajes
V00153,Classic,7262.0,35.73,0,Viajes
V00154,Gold,14117.0,153.01,40,Online
V00155,Infinite,94678.0,3389.9,300,Viajes
V00156,Classic,3484.0,14.29,0,Online
V00157,Platinum,9610.0,120.9,90,Empresa
V00158,Platinum,32455.0,529.75,90,Viajes
V00159,Classic,5285.0,24.12,0,Diario
V00160,Platinum,12588.0,164.98,90,Viajes
V00161,Gold,27899.0,227.58,40,Empresa
V00162,Platinum,7532.0,91.37,90,Diario
V00163,Platinum,22176.0,369.16,90,Viajes
V00164,Gold,9944.0,84.9,40,Viajes
V00165,Classic,4536.0,22.39,0,Online
V00166,Signature,7462.0,155.56,160,Diario
V00167,Classic,11185.0,54.32,0,Online
V00168,Classic,2340.0,9.49,0,Empresa
V00169,Classic,4769.0,26.55,0,Diario
V00170,Gold,8714.0,70.08,40,Diario
V00171,Platinum,27022.0,447.79,90,Empresa
V00172,Classic,2068.0,11.97,0,Diario
V00173,Gold,13874.0,135.01,40,Online
V00174,Classic,6063.0,30.75,0,Viajes
V00175,Platinum,13967.0,207.58,90,Diario
V00176,Classic,6816.0,32.57,0,Online
V00177,Platinum,20369.0,352.88,90,Viajes
V00178,Gold,24962.0,288.95,40,Viajes
V00179,Infinite,49697.0,1393.0,300,Diario
V00180,Classic,3185.0,16.66,0,Viajes
V00181,Classic,6972.0,40.81,0,Diario
V00182,Classic,4649.0,27.54,0,Diario
V00183,Signature,32071.0,643.72,160,Empresa
V00184,Signature,15362.0,301.44,160,Diario
V00185,Classic,7425.0,33.84,0,Online
V00186,Platinum,15610.0,277.13,90,Diario
V00187,Platinum,23098.0,296.97,90,Online
V00188,Gold,28008.0,289.02,40,Diario
V00189,Gold,9641.0,88.02,40,Empresa
V00190,Classic,7926.0,36.13,0,Viajes
V00191,Classic,4996.0,24.03,0,Diario
V00192,Signature,22387.0,537.07,160,Diario
V00193,Signature,59704.0,981.52,160,Diario
V00194,Platinum,6204.0,95.98,90,Viajes
V00195,Classic,8931.0,37.2,0,Diario
V00196,Classic,1560.0,6.72,0,Online
V00197,Platinum,31104.0,455.28,90,Viajes
V00198,Signature,32323.0,649.16,160,Diario
V00199,Signature,18607.0,336.23,160,Viajes
V00200,Platinum,16176.0,224.83,90,Online
V00201,Platinum,28293.0,354.28,90,Diario
V00202,Classic,13354.0,61.51,0,Diario
V00203,Classic,2119.0,12.57,0,Diario
V00204,Signature,19257.0,453.65,160,Online
V00205,Gold,4991.0,46.61,40,Online
V00206,Classic,4974.0,25.57,0,Viajes
V00207,Classic,8595.0,50.02,0,Online
V00208,Platinum,8419.0,101.34,90,Online
V00209,Classic,5465.0,30.72,0,Viajes
V00210,Classic,8461.0,49.89,0,Online
V00211,Gold,8756.0,73.25,40,Diario
V00212,Platinum,3295.0,42.73,90,Diario
V00213,Platinum,22335.0,396.77,90,Diario
V00214,Classic,9868.0,50.08,0,Diario
V00215,Platinum,10859.0,131.23,90,Viajes
V00216,Classic,1810.0,8.17,0,Empresa
V00217,Classic,6470.0,31.7,0,Diario
V00218,Platinum,24054.0,388.65,90,Diario
V00219,Platinum,15458.0,253.5,90,Viajes
V00220,Signature,22041.0,528.18,160,Empresa
V00221,Platinum,20528.0,281.75,90,Diario
V00222,Gold,5862.0,59.52,40,Viajes
V00223,Classic,2934.0,14.87,0,Diario
V00224,Gold,15382.0,148.01,40,Diario
V00225,Classic,2816.0,12.22,0,Empresa
V00226,Classic,1883.0,11.21,0,Empresa
V00227,Infinite,37744.0,1292.35,300,Diario
V00228,Gold,8542.0,85.36,40,Empresa
V00229,Signature,40465.0,842.72,160,Viajes
V00230,Platinum,14506.0,193.85,90,Online
V00231,Platinum,39162.0,597.72,90,Viajes
V00232,Gold,11497.0,123.94,40,Viajes
V00233,Gold,6980.0,70.22,40,Viajes
V00234,Gold,13583.0,162.47,40,Online
V00235,Classic,10588.0,55.3,0,Diario
V00236,Platinum,27822.0,395.79,90,Diario
V00237,Classic,2214.0,12.28,0,Diario
V00238,Classic,4469.0,19.4,0,Online
V00239,Platinum,22918.0,327.89,90,Diario
V00240,Classic,7433.0,34.89,0,Online
V00241,Infinite,49904.0,1456.28,300,Empresa
V00242,Infinite,46294.0,1545.36,300,Diario
V00243,Signature,72541.0,1441.64,160,Online
V00244,Gold,15286.0,170.84,40,Viajes
V00245,Classic,6802.0,35.05,0,Online
V00246,Signature,23609.0,442.35,160,Diario
V00247,Gold,5813.0,65.34,40,Online
V00248,Infinite,68614.0,1842.94,300,Online
V00249,Infinite,80544.0,2149.93,300,Empresa
V00250,Signature,31990.0,640.95,160,Online
V00251,Classic,7653.0,34.6,0,Viajes
V00252,Gold,15499.0,124.56,40,Viajes
V00253,Signature,48516.0,1027.88,160,Online
V00254,Classic,2191.0,11.0,0,Viajes
V00255,Classic,4537.0,22.19,0,Diario
V00256,Gold,14134.0,167.74,40,Empresa
V00257,Infinite,56442.0,1741.48,300,Online
V00258,Platinum,28458.0,488.93,90,Online
V00259,Gold,13600.0,116.39,40,Diario
V00260,Classic,1344.0,6.91,0,Online
V00261,Gold,18583.0,213.18,40,Diario
V00262,Infinite,42361.0,1313.08,300,Online
V00263,Classic,3375.0,18.35,0,Diario
V00264,Gold,18281.0,173.45,40,Online
V00265,Signature,43571.0,729.36,160,Empresa
V00266,Platinum,35813.0,528.15,90,Diario
V00267,Platinum,23045.0,331.08,90,Empresa
V00268,Platinum,16522.0,284.22,90,Viajes
V00269,Gold,11844.0,106.31,40,Online
V00270,Classic,3042.0,18.05,0,Online
V00271,Platinum,9012.0,159.95,90,Viajes
V00272,Platinum,14239.0,192.02,90,Online
V00273,Signature,65252.0,1225.72,160,Online
V00274,Signature,23917.0,554.02,160,Viajes
V00275,Gold,3818.0,45.31,40,Diario
V00276,Gold,10129.0,99.0,40,Online
V00277,Platinum,14926.0,207.86,90,Online
V00278,Platinum,34372.0,520.96,90,Online
V00279,Platinum,39592.0,638.48,90,Online
V00280,Platinum,16118.0,219.86,90,Viajes
V00281,Signature,36645.0,802.22,160,Online
V00282,Classic,6548.0,26.87,0,Diario
V00283,Gold,10723.0,87.9,40,Viajes
V00284,Classic,4864.0,23.21,0,Diario
V00285,Gold,6499.0,61.18,40,Diario
V00286,Classic,1719.0,7.96,0,Diario
V00287,Gold,6478.0,64.55,40,Diario
V00288,Gold,10528.0,97.73,40,Online
V00289,Classic,2299.0,10.08,0,Diario
V00290,Gold,12234.0,113.02,40,Viajes
V00291,Classic,5702.0,33.93,0,Diario
V00292,Classic,4074.0,19.65,0,Diario
V00293,Platinum,17439.0,255.8,90,Diario
V00294,Gold,5096.0,52.52,40,Diario
V00295,Classic,8244.0,49.19,0,Viajes
V00296,Gold,16350.0,146.6,40,Online
V00297,Platinum,10330.0,166.19,90,Viajes
V00298,Classic,2865.0,15.56,0,Viajes
V00299,Gold,6526.0,68.06,40,Diario
V00300,Classic,7241.0,30.25,0,Online
V00301,Classic,6537.0,35.0,0,Viajes
V00302,Gold,18180.0,150.1,40,Viajes
V00303,Gold,19180.0,199.18,40,Diario
V00304,Platinum,7958.0,130.81,90,Diario
V00305,Platinum,26082.0,346.0,90,Diario
V00306,Infinite,94028.0,3206.3,300,Diario
V00307,Gold,9190.0,74.64,40,Viajes
V00308,Classic,5433.0,30.9,0,Viajes
V00309,Platinum,18386.0,271.41,90,Viajes
V00310,Classic,5131.0,22.76,0,Online
V00311,Gold,16460.0,140.49,40,Online
V00312,Classic,12211.0,72.13,0,Online
V00313,Classic,10499.0,43.52,0,Empresa
V00314,Infinite,41781.0,1102.56,300,Diario
V00315,Signature,36704.0,689.4,160,Diario
V00316,Platinum,12987.0,204.17,90,Diario
V00317,Gold,7491.0,76.25,40,Viajes
V00318,Classic,5309.0,22.57,0,Online
V00319,Classic,3690.0,16.9,0,Diario
V00320,Classic,3996.0,17.89,0,Empresa
V00321,Gold,12433.0,110.08,40,Diario
V00322,Platinum,25900.0,374.69,90,Empresa
V00323,Platinum,25557.0,414.64,90,Diario
V00324,Classic,7005.0,31.07,0,Diario
V00325,Infinite,26560.0,754.31,300,Viajes
V00326,Platinum,13149.0,188.63,90,Diario
V00327,Gold,11219.0,133.57,40,Diario
V00328,Gold,18387.0,217.31,40,Diario
V00329,Gold,30934.0,346.48,40,Online
V00330,Classic,6420.0,28.78,0,Viajes
V00331,Gold,15688.0,129.77,40,Diario
V00332,Platinum,9099.0,126.49,90,Viajes
V00333,Classic,7740.0,35.09,0,Online
V00334,Classic,13438.0,67.35,0,Diario
V00335,Classic,3579.0,19.88,0,Viajes
V00336,Classic,4068.0,23.26,0,Diario
V00337,Signature,48748.0,1109.45,160,Diario
V00338,Platinum,20435.0,289.32,90,Online
V00339,Gold,3247.0,34.9,40,Diario
V00340,Classic,4202.0,19.44,0,Viajes
V00341,Gold,21552.0,177.67,40,Online
V00342,Gold,9474.0,102.38,40,Diario
V00343,Classic,4735.0,19.03,0,Viajes
V00344,Gold,16194.0,156.06,40,Diario
V00345,Gold,13071.0,121.79,40,Empresa
V00346,Gold,9204.0,99.16,40,Viajes
V00347,Platinum,14382.0,238.7,90,Online
V00348,Classic,19063.0,87.85,0,Viajes
V00349,Gold,19811.0,222.8,40,Diario
V00350,Gold,14007.0,128.52,40,Viajes
V00351,Gold,14453.0,141.43,40,Empresa
V00352,Signature,30027.0,655.07,160,Viajes
V00353,Platinum,23821.0,384.89,90,Online
V00354,Classic,4866.0,29.07,0,Online
V00355,Classic,3399.0,15.13,0,Diario
V00356,Platinum,24290.0,388.01,90,Diario
V00357,Classic,4648.0,24.26,0,Viajes
V00358,Gold,13594.0,158.51,40,Viajes
V00359,Infinite,74337.0,1923.57,300,Online
V00360,Gold,13951.0,153.56,40,Empresa
V00361,Gold,6490.0,66.67,40,Diario
V00362,Platinum,16083.0,219.5,90,Diario
V00363,Gold,9390.0,92.94,40,Online
V00364,Gold,17612.0,164.41,40,Diario
V00365,Infinite,85823.0,2656.37,300,Online
V00366,Gold,7407.0,85.6,40,Viajes
V00367,Infinite,26193.0,807.57,300,Online
V00368,Signature,92338.0,1944.06,160,Diario
V00369,Classic,6840.0,34.46,0,Viajes
V00370,Classic,2416.0,9.91,0,Viajes
V00371,Classic,4032.0,18.01,0,Viajes
V00372,Classic,8986.0,44.79,0,Diario
V00373,Classic,13944.0,64.43,0,Online
V00374,Platinum,46985.0,615.06,90,Online
V00375,Classic,6697.0,33.54,0,Diario
V00376,Classic,5510.0,25.6,0,Diario
V00377,Signature,17917.0,323.67,160,Diario
V00378,Classic,5750.0,28.34,0,Viajes
V00379,Platinum,12130.0,155.26,90,Viajes
V00380,Classic,4409.0,25.82,0,Viajes
V00381,Classic,8353.0,47.91,0,Diario
V00382,Platinum,17795.0,289.09,90,Diario
V00383,Gold,9367.0,78.92,40,Viajes
V00384,Signature,31249.0,693.95,160,Viajes
V00385,Platinum,62275.0,1049.19,90,Empresa
V00386,Platinum,10576.0,175.63,90,Diario
V00387,Classic,6346.0,26.83,0,Online
V00388,Classic,12255.0,64.8,0,Viajes
V00389,Platinum,19612.0,333.52,90,Viajes
V00390,Platinum,35993.0,556.6,90,Online
V00391,Infinite,25143.0,798.46,300,Online
V00392,Gold,9875.0,97.11,40,Empresa
V00393,Gold,7014.0,70.95,40,Diario
V00394,Platinum,19505.0,238.08,90,Diario
V00395,Classic,5378.0,28.38,0,Online
V00396,Infinite,56683.0,1415.79,300,Viajes
V00397,Signature,48502.0,944.82,160,Diario
V00398,Gold,2483.0,22.77,40,Diario
V00399,Platinum,14428.0,220.35,90,Diario
V00400,Platinum,22475.0,287.69,90,Online
V00401,Classic,1679.0,9.04,0,Diario
V00402,Signature,43627.0,975.5,160,Diario
V00403,Gold,7789.0,67.4,40,Diario
V00404,Platinum,18285.0,230.86,90,Diario
V00405,Classic,8500.0,36.47,0,Diario
V00406,Signature,58535.0,1347.3,160,Viajes
V00407,Gold,15183.0,153.54,40,Diario
V00408,Classic,2837.0,14.0,0,Online
V00409,Signature,43198.0,728.05,160,Diario
V00410,Classic,7652.0,40.55,0,Viajes
V00411,Classic,6921.0,39.7,0,Online
V00412,Infinite,108308.0,3675.78,300,Online
V00413,Infinite,57443.0,1810.18,300,Viajes
V00414,Gold,21255.0,176.44,40,Diario
V00415,Platinum,38851.0,492.41,90,Diario
V00416,Gold,15516.0,127.19,40,Online
V00417,Classic,6397.0,28.88,0,Empresa
V00418,Classic,6941.0,29.65,0,Online
V00419,Platinum,43891.0,595.17,90,Viajes
V00420,Platinum,33688.0,482.09,90,Online
V00421,Platinum,11130.0,196.53,90,Viajes
V00422,Platinum,24655.0,386.15,90,Diario
V00423,Classic,3407.0,19.32,0,Viajes
V00424,Gold,7663.0,83.08,40,Empresa
V00425,Classic,4503.0,19.03,0,Diario
V00426,Gold,4740.0,51.87,40,Online
V00427,Gold,6566.0,59.75,40,Diario
V00428,Signature,64865.0,1369.49,160,Viajes
V00429,Gold,7637.0,71.51,40,Diario
V00430,Classic,8338.0,49.99,0,Viajes
V00431,Classic,6008.0,27.2,0,Online
V00432,Platinum,26573.0,363.38,90,Diario
V00433,Gold,14800.0,173.5,40,Online
V00434,Classic,3201.0,12.96,0,Online
V00435,Classic,8314.0,44.84,0,Empresa
V00436,Platinum,9772.0,159.79,90,Diario
V00437,Classic,3732.0,21.17,0,Diario
V00438,Platinum,26938.0,480.75,90,Diario
V00439,Platinum,11301.0,201.76,90,Empresa
V00440,Classic,1569.0,6.48,0,Empresa
V00441,Classic,6567.0,37.06,0,Viajes
V00442,Infinite,21186.0,672.78,300,Online
V00443,Gold,15381.0,162.88,40,Viajes
V00444,Gold,9355.0,79.64,40,Viajes
V00445,Platinum,23905.0,380.12,90,Diario
V00446,Infinite,64590.0,2311.66,300,Online
V00447,Infinite,79726.0,2785.77,300,Diario
V00448,Platinum,27329.0,399.95,90,Online
V00449,Gold,6132.0,50.04,40,Online
V00450,Classic,4828.0,22.81,0,Online
V00451,Platinum,23891.0,405.15,90,Diario
V00452,Gold,21442.0,231.7,40,Diario
V00453,Gold,14974.0,147.3,40,Diario
V00454,Signature,59898.0,984.77,160,Diario
V00455,Classic,6688.0,32.46,0,Diario
V00456,Gold,18533.0,183.03,40,Empresa
V00457,Classic,6248.0,36.6,0,Viajes
V00458,Gold,18162.0,191.87,40,Diario
V00459,Classic,4551.0,21.04,0,Diario
V00460,Classic,11324.0,57.19,0,Viajes
V00461,Classic,7064.0,29.19,0,Viajes
V00462,Platinum,8728.0,155.67,90,Viajes
V00463,Platinum,24292.0,343.98,90,Empresa
V00464,Gold,14999.0,148.66,40,Viajes
V00465,Infinite,84546.0,2389.56,300,Empresa
V00466,Gold,26478.0,284.11,40,Online
V00467,Classic,4171.0,22.21,0,Diario
V00468,Signature,77480.0,1683.07,160,Empresa
V00469,Classic,5511.0,25.0,0,Diario
V00470,Infinite,36311.0,1009.01,300,Online
V00471,Classic,4221.0,17.94,0,Diario
V00472,Infinite,72803.0,2319.95,300,Online
V00473,Classic,3340.0,13.63,0,Online
V00474,Signature,26789.0,556.71,160,Online
V00475,Gold,13086.0,150.21,40,Online
V00476,Infinite,112806.0,3913.24,300,Diario
V00477,Classic,8336.0,40.83,0,Diario
V00478,Gold,11252.0,110.69,40,Viajes
V00479,Infinite,72639.0,1810.43,300,Diario
V00480,Gold,12445.0,132.95,40,Online
V00481,Gold,5624.0,63.47,40,Diario
V00482,Platinum,44880.0,604.44,90,Empresa
V00483,Gold,22737.0,220.21,40,Viajes
V00484,Gold,10581.0,120.15,40,Online
V00485,Gold,8604.0,99.02,40,Diario
V00486,Signature,16624.0,298.32,160,Online
V00487,Classic,7489.0,38.2,0,Empresa
V00488,Classic,7514.0,32.95,0,Viajes
V00489,Infinite,34981.0,882.31,300,Viajes
V00490,Signature,36515.0,850.4,160,Online
V00491,Gold,16418.0,185.23,40,Diario
V00492,Gold,8292.0,91.54,40,Viajes
V00493,Classic,4955.0,20.3,0,Diario
V00494,Classic,4930.0,28.04,0,Diario
V00495,Gold,7244.0,70.64,40,Diario
V00496,Gold,10015.0,93.84,40,Diario
V00497,Gold,4287.0,43.67,40,Diario
V00498,Classic,4797.0,20.06,0,Diario
V00499,Infinite,48351.0,1599.44,300,Empresa
V00500,Infinite,53245.0,1650.02,300,Viajes
V00501,Platinum,25649.0,336.5,90,Empresa
V00502,Gold,5435.0,47.57,40,Viajes
V00503,Classic,3017.0,13.18,0,Diario
V00504,Platinum,13096.0,161.63,90,Viajes
V00505,Platinum,9365.0,145.41,90,Viajes
V00506,Classic,7392.0,41.99,0,Diario
V00507,Signature,23621.0,381.24,160,Viajes
V00508,Platinum,19837.0,243.88,90,Diario
V00509,Infinite,34053.0,1051.33,300,Viajes
V00510,Platinum,16611.0,281.01,90,Online
V00511,Gold,12822.0,119.33,40,Diario
V00512,Gold,13134.0,123.44,40,Diario
V00513,Infinite,30908.0,962.97,300,Online
V00514,Signature,30752.0,559.49,160,Viajes
V00515,Classic,3437.0,13.93,0,Diario
V00516,Classic,5171.0,28.29,0,Empresa
V00517,Gold,7738.0,81.27,40,Diario
V00518,Platinum,46278.0,716.59,90,Online
V00519,Infinite,81856.0,2693.08,300,Empresa
V00520,Classic,6710.0,35.9,0,Diario
V00521,Gold,9474.0,83.59,40,Diario
V00522,Gold,16604.0,156.24,40,Diario
V00523,Infinite,53508.0,1365.17,300,Diario
V00524,Signature,69943.0,1191.75,160,Diario
V00525,Signature,50811.0,1087.84,160,Online
V00526,Gold,9026.0,103.21,40,Diario
V00527,Gold,22642.0,268.33,40,Viajes
V00528,Classic,4750.0,24.97,0,Empresa
V00529,Classic,12982.0,56.71,0,Online
V00530,Signature,67765.0,1141.52,160,Viajes
V00531,Platinum,23443.0,395.65,90,Diario
V00532,Infinite,21927.0,678.53,300,Viajes
V00533,Infinite,61464.0,1931.16,300,Viajes
V00534,Gold,5824.0,64.8,40,Viajes
V00535,Platinum,14418.0,233.86,90,Diario
V00536,Infinite,40923.0,1391.93,300,Online
V00537,Signature,16904.0,278.07,160,Viajes
V00538,Classic,6158.0,33.84,0,Diario
V00539,Gold,7370.0,84.04,40,Diario
V00540,Classic,4864.0,22.24,0,Viajes
V00541,Infinite,41109.0,1302.55,300,Online
V00542,Gold,14020.0,129.78,40,Online
V00543,Classic,6759.0,39.99,0,Online
V00544,Platinum,17096.0,208.58,90,Diario
V00545,Gold,14367.0,148.26,40,Viajes
V00546,Gold,19678.0,170.53,40,Viajes
V00547,Classic,1420.0,7.7,0,Diario
V00548,Platinum,14615.0,190.8,90,Diario
V00549,Gold,6450.0,57.67,40,Online
V00550,Platinum,13920.0,208.33,90,Diario
V00551,Gold,2501.0,29.16,40,Viajes
V00552,Signature,8054.0,142.51,160,Diario
V00553,Gold,1562.0,13.4,40,Diario
V00554,Gold,8372.0,92.39,40,Diario
V00555,Signature,24049.0,481.1,160,Empresa
V00556,Gold,21058.0,245.27,40,Online
V00557,Classic,5916.0,25.4,0,Empresa
V00558,Classic,1369.0,7.24,0,Viajes
V00559,Platinum,26007.0,348.42,90,Diario
V00560,Gold,52482.0,452.76,40,Viajes
V00561,Platinum,5218.0,84.01,90,Viajes
V00562,Classic,12090.0,62.72,0,Online
V00563,Classic,5370.0,29.59,0,Diario
V00564,Classic,4369.0,20.18,0,Viajes
V00565,Gold,8041.0,78.74,40,Diario
V00566,Gold,13004.0,125.12,40,Diario
V00567,Gold,8778.0,104.78,40,Online
V00568,Gold,5702.0,52.28,40,Viajes
V00569,Signature,23924.0,439.21,160,Diario
V00570,Classic,6595.0,31.06,0,Diario
V00571,Gold,15427.0,158.26,40,Viajes
V00572,Platinum,46573.0,629.38,90,Online
V00573,Gold,11573.0,134.95,40,Online
V00574,Gold,20250.0,183.52,40,Empresa
V00575,Signature,28930.0,670.21,160,Online
V00576,Infinite,53177.0,1342.28,300,Diario
V00577,Classic,5173.0,27.48,0,Online
V00578,Signature,35817.0,832.96,160,Viajes
V00579,Gold,16786.0,145.62,40,Diario
V00580,Classic,4293.0,25.49,0,Online
V00581,Gold,6642.0,65.17,40,Diario
V00582,Infinite,87255.0,3084.34,300,Empresa
V00583,Gold,16839.0,180.3,40,Viajes
V00584,Classic,10907.0,50.21,0,Viajes
V00585,Platinum,14451.0,189.74,90,Online
V00586,Classic,4867.0,22.42,0,Online
V00587,Classic,8888.0,37.21,0,Viajes
V00588,Classic,4266.0,18.29,0,Viajes
V00589,Classic,7552.0,31.79,0,Diario
V00590,Classic,4971.0,24.09,0,Viajes
V00591,Classic,6484.0,36.25,0,Diario
V00592,Platinum,10334.0,132.77,90,Online
V00593,Classic,5748.0,24.49,0,Viajes
V00594,Classic,606.0,3.2,0,Online
V00595,Signature,56829.0,998.91,160,Diario
V00596,Gold,16097.0,135.06,40,Diario
V00597,Platinum,11733.0,152.54,90,Online
V00598,Classic,12200.0,71.34,0,Diario
V00599,Classic,9449.0,53.32,0,Diario
V00600,Classic,2895.0,13.63,0,Diario
V00601,Classic,4116.0,21.86,0,Empresa
V00602,Classic,2989.0,15.17,0,Online
V00603,Classic,6576.0,35.21,0,Diario
V00604,Classic,4019.0,21.56,0,Diario
V00605,Classic,1633.0,8.59,0,Diario
V00606,Gold,10610.0,96.17,40,Online
V00607,Classic,8555.0,34.89,0,Online
V00608,Gold,11619.0,114.12,40,Diario
V00609,Gold,14427.0,166.83,40,Diario
V00610,Platinum,22345.0,344.49,90,Diario
V00611,Classic,7884.0,44.66,0,Online
V00612,Platinum,23363.0,419.36,90,Online
V00613,Gold,10310.0,89.23,40,Diario
V00614,Classic,5773.0,31.08,0,Diario
V00615,Signature,64787.0,1386.08,160,Diario
V00616,Signature,43266.0,1031.45,160,Empresa
V00617,Classic,3194.0,19.07,0,Diario
V00618,Classic,5726.0,30.77,0,Online
V00619,Platinum,23895.0,321.67,90,Viajes
V00620,Platinum,18575.0,311.9,90,Diario
V00621,Classic,1639.0,6.91,0,Diario
V00622,Classic,3380.0,18.8,0,Diario
V00623,Gold,8791.0,102.33,40,Viajes
V00624,Gold,25798.0,245.89,40,Online
V00625,Gold,14035.0,147.68,40,Viajes
V00626,Gold,4291.0,41.71,40,Viajes
V00627,Gold,10471.0,102.1,40,Diario
V00628,Platinum,37600.0,521.22,90,Empresa
V00629,Classic,3988.0,22.03,0,Online
V00630,Classic,9054.0,53.17,0,Diario
V00631,Platinum,8024.0,141.58,90,Empresa
V00632,Signature,4181.0,72.74,160,Viajes
V00633,Gold,19436.0,223.49,40,Viajes
V00634,Gold,8548.0,93.6,40,Online
V00635,Classic,1688.0,7.61,0,Online
V00636,Gold,8916.0,73.73,40,Online
V00637,Gold,12131.0,110.05,40,Diario
V00638,Classic,6894.0,40.15,0,Diario
V00639,Classic,1002.0,5.28,0,Empresa
V00640,Gold,7635.0,83.1,40,Diario
V00641,Classic,5671.0,25.6,0,Diario
V00642,Classic,6886.0,37.45,0,Viajes
V00643,Classic,3172.0,12.87,0,Viajes
V00644,Classic,4928.0,23.41,0,Viajes
V00645,Classic,3981.0,20.91,0,Empresa
V00646,Signature,35989.0,617.89,160,Diario
V00647,Gold,19092.0,215.59,40,Diario
V00648,Platinum,16829.0,225.68,90,Diario
V00649,Platinum,8895.0,141.55,90,Online
V00650,Gold,7407.0,71.26,40,Viajes
V00651,Classic,12140.0,63.03,0,Diario
V00652,Gold,6776.0,57.12,40,Online
V00653,Gold,5439.0,43.88,40,Online
V00654,Platinum,16280.0,284.21,90,Online
V00655,Gold,10472.0,95.07,40,Empresa
V00656,Classic,4115.0,23.21,0,Diario
V00657,Classic,2196.0,13.17,0,Online
V00658,Gold,12953.0,114.58,40,Viajes
V00659,Platinum,22633.0,307.61,90,Online
V00660,Gold,15479.0,164.87,40,Online
V00661,Gold,12204.0,144.76,40,Online
V00662,Infinite,116447.0,4074.45,300,Online
V00663,Gold,16081.0,160.99,40,Diario
V00664,Classic,7246.0,40.51,0,Viajes
V00665,Classic,9719.0,41.51,0,Empresa
V00666,Classic,5913.0,35.21,0,Empresa
V00667,Classic,4983.0,29.54,0,Diario
V00668,Classic,6439.0,27.86,0,Diario
V00669,Classic,1584.0,7.28,0,Diario
V00670,Classic,5923.0,24.88,0,Online
V00671,Classic,5233.0,23.78,0,Online
V00672,Signature,39640.0,893.0,160,Diario
V00673,Classic,9068.0,43.13,0,Viajes
V00674,Gold,14704.0,122.83,40,Online
V00675,Gold,7418.0,69.5,40,Online
V00676,Infinite,83416.0,2984.34,300,Viajes
V00677,Classic,11728.0,61.68,0,Viajes
V00678,Gold,18368.0,177.52,40,Viajes
V00679,Infinite,25591.0,665.33,300,Diario
V00680,Signature,42661.0,1019.15,160,Viajes
V00681,Platinum,10239.0,173.3,90,Online
V00682,Classic,4726.0,21.56,0,Online
V00683,Classic,6695.0,27.72,0,Viajes
V00684,Platinum,22933.0,282.99,90,Online
V00685,Signature,53057.0,900.01,160,Diario
V00686,Gold,23513.0,242.73,40,Viajes
V00687,Gold,14070.0,164.83,40,Diario
V00688,Classic,4534.0,22.64,0,Diario
V00689,Platinum,6001.0,102.36,90,Online
V00690,Classic,10222.0,50.0,0,Empresa
V00691,Classic,5248.0,28.43,0,Diario
V00692,Gold,10786.0,117.86,40,Viajes
V00693,Gold,11239.0,97.73,40,Online
V00694,Classic,6873.0,32.46,0,Diario
V00695,Classic,6975.0,36.79,0,Viajes
V00696,Gold,9533.0,78.96,40,Online
V00697,Classic,5220.0,24.65,0,Viajes
V00698,Gold,7888.0,79.98,40,Diario
V00699,Classic,3708.0,22.22,0,Diario
V00700,Gold,7395.0,73.2,40,Online
V00701,Gold,10376.0,116.88,40,Viajes
V00702,Classic,3306.0,16.08,0,Diario
V00703,Classic,663.0,3.71,0,Online
V00704,Classic,4492.0,23.32,0,Diario
V00705,Classic,2656.0,15.33,0,Online
V00706,Infinite,58203.0,1683.89,300,Diario
V00707,Classic,3935.0,20.5,0,Empresa
V00708,Platinum,25359.0,400.17,90,Diario
V00709,Classic,2806.0,13.57,0,Diario
V00710,Platinum,6771.0,87.11,90,Diario
V00711,Platinum,19166.0,240.75,90,Diario
V00712,Gold,8779.0,70.82,40,Online
V00713,Gold,5036.0,57.88,40,Empresa
V00714,Gold,16087.0,143.91,40,Diario
V00715,Classic,3094.0,13.68,0,Viajes
V00716,Signature,21055.0,460.86,160,Online
V00717,Signature,51356.0,953.17,160,Online
V00718,Infinite,71179.0,2140.53,300,Viajes
V00719,Classic,2900.0,12.54,0,Diario
V00720,Platinum,16880.0,299.76,90,Viajes
V00721,Infinite,27289.0,933.8,300,Online
V00722,Classic,8487.0,48.61,0,Diario
V00723,Classic,8484.0,40.84,0,Viajes
V00724,Platinum,46224.0,766.12,90,Diario
V00725,Gold,30002.0,257.28,40,Online
V00726,Signature,22808.0,366.5,160,Diario
V00727,Classic,7812.0,31.56,0,Viajes
V00728,Platinum,6125.0,95.06,90,Viajes
V00729,Classic,6049.0,29.71,0,Viajes
V00730,Classic,6815.0,34.32,0,Diario
V00731,Classic,3193.0,12.82,0,Viajes
V00732,Platinum,13844.0,201.24,90,Viajes
V00733,Platinum,31213.0,509.03,90,Viajes
V00734,Gold,13801.0,134.85,40,Viajes
V00735,Gold,23626.0,258.21,40,Online
V00736,Signature,64971.0,1160.65,160,Online
V00737,Gold,3964.0,44.61,40,Diario
V00738,Platinum,15132.0,235.01,90,Online
V00739,Gold,6003.0,53.08,40,Viajes
V00740,Gold,15950.0,142.7,40,Diario
V00741,Gold,12712.0,133.63,40,Diario
V00742,Classic,3123.0,17.68,0,Diario
V00743,Platinum,12498.0,181.14,90,Online
V00744,Gold,19853.0,179.34,40,Online
V00745,Classic,4385.0,25.14,0,Online
V00746,Signature,8704.0,185.87,160,Viajes
V00747,Gold,5924.0,58.01,40,Viajes
V00748,Gold,26039.0,259.13,40,Diario
V00749,Signature,52096.0,918.66,160,Diario
V00750,Gold,5251.0,55.17,40,Viajes
V00751,Classic,6048.0,28.53,0,Diario
V00752,Infinite,86577.0,3112.25,300,Diario
V00753,Gold,3929.0,38.98,40,Viajes
V00754,Classic,9136.0,45.42,0,Online
V00755,Classic,6867.0,35.24,0,Empresa
V00756,Platinum,13389.0,234.31,90,Empresa
V00757,Gold,14842.0,166.28,40,Viajes
V00758,Gold,12803.0,125.53,40,Viajes
V00759,Signature,38645.0,840.51,160,Viajes
V00760,Platinum,21767.0,337.77,90,Online
V00761,Classic,3338.0,16.64,0,Diario
V00762,Classic,3697.0,16.21,0,Viajes
V00763,Classic,4844.0,23.87,0,Online
V00764,Platinum,20655.0,278.32,90,Diario
V00765,Classic,7641.0,44.54,0,Viajes
V00766,Gold,26344.0,246.1,40,Viajes
V00767,Platinum,22704.0,402.17,90,Diario
V00768,Signature,44180.0,895.28,160,Diario
V00769,Classic,8440.0,44.42,0,Diario
V00770,Platinum,28755.0,438.73,90,Diario
V00771,Classic,3266.0,13.91,0,Diario
V00772,Signature,60574.0,1151.3,160,Online
V00773,Classic,9592.0,40.27,0,Diario
V00774,Gold,11790.0,123.7,40,Viajes
V00775,Platinum,12385.0,181.83,90,Diario
V00776,Classic,5587.0,31.04,0,Empresa
V00777,Classic,2124.0,9.43,0,Diario
V00778,Platinum,40506.0,526.07,90,Viajes
V00779,Platinum,14252.0,205.77,90,Online
V00780,Platinum,17283.0,303.48,90,Online
V00781,Platinum,39099.0,635.85,90,Diario
V00782,Gold,20087.0,194.36,40,Online
V00783,Classic,6529.0,32.87,0,Viajes
V00784,Classic,11857.0,49.43,0,Viajes
V00785,Classic,3207.0,19.14,0,Diario
V00786,Signature,38097.0,812.66,160,Diario
V00787,Gold,6444.0,58.91,40,Online
V00788,Gold,18613.0,192.52,40,Viajes
V00789,Gold,18293.0,154.36,40,Viajes
V00790,Infinite,122680.0,4366.19,300,Online
V00791,Classic,5499.0,23.92,0,Online
V00792,Gold,27862.0,295.12,40,Diario
V00793,Gold,6140.0,55.15,40,Viajes
V00794,Gold,10693.0,116.24,40,Diario
V00795,Classic,3134.0,17.41,0,Online
V00796,Signature,35483.0,758.89,160,Online
V00797,Infinite,32905.0,1032.36,300,Empresa
V00798,Gold,18638.0,215.64,40,Diario
V00799,Platinum,25596.0,319.23,90,Diario
V00800,Signature,17043.0,317.81,160,Diario
V00801,Platinum,30297.0,408.7,90,Diario
V00802,Classic,11447.0,68.41,0,Diario
V00803,Gold,14638.0,139.9,40,Empresa
V00804,Gold,4872.0,53.25,40,Diario
V00805,Gold,10166.0,109.17,40,Diario
V00806,Platinum,28554.0,378.98,90,Online
V00807,Infinite,48320.0,1298.26,300,Viajes
V00808,Signature,17776.0,324.42,160,Online
V00809,Gold,19687.0,189.87,40,Diario
V00810,Classic,4723.0,21.11,0,Viajes
V00811,Infinite,114503.0,2775.07,300,Diario
V00812,Signature,24144.0,556.16,160,Diario
V00813,Classic,4578.0,27.15,0,Empresa
V00814,Signature,23127.0,433.23,160,Diario
V00815,Signature,29387.0,549.77,160,Viajes
V00816,Gold,13847.0,111.17,40,Viajes
V00817,Gold,6277.0,67.3,40,Diario
V00818,Gold,5616.0,63.47,40,Online
V00819,Classic,1938.0,8.32,0,Diario
V00820,Classic,1789.0,7.73,0,Online
V00821,Platinum,8995.0,150.58,90,Empresa
V00822,Classic,4124.0,21.58,0,Viajes
V00823,Classic,6027.0,24.65,0,Empresa
V00824,Gold,13465.0,141.25,40,Diario
V00825,Gold,11770.0,108.7,40,Viajes
V00826,Signature,63051.0,1194.8,160,Diario
V00827,Classic,12495.0,69.22,0,Online
V00828,Classic,4735.0,26.62,0,Empresa
V00829,Platinum,11619.0,167.34,90,Diario
V00830,Gold,28714.0,338.5,40,Online
V00831,Classic,9677.0,46.57,0,Diario
V00832,Gold,18654.0,206.82,40,Viajes
V00833,Classic,4034.0,20.04,0,Viajes
V00834,Classic,8365.0,48.48,0,Empresa
V00835,Gold,11818.0,137.46,40,Viajes
V00836,Gold,10581.0,88.35,40,Diario
V00837,Signature,30832.0,724.3,160,Diario
V00838,Gold,14168.0,160.13,40,Diario
V00839,Gold,21963.0,245.22,40,Diario
V00840,Platinum,54795.0,723.59,90,Diario
V00841,Classic,4418.0,24.79,0,Online
V00842,Platinum,22296.0,381.28,90,Viajes
V00843,Classic,5221.0,23.9,0,Viajes
V00844,Infinite,68497.0,2426.65,300,Diario
V00845,Classic,4885.0,20.03,0,Online
V00846,Gold,27446.0,236.03,40,Online
V00847,Classic,3780.0,19.18,0,Diario
V00848,Infinite,44216.0,1366.69,300,Online
V00849,Gold,8133.0,86.05,40,Viajes
V00850,Gold,10177.0,82.11,40,Diario
V00851,Classic,2560.0,15.16,0,Viajes
V00852,Platinum,15065.0,184.81,90,Viajes
V00853,Classic,6816.0,29.21,0,Diario
V00854,Signature,39613.0,638.25,160,Empresa
V00855,Classic,6258.0,32.13,0,Online
V00856,Classic,10512.0,61.65,0,Online
V00857,Classic,6952.0,37.07,0,Viajes
V00858,Gold,20687.0,233.57,40,Viajes
V00859,Gold,29899.0,240.78,40,Online
V00860,Classic,8469.0,43.06,0,Viajes
V00861,Platinum,9414.0,138.93,90,Diario
V00862,Gold,12769.0,127.64,40,Viajes
V00863,Gold,11830.0,98.06,40,Online
V00864,Gold,22882.0,245.7,40,Viajes
V00865,Gold,10372.0,103.85,40,Diario
V00866,Gold,6994.0,77.36,40,Online
V00867,Classic,4239.0,21.07,0,Diario
V00868,Classic,2625.0,11.28,0,Diario
V00869,Signature,3776.0,80.0,160,Diario
V00870,Infinite,137551.0,3585.77,300,Diario
V00871,Gold,11108.0,127.63,40,Online
V00872,Classic,2774.0,14.5,0,Viajes
V00873,Platinum,43816.0,567.12,90,Diario
V00874,Gold,25895.0,306.84,40,Online
V00875,Classic,6019.0,30.32,0,Online
V00876,Classic,2485.0,10.3,0,Online
V00877,Platinum,15748.0,248.2,90,Diario
V00878,Platinum,17950.0,242.67,90,Viajes
V00879,Classic,5651.0,31.69,0,Empresa
V00880,Classic,2981.0,16.8,0,Online
V00881,Classic,8814.0,52.51,0,Diario
V00882,Platinum,5126.0,76.95,90,Diario
V00883,Classic,9523.0,46.76,0,Viajes
V00884,Classic,10520.0,57.93,0,Empresa
V00885,Platinum,16596.0,212.34,90,Viajes
V00886,Classic,5318.0,27.09,0,Viajes
V00887,Platinum,40956.0,625.7,90,Diario
V00888,Classic,7639.0,31.92,0,Online
V00889,Classic,4613.0,22.31,0,Online
V00890,Classic,4909.0,28.01,0,Diario
V00891,Platinum,26048.0,446.38,90,Online
V00892,Signature,76656.0,1287.35,160,Empresa
V00893,Signature,29111.0,486.9,160,Diario
V00894,Gold,9076.0,82.14,40,Viajes
V00895,Platinum,20647.0,356.13,90,Diario
V00896,Classic,5648.0,24.05,0,Online
V00897,Classic,6481.0,35.26,0,Viajes
V00898,Signature,31072.0,522.3,160,Viajes
V00899,Classic,9805.0,51.44,0,Online
V00900,Classic,3346.0,15.77,0,Diario
V00901,Classic,6846.0,38.19,0,Empresa
V00902,Classic,6982.0,31.19,0,Viajes
V00903,Classic,3517.0,18.56,0,Diario
V00904,Gold,13623.0,121.83,40,Online
V00905,Gold,14148.0,153.57,40,Online
V00906,Signature,5817.0,133.73,160,Diario
V00907,Platinum,11610.0,148.15,90,Online
V00908,Classic,11632.0,66.69,0,Empresa
V00909,Classic,3992.0,20.71,0,Diario
V00910,Gold,5541.0,47.15,40,Empresa
V00911,Gold,3476.0,33.75,40,Diario
V00912,Classic,2999.0,12.96,0,Diario
V00913,Gold,10416.0,112.51,40,Diario
V00914,Gold,5307.0,58.57,40,Online
V00915,Gold,15379.0,129.54,40,Online
V00916,Gold,6962.0,69.79,40,Diario
V00917,Classic,6506.0,36.62,0,Viajes
V00918,Infinite,108090.0,3808.44,300,Viajes
V00919,Platinum,38415.0,579.34,90,Diario
V00920,Classic,6449.0,38.05,0,Online
V00921,Signature,16830.0,341.41,160,Online
V00922,Gold,10795.0,103.38,40,Viajes
V00923,Signature,38250.0,871.55,160,Empresa
V00924,Platinum,59867.0,895.48,90,Viajes
V00925,Gold,3454.0,34.15,40,Empresa
V00926,Classic,5408.0,26.94,0,Online
V00927,Classic,7553.0,43.0,0,Viajes
V00928,Gold,11722.0,132.78,40,Diario
V00929,Platinum,22719.0,327.63,90,Online
V00930,Classic,3600.0,16.8,0,Viajes
V00931,Classic,8738.0,43.55,0,Diario
V00932,Signature,32957.0,678.33,160,Diario
V00933,Infinite,61846.0,1661.19,300,Viajes
V00934,Gold,18398.0,205.61,40,Viajes
V00935,Classic,4689.0,23.32,0,Online
V00936,Classic,10195.0,47.59,0,Online
V00937,Classic,2599.0,10.95,0,Diario
V00938,Signature,37135.0,665.12,160,Online
V00939,Classic,3475.0,20.5,0,Diario
V00940,Gold,5941.0,54.78,40,Online
V00941,Classic,13065.0,56.67,0,Online
V00942,Gold,5364.0,52.8,40,Viajes
V00943,Platinum,20926.0,289.67,90,Online
V00944,Platinum,9381.0,114.55,90,Diario
V00945,Classic,9884.0,45.92,0,Viajes
V00946,Classic,4439.0,22.59,0,Online
V00947,Classic,9175.0,46.82,0,Viajes
V00948,Signature,43307.0,816.44,160,Diario
V00949,Signature,88228.0,1727.37,160,Viajes
V00950,Gold,4502.0,53.4,40,Online
V00951,Gold,6302.0,59.93,40,Diario
V00952,Platinum,32742.0,443.63,90,Diario
V00953,Classic,6523.0,29.27,0,Online
V00954,Signature,28421.0,558.82,160,Online
V00955,Gold,27477.0,303.29,40,Diario
V00956,Gold,11004.0,97.1,40,Diario
V00957,Gold,7101.0,76.95,40,Diario
V00958,Classic,9230.0,37.31,0,Diario
V00959,Classic,5598.0,27.08,0,Viajes
V00960,Platinum,21362.0,355.79,90,Online
V00961,Classic,7740.0,36.2,0,Online
V00962,Gold,15783.0,161.85,40,Viajes
V00963,Classic,3127.0,13.79,0,Diario
V00964,Gold,9447.0,103.61,40,Online
V00965,Classic,2424.0,9.95,0,Viajes
V00966,Gold,13145.0,149.99,40,Empresa
V00967,Platinum,47483.0,626.26,90,Viajes
V00968,Classic,3202.0,18.41,0,Diario
V00969,Gold,4304.0,40.5,40,Online
V00970,Gold,7751.0,84.41,40,Diario
V00971,Platinum,17782.0,247.44,90,Online
V00972,Infinite,79264.0,2764.01,300,Diario
V00973,Platinum,16802.0,214.39,90,Diario
V00974,Classic,6633.0,28.9,0,Online
V00975,Classic,4193.0,20.91,0,Diario
V00976,Classic,4992.0,20.79,0,Online
V00977,Gold,6968.0,61.21,40,Diario
V00978,Classic,2881.0,16.96,0,Viajes
V00979,Gold,16138.0,192.14,40,Online
V00980,Gold,8705.0,82.74,40,Viajes
V00981,Classic,6879.0,40.22,0,Diario
V00982,Platinum,12661.0,193.32,90,Diario
V00983,Classic,5521.0,25.06,0,Diario
V00984,Classic,1420.0,7.67,0,Diario
V00985,Platinum,16608.0,264.95,90,Online
V00986,Gold,7325.0,87.58,40,Empresa
V00987,Platinum,35517.0,482.69,90,Online
V00988,Gold,5241.0,56.02,40,Online
V00989,Classic,5102.0,20.94,0,Online
V00990,Platinum,23948.0,303.71,90,Online
V00991,Platinum,33068.0,397.59,90,Diario
V00992,Platinum,30819.0,554.64,90,Empresa
V00993,Classic,5316.0,29.79,0,Online
V00994,Gold,11424.0,127.34,40,Viajes
V00995,Gold,19364.0,194.39,40,Diario
V00996,Classic,5263.0,24.21,0,Viajes
V00997,Signature,35171.0,605.3,160,Viajes
V00998,Classic,9840.0,44.96,0,Online
V00999,Infinite,161716.0,4610.79,300,Viajes
V01000,Gold,12592.0,138.83,40,Diario
V01001,Classic,7179.0,36.46,0,Empresa
V01002,Gold,16561.0,137.62,40,Diario
V01003,Signature,57128.0,922.29,160,Viajes
V01004,Platinum,33478.0,422.29,90,Diario
V01005,Platinum,14725.0,212.97,90,Online
V01006,Platinum,23876.0,420.2,90,Empresa
V01007,Platinum,33593.0,531.59,90,Diario
V01008,Signature,63095.0,1414.25,160,Online
V01009,Classic,5107.0,25.19,0,Diario
V01010,Gold,12863.0,121.51,40,Empresa
V01011,Classic,6810.0,28.72,0,Online
V01012,Infinite,56141.0,1937.49,300,Online
V01013,Infinite,63473.0,2119.87,300,Diario
V01014,Classic,1367.0,5.93,0,Empresa
V01015,Platinum,77233.0,1164.18,90,Online
V01016,Signature,29138.0,579.82,160,Diario
V01017,Classic,5200.0,27.3,0,Online
V01018,Gold,4018.0,47.35,40,Diario
V01019,Signature,10495.0,216.6,160,Online
V01020,Classic,7054.0,35.84,0,Diario
V01021,Platinum,33662.0,414.11,90,Online
V01022,Classic,8351.0,34.45,0,Viajes
V01023,Signature,20111.0,351.92,160,Diario
V01024,Infinite,81073.0,1977.34,300,Diario
V01025,Infinite,51568.0,1697.63,300,Diario
V01026,Gold,9006.0,98.11,40,Viajes
V01027,Signature,14383.0,245.78,160,Diario
V01028,Signature,21537.0,488.65,160,Viajes
V01029,Classic,7137.0,30.76,0,Diario
V01030,Platinum,23748.0,327.89,90,Diario
V01031,Classic,5997.0,26.97,0,Online
V01032,Gold,2635.0,25.0,40,Diario
V01033,Classic,6029.0,27.19,0,Empresa
V01034,Classic,3983.0,19.83,0,Online
V01035,Classic,6500.0,31.3,0,Online
V01036,Platinum,36448.0,653.13,90,Viajes
V01037,Classic,4310.0,17.72,0,Online
V01038,Platinum,21276.0,273.46,90,Diario
V01039,Classic,13698.0,56.24,0,Diario
V01040,Classic,6336.0,33.27,0,Diario
V01041,Gold,10873.0,89.35,40,Online
V01042,Platinum,12759.0,217.14,90,Diario
V01043,Classic,8220.0,41.3,0,Viajes
V01044,Gold,6294.0,63.62,40,Empresa
V01045,Signature,59254.0,1214.28,160,Online
V01046,Gold,15277.0,132.65,40,Viajes
V01047,Classic,4060.0,17.85,0,Diario
V01048,Classic,3546.0,16.45,0,Online
V01049,Signature,20964.0,434.96,160,Viajes
V01050,Classic,1820.0,8.04,0,Diario
V01051,Signature,40650.0,688.23,160,Diario
V01052,Gold,2866.0,34.05,40,Empresa
V01053,Infinite,52565.0,1275.43,300,Online
V01054,Platinum,18625.0,313.2,90,Online
V01055,Infinite,46140.0,1543.68,300,Online
V01056,Gold,13889.0,127.62,40,Viajes
V01057,Platinum,14906.0,191.0,90,Viajes
V01058,Gold,12073.0,103.62,40,Viajes
V01059,Gold,20314.0,219.18,40,Diario
V01060,Gold,14723.0,155.64,40,Viajes
V01061,Signature,25658.0,571.2,160,Online
V01062,Infinite,55227.0,1946.74,300,Viajes
V01063,Platinum,16928.0,273.41,90,Online
V01064,Gold,10083.0,86.95,40,Viajes
V01065,Gold,12264.0,110.05,40,Viajes
V01066,Platinum,8793.0,149.95,90,Viajes
V01067,Classic,2065.0,9.12,0,Viajes
V01068,Classic,3314.0,13.74,0,Online
V01069,Gold,14222.0,153.78,40,Diario
V01070,Classic,7604.0,36.54,0,Viajes
V01071,Classic,8173.0,47.73,0,Diario
V01072,Classic,3388.0,17.96,0,Diario
V01073,Classic,5785.0,24.19,0,Viajes
V01074,Classic,4472.0,26.37,0,Online
V01075,Infinite,51522.0,1396.38,300,Empresa
V01076,Gold,8859.0,82.82,40,Viajes
V01077,Gold,12621.0,121.28,40,Online
V01078,Platinum,13900.0,171.07,90,Viajes
V01079,Classic,9599.0,47.93,0,Viajes
V01080,Infinite,96411.0,2456.54,300,Diario
V01081,Platinum,25667.0,369.75,90,Diario
V01082,Classic,9045.0,42.52,0,Diario
V01083,Gold,4683.0,51.94,40,Viajes
V01084,Signature,57609.0,1291.9,160,Diario
V01085,Infinite,66645.0,1722.17,300,Diario
V01086,Gold,7835.0,74.17,40,Diario
V01087,Gold,7406.0,70.31,40,Empresa
V01088,Classic,11536.0,49.64,0,Diario
V01089,Infinite,82384.0,2766.57,300,Viajes
V01090,Classic,5080.0,27.51,0,Diario
V01091,Infinite,23251.0,611.14,300,Viajes
V01092,Platinum,37128.0,527.23,90,Diario
V01093,Gold,5787.0,48.75,40,Diario
V01094,Gold,9031.0,94.94,40,Viajes
V01095,Classic,5077.0,21.54,0,Diario
V01096,Classic,3672.0,21.93,0,Diario
V01097,Classic,4958.0,27.57,0,Diario
V01098,Classic,5480.0,26.2,0,Diario
V01099,Platinum,17980.0,278.18,90,Diario
V01100,Gold,12940.0,150.69,40,Diario
V01101,Classic,11748.0,60.01,0,Online
V01102,Infinite,23953.0,625.03,300,Viajes
V01103,Signature,34800.0,662.23,160,Viajes
V01104,Signature,16986.0,386.35,160,Diario
V01105,Infinite,22550.0,715.52,300,Empresa
V01106,Classic,8705.0,46.15,0,Diario
V01107,Gold,12456.0,142.84,40,Diario
V01108,Platinum,7949.0,138.03,90,Viajes
V01109,Platinum,18169.0,318.3,90,Diario
V01110,Classic,3319.0,13.91,0,Diario
V01111,Platinum,4753.0,72.55,90,Viajes
V01112,Classic,5047.0,27.66,0,Online
V01113,Classic,7740.0,42.68,0,Viajes
V01114,Gold,14697.0,153.24,40,Online
V01115,Gold,8893.0,77.08,40,Empresa
V01116,Gold,17816.0,199.36,40,Diario
V01117,Classic,10552.0,57.41,0,Diario
V01118,Signature,45522.0,759.72,160,Diario
V01119,Classic,4052.0,19.97,0,Viajes
V01120,Classic,5135.0,22.33,0,Viajes
V01121,Signature,67457.0,1261.43,160,Empresa
V01122,Infinite,46259.0,1120.25,300,Online
V01123,Signature,42935.0,824.47,160,Viajes
V01124,Platinum,13360.0,204.4,90,Diario
V01125,Platinum,32776.0,515.16,90,Online
V01126,Gold,6825.0,72.71,40,Empresa
V01127,Classic,5253.0,29.8,0,Online
V01128,Gold,14460.0,128.14,40,Diario
V01129,Gold,25473.0,216.06,40,Viajes
V01130,Classic,6170.0,35.19,0,Diario
V01131,Platinum,17525.0,226.77,90,Diario
V01132,Gold,9179.0,109.22,40,Diario
V01133,Classic,8745.0,49.72,0,Viajes
V01134,Classic,6938.0,34.7,0,Online
V01135,Platinum,28098.0,502.63,90,Diario
V01136,Classic,11160.0,46.81,0,Diario
V01137,Signature,33101.0,609.87,160,Viajes
V01138,Gold,13385.0,141.25,40,Diario
V01139,Gold,9112.0,85.65,40,Diario
V01140,Gold,7132.0,83.54,40,Viajes
V01141,Platinum,14510.0,179.83,90,Online
V01142,Classic,1095.0,5.58,0,Diario
V01143,Platinum,26375.0,410.0,90,Diario
V01144,Gold,13648.0,144.82,40,Diario
V01145,Classic,7117.0,32.11,0,Empresa
V01146,Signature,20037.0,379.03,160,Online
V01147,Platinum,14649.0,249.94,90,Online
V01148,Platinum,14389.0,189.5,90,Diario
V01149,Signature,54670.0,1236.36,160,Viajes
V01150,Signature,35309.0,723.88,160,Diario
V01151,Platinum,20690.0,342.9,90,Viajes
V01152,Signature,46766.0,1015.24,160,Empresa
V01153,Platinum,14415.0,190.93,90,Viajes
V01154,Platinum,24238.0,373.58,90,Online
V01155,Gold,27113.0,311.01,40,Online
V01156,Platinum,37042.0,540.54,90,Diario
V01157,Classic,6560.0,38.92,0,Empresa
V01158,Signature,33558.0,658.33,160,Diario
V01159,Signature,41335.0,708.58,160,Viajes
V01160,Classic,10792.0,51.57,0,Diario
V01161,Platinum,38190.0,676.35,90,Diario
V01162,Classic,11686.0,54.22,0,Viajes
V01163,Classic,6228.0,35.73,0,Diario
V01164,Platinum,5226.0,90.34,90,Viajes
V01165,Classic,13081.0,61.49,0,Viajes
V01166,Platinum,13059.0,163.23,90,Diario
V01167,Signature,9062.0,197.52,160,Diario
V01168,Gold,15903.0,147.04,40,Viajes
V01169,Classic,1445.0,8.04,0,Diario
V01170,Classic,5582.0,27.27,0,Online
V01171,Gold,2861.0,28.44,40,Online
V01172,Infinite,46304.0,1543.54,300,Online
V01173,Platinum,42898.0,613.19,90,Online
V01174,Classic,6602.0,32.26,0,Viajes
V01175,Platinum,20357.0,290.23,90,Online
V01176,Gold,13945.0,132.05,40,Diario
V01177,Platinum,2989.0,45.3,90,Diario
V01178,Classic,3882.0,21.81,0,Online
V01179,Platinum,15449.0,218.92,90,Viajes
V01180,Gold,15054.0,152.0,40,Online
V01181,Infinite,31282.0,1002.55,300,Online
V01182,Classic,6091.0,27.65,0,Online
V01183,Platinum,19345.0,264.35,90,Empresa
V01184,Infinite,39986.0,1407.55,300,Viajes
V01185,Classic,4143.0,22.57,0,Diario
V01186,Infinite,52508.0,1623.88,300,Viajes
V01187,Platinum,6275.0,99.69,90,Diario
V01188,Classic,8072.0,32.76,0,Viajes
V01189,Classic,3548.0,18.58,0,Online
V01190,Platinum,17552.0,264.28,90,Online
V01191,Classic,11488.0,58.49,0,Diario
V01192,Gold,16281.0,153.66,40,Diario
V01193,Classic,2812.0,11.71,0,Viajes
V01194,Gold,1423.0,12.48,40,Diario
V01195,Classic,7122.0,42.03,0,Online
V01196,Signature,28513.0,549.43,160,Diario
V01197,Infinite,61093.0,1808.36,300,Diario
V01198,Infinite,80061.0,1972.1,300,Diario
V01199,Platinum,31667.0,387.14,90,Viajes
V01200,Classic,4392.0,23.87,0,Viajes
