pin_id,categoria,pais,mes,es_video,impresiones,clics,guardados
PIN100000,Recetas,EEUU,7,False,34978,1299,880
PIN100001,Belleza,EEUU,11,False,7524,286,221
PIN100002,DIY,Espana,12,True,14148,1284,204
PIN100003,Viajes,Espana,10,False,1118,65,56
PIN100004,Viajes,Brasil,5,True,3248,79,277
PIN100005,Jardineria,EEUU,4,True,5076,104,190
PIN100006,Recetas,Mexico,1,False,4422,242,157
PIN100007,DIY,Brasil,12,False,19366,583,353
PIN100008,Decoracion,India,9,False,63672,271,4647
PIN100009,Recetas,EEUU,12,False,4034,94,185
PIN100010,Fitness,EEUU,10,False,3532,63,95
PIN100011,Tecnologia,India,6,True,7110,194,180
PIN100012,Belleza,Mexico,2,False,39826,1035,1345
PIN100013,Belleza,EEUU,1,True,3201,132,76
PIN100014,Belleza,EEUU,10,False,11759,337,336
PIN100015,Belleza,Brasil,4,True,48098,1840,1535
PIN100016,Fitness,Mexico,5,False,1749,5,44
PIN100017,Moda,Mexico,11,False,3169,158,244
PIN100018,Jardineria,India,6,False,4527,170,102
PIN100019,Viajes,EEUU,12,True,5679,402,96
PIN100020,Fitness,EEUU,7,False,15253,124,255
PIN100021,Bodas,Mexico,10,False,15207,639,569
PIN100022,Moda,India,2,False,2068,85,462
PIN100023,Tecnologia,EEUU,5,False,9119,74,151
PIN100024,Belleza,Mexico,3,False,5641,641,246
PIN100025,DIY,EEUU,1,False,31993,2632,412
PIN100026,Viajes,EEUU,12,False,5166,182,190
PIN100027,Jardineria,India,7,False,3755,131,223
PIN100028,Fitness,EEUU,5,False,11968,28,311
PIN100029,Viajes,EEUU,5,False,17811,841,2041
PIN100030,Viajes,Brasil,3,False,13441,825,210
PIN100031,Decoracion,EEUU,2,True,2410,29,106
PIN100032,Recetas,EEUU,11,True,18510,901,668
PIN100033,Fitness,Brasil,2,True,2974,172,47
PIN100034,Jardineria,EEUU,5,False,8111,303,375
PIN100035,Recetas,Mexico,2,False,3249,47,244
PIN100036,Jardineria,EEUU,12,False,9787,369,303
PIN100037,Jardineria,EEUU,3,False,3236,133,286
PIN100038,Decoracion,Mexico,5,False,3420,46,209
PIN100039,DIY,EEUU,10,False,19356,939,2523
PIN100040,Moda,India,7,False,12185,69,415
PIN100041,Belleza,India,5,False,5462,541,791
PIN100042,Belleza,Brasil,7,False,34500,715,504
PIN100043,Bodas,EEUU,6,True,8275,121,753
PIN100044,Recetas,EEUU,4,True,11776,271,591
PIN100045,Tecnologia,India,8,False,7325,198,106
PIN100046,Viajes,Espana,5,False,5203,277,124
PIN100047,Jardineria,Brasil,12,True,10005,560,604
PIN100048,DIY,Brasil,6,False,6366,238,184
PIN100049,Belleza,EEUU,10,True,6533,133,803
PIN100050,Belleza,EEUU,3,True,31865,875,1813
PIN100051,Moda,Mexico,8,True,3911,33,120
PIN100052,Bodas,Mexico,7,False,1485,109,222
PIN100053,Viajes,EEUU,9,False,38092,812,1683
PIN100054,Viajes,Mexico,6,False,88506,1472,878
PIN100055,Recetas,Brasil,9,False,7977,725,573
PIN100056,Fitness,EEUU,1,False,1375,41,48
PIN100057,Moda,EEUU,9,False,7453,236,251
PIN100058,Belleza,Brasil,10,False,7302,124,455
PIN100059,DIY,Brasil,6,True,8637,151,695
PIN100060,Tecnologia,India,1,False,2182,14,61
PIN100061,Belleza,EEUU,7,True,15799,357,464
PIN100062,Bodas,India,10,False,19587,530,764
PIN100063,Tecnologia,Brasil,6,False,1577,56,73
PIN100064,Viajes,Brasil,2,True,16823,873,564
PIN100065,Bodas,EEUU,5,False,77201,1232,8059
PIN100066,Tecnologia,EEUU,12,False,6721,54,198
PIN100067,Bodas,Espana,4,False,9072,1729,1414
PIN100068,Recetas,EEUU,7,True,10083,278,461
PIN100069,Viajes,EEUU,5,True,15606,113,1573
PIN100070,Belleza,India,9,False,2062,44,100
PIN100071,Moda,EEUU,6,False,11374,561,164
PIN100072,Viajes,India,5,False,6372,22,223
PIN100073,Moda,Espana,7,True,51395,2168,2176
PIN100074,DIY,Brasil,7,False,8759,460,586
PIN100075,Viajes,EEUU,6,False,40090,2382,3795
PIN100076,Bodas,Mexico,4,False,4601,108,497
PIN100077,Decoracion,Mexico,2,True,17970,691,1066
PIN100078,Fitness,India,9,False,9821,543,258
PIN100079,DIY,EEUU,5,False,4733,212,83
PIN100080,Tecnologia,EEUU,8,True,6754,86,123
PIN100081,Viajes,India,5,True,26644,384,609
PIN100082,Moda,EEUU,11,True,7365,416,170
PIN100083,Jardineria,Mexico,9,False,1513,33,30
PIN100084,DIY,EEUU,5,False,10070,558,204
PIN100085,Belleza,EEUU,4,False,4236,99,272
PIN100086,Recetas,Mexico,9,True,8436,428,99
PIN100087,Bodas,Mexico,1,False,11394,381,431
PIN100088,Belleza,Mexico,1,False,2107,75,84
PIN100089,Jardineria,Espana,2,False,1614,23,16
PIN100090,Viajes,Brasil,5,True,13855,255,161
PIN100091,Jardineria,India,6,False,4149,68,361
PIN100092,Jardineria,EEUU,4,False,744,7,23
PIN100093,Bodas,EEUU,3,False,24732,1178,930
PIN100094,Jardineria,EEUU,4,False,8383,101,696
PIN100095,Decoracion,Brasil,6,False,5640,217,718
PIN100096,Decoracion,EEUU,4,False,3320,70,156
PIN100097,DIY,Mexico,7,False,21590,555,882
PIN100098,DIY,Espana,5,False,13971,618,478
PIN100099,Moda,Mexico,12,False,83105,11717,7042
PIN100100,Jardineria,Brasil,12,True,9561,36,430
PIN100101,Moda,Espana,8,False,13883,1365,744
PIN100102,Jardineria,Espana,7,False,5678,50,515
PIN100103,Recetas,EEUU,1,True,23760,808,612
PIN100104,Belleza,Espana,8,True,16455,327,480
PIN100105,Belleza,EEUU,5,True,28847,1938,971
PIN100106,Belleza,Brasil,4,False,5928,257,213
PIN100107,DIY,EEUU,10,False,6945,600,97
PIN100108,Viajes,EEUU,1,True,5891,192,179
PIN100109,Belleza,EEUU,4,False,19086,632,859
PIN100110,Decoracion,Espana,10,False,40674,526,1517
PIN100111,Belleza,India,12,False,6265,657,807
PIN100112,Fitness,EEUU,7,False,5075,42,221
PIN100113,Viajes,EEUU,7,False,11925,388,100
PIN100114,Fitness,Espana,12,True,5945,382,230
PIN100115,Fitness,India,2,True,17279,732,1815
PIN100116,Recetas,Brasil,6,False,1594,66,34
PIN100117,Moda,EEUU,3,False,4720,216,58
PIN100118,Decoracion,Mexico,6,False,5309,208,871
PIN100119,Moda,Brasil,11,True,1304,2,88
PIN100120,Viajes,Brasil,8,True,3844,149,370
PIN100121,DIY,Espana,12,False,4544,192,39
PIN100122,DIY,Brasil,7,True,8551,376,489
PIN100123,Viajes,Mexico,11,False,24369,399,831
PIN100124,Jardineria,EEUU,3,False,5299,224,197
PIN100125,Fitness,EEUU,4,True,2983,104,161
PIN100126,Recetas,EEUU,4,True,10877,490,449
PIN100127,Belleza,EEUU,10,False,24057,1187,1926
PIN100128,Fitness,EEUU,7,False,3129,53,117
PIN100129,DIY,Brasil,3,True,4563,159,291
PIN100130,Fitness,Brasil,3,False,12156,615,235
PIN100131,Fitness,EEUU,5,True,6074,333,201
PIN100132,Recetas,EEUU,2,True,20416,472,287
PIN100133,Fitness,Mexico,9,True,7303,209,226
PIN100134,Belleza,Espana,11,True,17622,43,1040
PIN100135,Bodas,EEUU,12,False,4888,253,344
PIN100136,DIY,Brasil,3,False,10119,442,230
PIN100137,Recetas,EEUU,6,True,9484,1457,572
PIN100138,Bodas,EEUU,7,False,4169,555,407
PIN100139,Viajes,Brasil,6,False,2282,120,64
PIN100140,Tecnologia,Mexico,6,False,10614,477,148
PIN100141,Decoracion,EEUU,3,False,7781,311,243
PIN100142,Decoracion,Mexico,2,True,4297,146,345
PIN100143,Viajes,India,5,False,8274,683,237
PIN100144,Tecnologia,EEUU,2,True,15754,1089,550
PIN100145,Jardineria,Mexico,1,False,932,10,29
PIN100146,Recetas,EEUU,7,True,3049,111,250
PIN100147,Decoracion,Espana,11,False,4690,235,274
PIN100148,Jardineria,Espana,7,False,24247,519,1280
PIN100149,Recetas,EEUU,1,False,14729,1102,2422
PIN100150,Jardineria,EEUU,11,True,13031,755,231
PIN100151,Decoracion,Brasil,9,False,3875,29,185
PIN100152,Tecnologia,EEUU,4,False,2170,31,74
PIN100153,Decoracion,India,4,False,15862,377,1131
PIN100154,Viajes,EEUU,11,True,9493,129,313
PIN100155,DIY,Brasil,6,True,16697,38,300
PIN100156,Moda,Mexico,2,True,8312,42,307
PIN100157,Fitness,EEUU,4,False,9467,114,558
PIN100158,Fitness,Brasil,4,False,8508,24,138
PIN100159,Belleza,Brasil,5,False,18865,492,1074
PIN100160,Tecnologia,Espana,5,False,11826,270,304
PIN100161,DIY,Espana,7,False,2457,35,90
PIN100162,Viajes,Mexico,4,False,1279,14,55
PIN100163,Viajes,Mexico,8,False,22057,786,980
PIN100164,Viajes,Espana,6,False,26058,1421,1812
PIN100165,Jardineria,Brasil,12,True,2687,105,41
PIN100166,Bodas,EEUU,10,False,2379,149,155
PIN100167,Moda,Espana,4,False,10730,855,339
PIN100168,Bodas,Mexico,1,False,28191,367,2215
PIN100169,Recetas,India,8,False,57299,1280,2330
PIN100170,Moda,EEUU,5,False,15575,849,731
PIN100171,Recetas,EEUU,11,False,8218,444,301
PIN100172,Belleza,EEUU,5,False,4271,13,446
PIN100173,Belleza,Mexico,4,False,9515,867,541
PIN100174,DIY,Espana,5,True,7837,243,496
PIN100175,Viajes,EEUU,11,True,3675,255,245
PIN100176,Belleza,EEUU,2,False,59002,2918,1894
PIN100177,Moda,India,12,False,48583,3286,1636
PIN100178,Tecnologia,Espana,3,True,15868,179,521
PIN100179,Fitness,Mexico,11,False,3283,135,266
PIN100180,Tecnologia,EEUU,7,False,12344,544,439
PIN100181,Moda,EEUU,7,False,17391,336,689
PIN100182,Viajes,EEUU,3,True,13374,437,370
PIN100183,DIY,EEUU,9,False,31289,1610,1088
PIN100184,Viajes,Espana,8,True,15890,319,445
PIN100185,Viajes,EEUU,6,True,17449,432,881
PIN100186,Moda,EEUU,6,True,17349,1159,769
PIN100187,Bodas,EEUU,8,True,16617,661,323
PIN100188,Decoracion,EEUU,6,True,2215,14,292
PIN100189,Bodas,EEUU,12,False,13204,653,1174
PIN100190,DIY,EEUU,1,False,6239,111,821
PIN100191,DIY,EEUU,4,True,3301,161,80
PIN100192,DIY,Mexico,11,False,46117,166,3625
PIN100193,Bodas,India,10,False,57716,3468,538
PIN100194,Tecnologia,Mexico,5,False,19376,310,848
PIN100195,Recetas,EEUU,7,False,14373,227,994
PIN100196,Bodas,India,1,True,41087,2157,1691
PIN100197,Moda,India,3,False,9929,353,289
PIN100198,Bodas,Espana,12,False,14688,217,878
PIN100199,Tecnologia,EEUU,8,False,2220,77,89
PIN100200,Bodas,Brasil,1,False,17474,1163,561
PIN100201,Tecnologia,India,10,False,6088,138,25
PIN100202,Viajes,Brasil,5,False,2859,154,69
PIN100203,DIY,Mexico,7,False,9772,359,422
PIN100204,Viajes,Mexico,11,False,8396,596,353
PIN100205,Decoracion,India,11,True,53212,887,3642
PIN100206,Belleza,EEUU,2,True,20938,170,1758
PIN100207,Tecnologia,EEUU,5,True,5830,88,480
PIN100208,Decoracion,Brasil,4,True,13277,716,616
PIN100209,Belleza,EEUU,11,False,9796,168,621
PIN100210,Decoracion,EEUU,10,False,8875,232,154
PIN100211,Belleza,EEUU,8,True,3617,124,54
PIN100212,Belleza,EEUU,1,True,8234,222,553
PIN100213,Viajes,EEUU,10,True,4654,126,136
PIN100214,Belleza,Mexico,7,False,3124,103,301
PIN100215,Decoracion,Espana,4,False,16788,561,74
PIN100216,Recetas,Mexico,6,False,16232,3012,2056
PIN100217,Recetas,EEUU,6,False,2372,48,42
PIN100218,Viajes,India,4,False,8081,99,785
PIN100219,Tecnologia,Mexico,11,False,13997,178,190
PIN100220,Moda,India,12,False,25325,933,1700
PIN100221,Viajes,EEUU,1,False,22539,327,984
PIN100222,Belleza,EEUU,12,False,9750,410,298
PIN100223,Decoracion,Brasil,5,False,5023,240,187
PIN100224,Belleza,Brasil,10,False,3613,103,212
PIN100225,Bodas,EEUU,10,True,16674,777,2543
PIN100226,Jardineria,Mexico,8,True,9219,30,547
PIN100227,Fitness,Mexico,9,True,23330,378,578
PIN100228,Fitness,EEUU,9,False,19726,599,752
PIN100229,Moda,Mexico,11,False,8732,90,168
PIN100230,Viajes,EEUU,6,True,3008,115,76
PIN100231,Jardineria,EEUU,9,False,4964,90,112
PIN100232,Recetas,India,12,False,13893,187,486
PIN100233,Belleza,Espana,12,False,7868,318,231
PIN100234,Viajes,Brasil,2,True,5398,360,274
PIN100235,Belleza,Brasil,6,True,11800,280,609
PIN100236,DIY,India,7,False,6535,82,400
PIN100237,Viajes,Espana,8,False,5164,111,537
PIN100238,Bodas,Espana,8,False,16187,462,2991
PIN100239,DIY,EEUU,11,False,7154,477,868
PIN100240,Moda,Mexico,7,False,12212,896,766
PIN100241,Fitness,Espana,9,True,9425,403,274
PIN100242,Recetas,Brasil,11,False,4168,201,636
PIN100243,DIY,EEUU,2,False,6668,258,421
PIN100244,DIY,EEUU,8,True,37043,227,2870
PIN100245,Recetas,India,5,False,4086,70,554
PIN100246,Belleza,Brasil,11,True,1486,73,44
PIN100247,Viajes,EEUU,7,False,1768,33,18
PIN100248,Belleza,Mexico,8,True,9665,236,597
PIN100249,Recetas,Espana,10,False,11764,226,937
PIN100250,Moda,Brasil,3,False,8847,311,422
PIN100251,Viajes,EEUU,7,True,26684,563,2875
PIN100252,Moda,Espana,10,True,977,19,38
PIN100253,Bodas,EEUU,10,True,17457,631,2832
PIN100254,DIY,EEUU,3,True,41392,3029,1840
PIN100255,Moda,Brasil,11,False,3623,164,58
PIN100256,DIY,EEUU,2,False,7296,71,89
PIN100257,Moda,EEUU,4,True,5038,113,480
PIN100258,Moda,EEUU,11,False,4447,222,226
PIN100259,Fitness,Espana,8,False,5537,191,146
PIN100260,Belleza,Brasil,7,True,33774,764,2234
PIN100261,Moda,EEUU,7,True,50916,6034,1906
PIN100262,Decoracion,Brasil,12,False,7885,117,541
PIN100263,Tecnologia,Brasil,3,False,31604,704,948
PIN100264,Tecnologia,EEUU,4,False,5956,212,115
PIN100265,Fitness,Brasil,6,False,35446,371,1945
PIN100266,Viajes,EEUU,11,False,8295,399,735
PIN100267,Bodas,Espana,7,False,13776,553,1489
PIN100268,DIY,EEUU,9,False,14173,592,128
PIN100269,Fitness,EEUU,10,False,127566,3378,4796
PIN100270,Decoracion,EEUU,11,True,22763,208,830
PIN100271,Recetas,EEUU,6,False,6102,376,710
PIN100272,Moda,Brasil,6,False,23358,140,2502
PIN100273,Tecnologia,Mexico,1,False,4195,48,338
PIN100274,Viajes,India,1,False,5836,276,193
PIN100275,Viajes,Espana,6,False,20292,742,606
PIN100276,Viajes,Mexico,9,False,9266,201,793
PIN100277,Belleza,EEUU,11,False,12073,254,119
PIN100278,Recetas,Mexico,5,False,11588,422,363
PIN100279,Recetas,EEUU,7,False,15458,166,1251
PIN100280,Decoracion,India,10,False,15541,564,1569
PIN100281,Viajes,India,4,True,1659,57,64
PIN100282,DIY,EEUU,2,True,18554,38,813
PIN100283,Viajes,Mexico,12,False,3783,306,66
PIN100284,Viajes,Mexico,7,False,2533,96,75
PIN100285,Tecnologia,Mexico,2,False,5481,184,390
PIN100286,Moda,EEUU,4,False,10587,242,805
PIN100287,Fitness,Mexico,4,False,4006,279,313
PIN100288,Fitness,Brasil,3,False,15506,1019,219
PIN100289,Viajes,EEUU,6,True,2763,192,61
PIN100290,Jardineria,Espana,10,False,4594,111,96
PIN100291,Decoracion,EEUU,9,False,6322,435,458
PIN100292,Tecnologia,India,12,False,5539,107,119
PIN100293,Bodas,EEUU,11,False,15722,909,322
PIN100294,Fitness,EEUU,4,False,3044,22,114
PIN100295,Fitness,EEUU,1,False,14095,296,816
PIN100296,Jardineria,Brasil,2,False,6960,445,91
PIN100297,Viajes,Brasil,10,False,1723,49,93
PIN100298,Decoracion,EEUU,5,False,1907,37,103
PIN100299,Recetas,EEUU,9,True,11319,412,1492
PIN100300,Bodas,Brasil,6,True,10062,100,222
PIN100301,Jardineria,Espana,11,True,6006,296,173
PIN100302,Recetas,EEUU,7,False,11162,878,1966
PIN100303,Jardineria,India,11,True,8041,68,251
PIN100304,Fitness,EEUU,4,False,17211,296,547
PIN100305,Moda,Espana,10,False,3677,28,94
PIN100306,Bodas,EEUU,7,False,4333,324,607
PIN100307,Fitness,Brasil,3,False,2826,51,171
PIN100308,Bodas,Brasil,3,False,15864,356,1444
PIN100309,Moda,EEUU,4,True,29915,2736,3614
PIN100310,DIY,Mexico,2,False,6970,285,114
PIN100311,DIY,India,12,False,1165,44,89
PIN100312,Moda,Brasil,3,False,2197,87,108
PIN100313,Decoracion,Espana,8,False,5077,168,138
PIN100314,Decoracion,Espana,7,True,6476,222,595
PIN100315,DIY,India,7,False,7113,168,817
PIN100316,Belleza,EEUU,8,True,9747,838,30
PIN100317,Belleza,EEUU,11,False,7138,243,596
PIN100318,Tecnologia,EEUU,12,True,14684,198,518
PIN100319,Belleza,Brasil,11,False,5171,183,49
PIN100320,Bodas,EEUU,6,True,5693,220,298
PIN100321,Moda,EEUU,9,True,15062,231,309
PIN100322,DIY,Mexico,3,True,2642,168,145
PIN100323,Tecnologia,EEUU,11,False,8154,23,226
PIN100324,Tecnologia,EEUU,3,True,6320,47,101
PIN100325,Decoracion,Espana,2,False,9324,611,625
PIN100326,Decoracion,EEUU,10,True,44094,3223,3268
PIN100327,Recetas,India,10,False,6580,149,113
PIN100328,Moda,EEUU,2,True,62205,1091,4944
PIN100329,Fitness,Brasil,12,False,6053,84,151
PIN100330,Fitness,Espana,2,True,2410,59,111
PIN100331,Bodas,EEUU,1,True,13044,228,1493
PIN100332,Bodas,EEUU,12,True,4713,298,581
PIN100333,Jardineria,Espana,3,True,3395,77,117
PIN100334,Viajes,EEUU,3,False,12841,411,381
PIN100335,Jardineria,EEUU,10,True,10788,329,1067
PIN100336,Tecnologia,India,8,False,3340,90,23
PIN100337,Bodas,Espana,7,False,29658,836,719
PIN100338,Decoracion,India,12,True,29955,1688,350
PIN100339,Tecnologia,EEUU,2,False,20760,1930,301
PIN100340,DIY,EEUU,12,True,16411,738,1280
PIN100341,Decoracion,Mexico,4,True,36034,1701,2737
PIN100342,DIY,EEUU,8,True,1963,66,84
PIN100343,Fitness,EEUU,4,True,5578,121,519
PIN100344,Tecnologia,EEUU,4,True,2699,69,13
PIN100345,Decoracion,EEUU,4,False,11827,577,680
PIN100346,Tecnologia,Brasil,7,False,3491,20,43
PIN100347,Tecnologia,EEUU,11,False,4984,122,171
PIN100348,Moda,India,2,True,53006,1877,3208
PIN100349,Moda,EEUU,8,False,8446,60,406
PIN100350,Fitness,EEUU,11,False,10683,79,527
PIN100351,Recetas,EEUU,9,True,9304,109,248
PIN100352,Decoracion,Espana,12,False,11376,120,599
PIN100353,Viajes,India,1,True,9061,243,225
PIN100354,Tecnologia,Brasil,5,False,8591,304,111
PIN100355,Tecnologia,EEUU,6,False,16289,226,589
PIN100356,Moda,Espana,7,False,42929,901,1857
PIN100357,Jardineria,Brasil,4,False,8665,71,45
PIN100358,Recetas,EEUU,4,False,19384,1428,269
PIN100359,Belleza,Espana,11,True,3407,144,43
PIN100360,Jardineria,EEUU,3,False,6089,81,458
PIN100361,Jardineria,Espana,12,True,15210,120,131
PIN100362,Decoracion,Espana,1,True,23065,1886,1609
PIN100363,Jardineria,EEUU,6,True,7942,231,269
PIN100364,Moda,India,8,False,21691,279,1570
PIN100365,Fitness,Espana,12,False,11442,323,88
PIN100366,Viajes,India,10,False,26354,216,1783
PIN100367,Bodas,Brasil,1,False,15870,554,1443
PIN100368,Recetas,EEUU,9,True,8336,332,795
PIN100369,Belleza,Espana,4,False,12707,350,848
PIN100370,Bodas,EEUU,11,True,969,101,106
PIN100371,DIY,Brasil,10,False,14396,527,292
PIN100372,Viajes,EEUU,3,True,434,10,13
PIN100373,Bodas,India,5,False,2676,52,344
PIN100374,Jardineria,Mexico,10,False,9834,141,418
PIN100375,Recetas,Mexico,12,False,17535,1361,1687
PIN100376,Belleza,Espana,8,True,3373,242,80
PIN100377,Belleza,Mexico,3,True,5009,178,201
PIN100378,Bodas,Mexico,5,False,41829,2642,1044
PIN100379,Decoracion,Mexico,10,True,6914,212,430
PIN100380,Recetas,EEUU,8,True,85499,5842,2409
PIN100381,Tecnologia,Mexico,3,False,5762,187,118
PIN100382,Tecnologia,EEUU,4,False,8289,242,35
PIN100383,Decoracion,Mexico,3,False,45241,3107,1055
PIN100384,Recetas,Mexico,6,False,12864,861,386
PIN100385,Moda,EEUU,6,True,4045,216,64
PIN100386,Recetas,Brasil,7,False,10377,428,1208
PIN100387,Jardineria,Espana,12,True,6378,142,38
PIN100388,Jardineria,Mexico,8,False,1998,32,37
PIN100389,Moda,Mexico,8,False,7823,46,148
PIN100390,Belleza,Mexico,5,True,4878,267,287
PIN100391,Moda,Brasil,8,True,22442,937,1868
PIN100392,Bodas,EEUU,12,False,12639,769,723
PIN100393,Fitness,EEUU,1,False,5754,3,330
PIN100394,Belleza,Mexico,5,False,8569,109,935
PIN100395,Jardineria,EEUU,1,False,8024,192,41
PIN100396,Recetas,EEUU,3,False,19863,744,845
PIN100397,Moda,EEUU,1,True,4054,131,677
PIN100398,Decoracion,EEUU,8,False,4225,137,69
PIN100399,Bodas,India,10,False,32948,561,1434
PIN100400,Tecnologia,EEUU,12,True,4013,237,66
PIN100401,Belleza,EEUU,3,True,2703,101,139
PIN100402,Bodas,India,9,False,18222,316,774
PIN100403,Tecnologia,India,4,False,8707,278,352
PIN100404,Viajes,EEUU,4,False,2347,102,130
PIN100405,Fitness,India,8,False,9065,46,434
PIN100406,Viajes,EEUU,9,False,17380,364,928
PIN100407,Moda,Brasil,8,False,13719,133,1749
PIN100408,Tecnologia,EEUU,2,True,10117,244,129
PIN100409,Recetas,Espana,5,True,3305,134,341
PIN100410,Moda,EEUU,4,False,13198,379,211
PIN100411,Decoracion,Brasil,1,False,8122,300,156
PIN100412,Decoracion,EEUU,1,False,6921,220,605
PIN100413,Moda,Espana,6,False,21386,421,554
PIN100414,Recetas,Mexico,2,False,43051,5265,2976
PIN100415,DIY,EEUU,9,False,51023,3763,1722
PIN100416,Tecnologia,India,1,False,18620,281,170
PIN100417,Moda,EEUU,3,True,8909,779,465
PIN100418,Decoracion,EEUU,12,False,14569,629,277
PIN100419,Fitness,EEUU,9,False,14641,457,332
PIN100420,Tecnologia,EEUU,7,False,6425,146,142
PIN100421,DIY,EEUU,1,True,11493,1158,850
PIN100422,Belleza,Espana,1,False,19658,1483,876
PIN100423,Fitness,Mexico,11,True,7013,13,615
PIN100424,Viajes,Espana,10,False,4723,83,198
PIN100425,Moda,Espana,12,True,6796,365,785
PIN100426,Jardineria,Brasil,10,False,11568,314,568
PIN100427,Jardineria,EEUU,1,False,6599,96,142
PIN100428,Recetas,Mexico,10,True,15508,1179,403
PIN100429,Belleza,India,6,False,17131,408,731
PIN100430,Recetas,EEUU,9,True,8195,359,708
PIN100431,Belleza,Mexico,5,False,18505,796,480
PIN100432,Jardineria,India,9,False,9216,114,544
PIN100433,Moda,Espana,11,False,3300,147,45
PIN100434,Viajes,India,12,False,32742,552,382
PIN100435,Moda,EEUU,7,True,6295,87,172
PIN100436,Fitness,Mexico,4,False,1744,7,135
PIN100437,Tecnologia,EEUU,8,False,2314,95,42
PIN100438,Recetas,EEUU,6,False,4625,296,272
PIN100439,Bodas,India,3,True,12838,607,2203
PIN100440,Tecnologia,EEUU,9,False,4533,57,121
PIN100441,Bodas,India,1,False,9076,214,1381
PIN100442,Moda,Mexico,5,False,17084,985,444
PIN100443,Viajes,India,9,False,12202,287,829
PIN100444,Fitness,India,12,True,9792,459,334
PIN100445,DIY,Mexico,8,True,14746,1103,33
PIN100446,Bodas,India,12,False,21262,1120,1440
PIN100447,Tecnologia,Brasil,10,False,950,23,17
PIN100448,Fitness,Espana,3,True,5353,178,148
PIN100449,Decoracion,Mexico,11,True,1580,188,46
PIN100450,Tecnologia,EEUU,5,False,5959,366,329
PIN100451,Tecnologia,EEUU,8,False,5748,59,503
PIN100452,Viajes,EEUU,3,False,22940,700,499
PIN100453,Recetas,Espana,7,False,33135,664,4021
PIN100454,Fitness,EEUU,9,True,8852,491,208
PIN100455,Fitness,Espana,11,False,4748,293,117
PIN100456,Moda,Mexico,12,False,15147,274,1038
PIN100457,DIY,Mexico,10,True,6398,215,349
PIN100458,Jardineria,India,7,False,6574,82,197
PIN100459,Moda,India,11,False,23719,403,2183
PIN100460,Belleza,India,2,False,5740,661,362
PIN100461,Moda,Mexico,12,False,20179,881,1817
PIN100462,Belleza,EEUU,3,False,17244,577,952
PIN100463,Viajes,India,5,False,3874,320,138
PIN100464,Recetas,EEUU,11,True,27354,3126,1824
PIN100465,Tecnologia,EEUU,9,True,10736,51,337
PIN100466,Moda,EEUU,11,True,10757,353,1140
PIN100467,Fitness,Mexico,9,False,3772,144,304
PIN100468,Moda,Mexico,8,False,4587,469,640
PIN100469,Tecnologia,EEUU,3,False,3596,87,235
PIN100470,Belleza,Brasil,12,True,15285,116,510
PIN100471,Jardineria,EEUU,8,False,2842,64,36
PIN100472,Viajes,EEUU,9,True,13314,40,151
PIN100473,Viajes,EEUU,6,False,3015,136,68
PIN100474,DIY,EEUU,12,False,8529,453,546
PIN100475,Belleza,Brasil,6,True,10385,373,541
PIN100476,Jardineria,EEUU,3,True,58640,3039,600
PIN100477,Recetas,EEUU,3,False,3384,41,217
PIN100478,DIY,EEUU,9,False,38199,1338,1954
PIN100479,Moda,Brasil,9,True,11227,187,617
PIN100480,Decoracion,India,3,False,15351,420,500
PIN100481,Jardineria,Mexico,9,False,7311,117,583
PIN100482,Decoracion,Mexico,12,False,15818,662,528
PIN100483,Belleza,India,7,True,8214,339,305
PIN100484,Viajes,EEUU,12,False,33089,1428,537
PIN100485,Decoracion,EEUU,2,True,7085,558,924
PIN100486,Bodas,Espana,5,False,33773,1511,2381
PIN100487,Fitness,EEUU,7,False,4183,80,120
PIN100488,Belleza,Espana,5,True,8926,772,409
PIN100489,DIY,Espana,2,True,3959,65,296
PIN100490,Tecnologia,EEUU,6,False,8642,109,249
PIN100491,Jardineria,Espana,5,False,23900,1288,1468
PIN100492,Belleza,EEUU,3,False,8791,490,267
PIN100493,DIY,EEUU,5,False,8584,248,289
PIN100494,Decoracion,India,6,False,3963,94,252
PIN100495,Viajes,Brasil,11,False,7351,186,798
PIN100496,Moda,EEUU,6,False,2418,154,91
PIN100497,Bodas,EEUU,5,False,5444,262,279
PIN100498,Tecnologia,EEUU,5,False,7056,61,253
PIN100499,Viajes,EEUU,8,False,29314,1292,702
PIN100500,Moda,EEUU,4,True,121957,2465,1152
PIN100501,DIY,EEUU,11,False,6074,147,1068
PIN100502,Tecnologia,Brasil,6,True,20742,693,252
PIN100503,Jardineria,Brasil,6,False,8172,188,358
PIN100504,Decoracion,Brasil,1,False,9293,576,256
PIN100505,Viajes,Mexico,11,True,13256,423,526
PIN100506,Fitness,Brasil,6,False,7810,155,297
PIN100507,Decoracion,Brasil,2,True,11734,297,329
PIN100508,Decoracion,India,3,False,7394,614,214
PIN100509,Decoracion,Brasil,5,False,3093,108,106
PIN100510,Tecnologia,Brasil,10,False,1513,49,38
PIN100511,Belleza,Brasil,2,False,16875,231,1574
PIN100512,Jardineria,Mexico,2,True,5153,257,68
PIN100513,Jardineria,EEUU,7,False,3890,78,105
PIN100514,Tecnologia,EEUU,6,False,5815,135,97
PIN100515,Moda,Espana,12,True,19985,544,1088
PIN100516,Jardineria,EEUU,10,False,7724,301,485
PIN100517,Recetas,EEUU,8,True,6385,301,519
PIN100518,Viajes,EEUU,5,False,26975,681,844
PIN100519,Fitness,EEUU,8,True,30309,317,1356
PIN100520,Bodas,India,8,False,19069,1006,381
PIN100521,Moda,EEUU,4,True,23456,824,825
PIN100522,Moda,EEUU,5,True,29835,314,2213
PIN100523,Jardineria,Espana,12,False,18024,475,827
PIN100524,Bodas,EEUU,7,False,21223,1817,1152
PIN100525,Bodas,Mexico,6,True,20926,937,986
PIN100526,Tecnologia,Mexico,10,False,9154,113,71
PIN100527,Moda,EEUU,4,False,3721,58,312
PIN100528,Tecnologia,Espana,3,False,10757,237,96
PIN100529,Tecnologia,EEUU,12,True,1774,20,22
PIN100530,Fitness,Mexico,10,False,3667,43,193
PIN100531,Moda,India,6,False,31530,4735,4020
PIN100532,Moda,India,12,True,20813,609,1112
PIN100533,Decoracion,EEUU,5,False,40275,1963,1926
PIN100534,Fitness,Brasil,9,False,5810,201,50
PIN100535,Moda,Brasil,1,True,3547,33,101
PIN100536,Viajes,India,9,False,7279,318,959
PIN100537,Moda,EEUU,3,True,10758,385,593
PIN100538,Fitness,Espana,3,False,7930,508,624
PIN100539,Recetas,EEUU,10,False,31569,1193,2436
PIN100540,Belleza,EEUU,3,False,6831,495,324
PIN100541,Recetas,Mexico,6,False,15673,326,2036
PIN100542,Moda,Espana,12,False,4094,150,244
PIN100543,Moda,EEUU,12,True,14682,241,62
PIN100544,Jardineria,Brasil,6,True,6600,212,18
PIN100545,Recetas,Espana,2,True,5877,101,200
PIN100546,Viajes,India,4,True,7308,45,773
PIN100547,Fitness,Brasil,8,False,6278,84,261
PIN100548,Fitness,India,5,True,5818,227,251
PIN100549,DIY,Brasil,9,True,49978,1418,2180
PIN100550,Jardineria,EEUU,12,False,6032,41,61
PIN100551,Bodas,EEUU,8,True,9859,512,208
PIN100552,Jardineria,India,8,True,1081,31,73
PIN100553,Bodas,EEUU,7,True,5535,127,353
PIN100554,Tecnologia,EEUU,3,True,4576,89,78
PIN100555,Fitness,Mexico,7,False,4033,85,153
PIN100556,Belleza,EEUU,12,False,32415,1206,3308
PIN100557,Jardineria,EEUU,9,False,5688,116,332
PIN100558,Belleza,Espana,10,False,29813,705,3892
PIN100559,Jardineria,EEUU,11,False,6952,47,239
PIN100560,Fitness,Mexico,5,False,7641,111,428
PIN100561,Recetas,EEUU,5,False,10572,121,242
PIN100562,Viajes,Espana,12,False,9043,112,546
PIN100563,Moda,EEUU,6,False,45771,826,720
PIN100564,Jardineria,Mexico,9,True,903,21,47
PIN100565,Decoracion,EEUU,8,True,1838,58,297
PIN100566,Decoracion,EEUU,2,True,6560,400,228
PIN100567,Decoracion,Brasil,4,False,10772,510,201
PIN100568,DIY,EEUU,4,True,18949,941,2809
PIN100569,Fitness,Brasil,3,False,11263,156,943
PIN100570,Tecnologia,EEUU,10,False,4113,39,95
PIN100571,Viajes,EEUU,12,False,22402,576,2200
PIN100572,Decoracion,EEUU,12,True,26723,442,2304
PIN100573,Recetas,India,3,False,13488,326,654
PIN100574,Recetas,EEUU,6,True,27080,962,813
PIN100575,Bodas,EEUU,3,False,15634,335,1617
PIN100576,Tecnologia,Espana,1,False,3522,271,32
PIN100577,Fitness,EEUU,8,False,13766,463,375
PIN100578,Jardineria,Brasil,11,False,7261,200,730
PIN100579,Moda,India,1,False,9835,173,266
PIN100580,Recetas,Espana,8,False,42807,73,3249
PIN100581,Jardineria,Espana,1,True,814,28,67
PIN100582,Moda,EEUU,11,True,2814,40,28
PIN100583,Recetas,India,1,True,3997,91,355
PIN100584,Viajes,Espana,6,False,6527,73,59
PIN100585,Tecnologia,EEUU,2,False,4610,175,106
PIN100586,DIY,India,5,False,2708,172,47
PIN100587,Recetas,India,6,False,4774,60,303
PIN100588,Jardineria,Espana,7,False,3087,28,75
PIN100589,Jardineria,EEUU,10,True,59291,1148,528
PIN100590,Jardineria,Mexico,12,True,32907,82,1729
PIN100591,Tecnologia,Brasil,5,False,4015,10,39
PIN100592,Decoracion,Espana,12,False,7694,142,829
PIN100593,Tecnologia,EEUU,6,False,2116,89,37
PIN100594,Bodas,EEUU,2,True,2282,32,227
PIN100595,Jardineria,EEUU,8,False,5935,183,40
PIN100596,Fitness,EEUU,9,False,3070,99,100
PIN100597,Belleza,Brasil,4,False,8733,155,288
PIN100598,DIY,EEUU,8,True,2499,119,91
PIN100599,DIY,EEUU,6,False,5201,141,333
PIN100600,DIY,Brasil,2,False,11678,546,215
PIN100601,Belleza,Espana,5,False,13056,1281,64
PIN100602,Belleza,EEUU,6,False,13668,197,54
PIN100603,Moda,India,5,False,3062,18,101
PIN100604,Jardineria,EEUU,11,False,14089,27,797
PIN100605,Fitness,India,5,False,3649,65,172
PIN100606,Bodas,EEUU,8,False,21583,645,3117
PIN100607,Fitness,Espana,1,True,7323,160,240
PIN100608,Tecnologia,Mexico,4,True,1743,59,102
PIN100609,Jardineria,EEUU,11,False,4976,202,435
PIN100610,Jardineria,Espana,11,True,9106,105,771
PIN100611,Viajes,EEUU,12,True,15574,230,387
PIN100612,Belleza,Mexico,1,False,8308,96,1107
PIN100613,Bodas,EEUU,11,False,48345,2311,3964
PIN100614,DIY,Brasil,4,True,25181,1011,1067
PIN100615,DIY,Mexico,1,True,8139,105,852
PIN100616,Decoracion,Espana,2,False,20791,931,421
PIN100617,Decoracion,EEUU,10,False,60140,1621,1103
PIN100618,Recetas,Espana,8,False,66331,1623,6198
PIN100619,Moda,Mexico,7,False,3319,268,56
PIN100620,Viajes,EEUU,11,True,3971,88,181
PIN100621,Viajes,Mexico,2,False,34019,445,1206
PIN100622,Moda,EEUU,1,True,3851,36,278
PIN100623,Viajes,EEUU,12,False,2810,101,291
PIN100624,DIY,Brasil,8,True,6639,140,538
PIN100625,Decoracion,EEUU,10,True,15476,988,602
PIN100626,Bodas,EEUU,7,True,11184,254,512
PIN100627,Bodas,Mexico,2,False,6867,219,354
PIN100628,Fitness,Brasil,7,True,4075,108,121
PIN100629,Bodas,EEUU,12,True,6501,781,111
PIN100630,Belleza,EEUU,2,True,4322,73,133
PIN100631,Bodas,Espana,2,False,94844,4478,3236
PIN100632,Viajes,Mexico,5,False,11750,441,314
PIN100633,Bodas,Espana,6,False,27098,1001,2280
PIN100634,Moda,Mexico,8,False,6361,99,417
PIN100635,DIY,Brasil,2,False,8667,78,983
PIN100636,Decoracion,India,12,False,5642,370,448
PIN100637,Decoracion,EEUU,2,True,1068,95,6
PIN100638,Belleza,EEUU,3,False,2796,128,173
PIN100639,Tecnologia,EEUU,12,False,1211,30,71
PIN100640,DIY,EEUU,5,True,1437,49,114
PIN100641,Tecnologia,EEUU,7,False,2034,16,71
PIN100642,Jardineria,India,6,True,21460,395,1230
PIN100643,Viajes,EEUU,4,False,8663,93,667
PIN100644,Belleza,EEUU,7,False,29870,622,1700
PIN100645,Bodas,Espana,10,False,17694,718,1396
PIN100646,Viajes,India,1,True,18126,757,1840
PIN100647,Fitness,EEUU,11,False,3341,20,89
PIN100648,Tecnologia,Brasil,3,False,9189,381,168
PIN100649,Jardineria,Brasil,12,True,12590,147,395
PIN100650,Viajes,Espana,12,False,5404,206,237
PIN100651,DIY,Mexico,12,False,16859,567,1747
PIN100652,Decoracion,Espana,8,False,17634,817,2723
PIN100653,Jardineria,EEUU,11,False,4053,30,68
PIN100654,Fitness,Espana,11,True,2754,27,12
PIN100655,Fitness,EEUU,8,True,2612,36,59
PIN100656,Belleza,Brasil,11,True,10173,207,216
PIN100657,DIY,Brasil,5,True,13694,1046,2082
PIN100658,Recetas,EEUU,11,False,5659,162,708
PIN100659,Decoracion,Mexico,12,False,10889,434,276
PIN100660,Moda,EEUU,8,False,16349,157,2195
PIN100661,Belleza,EEUU,2,False,16354,593,508
PIN100662,Recetas,Mexico,3,False,45951,1571,1329
PIN100663,Decoracion,EEUU,3,True,33344,1211,936
PIN100664,Fitness,Brasil,7,False,3061,147,172
PIN100665,DIY,EEUU,6,False,46190,159,2101
PIN100666,Fitness,Brasil,10,False,4622,43,173
PIN100667,Jardineria,EEUU,4,False,16701,376,974
PIN100668,Tecnologia,EEUU,2,False,6130,116,96
PIN100669,Moda,Brasil,8,True,6810,175,188
PIN100670,Tecnologia,Espana,2,False,1214,23,9
PIN100671,DIY,EEUU,11,False,8779,452,241
PIN100672,DIY,Brasil,1,False,2589,48,34
PIN100673,Recetas,EEUU,6,False,27193,1762,1536
PIN100674,DIY,EEUU,12,False,39766,844,2307
PIN100675,Belleza,Espana,7,False,4648,136,95
PIN100676,Fitness,Mexico,10,False,9670,159,56
PIN100677,Recetas,Mexico,6,False,6005,199,136
PIN100678,Fitness,Brasil,10,False,4242,53,230
PIN100679,Tecnologia,Mexico,9,True,11488,20,355
PIN100680,Belleza,EEUU,7,False,9100,526,722
PIN100681,Moda,EEUU,2,False,46637,4628,2133
PIN100682,Tecnologia,EEUU,12,True,3775,111,116
PIN100683,Tecnologia,Brasil,1,False,14042,126,209
PIN100684,Moda,EEUU,5,True,10714,387,647
PIN100685,Jardineria,Mexico,8,True,13367,476,66
PIN100686,Viajes,Mexico,10,False,6060,223,697
PIN100687,Fitness,Brasil,7,True,7074,166,326
PIN100688,Viajes,EEUU,5,False,8133,363,338
PIN100689,Belleza,EEUU,5,False,4490,175,93
PIN100690,Tecnologia,India,12,True,10392,307,365
PIN100691,Belleza,Mexico,5,True,16830,225,693
PIN100692,Tecnologia,Espana,11,False,9777,143,157
PIN100693,Tecnologia,Brasil,1,True,22720,910,762
PIN100694,Recetas,India,8,False,41909,4495,822
PIN100695,Decoracion,EEUU,9,False,7616,425,279
PIN100696,Belleza,India,9,False,13136,485,103
PIN100697,Fitness,EEUU,6,False,4260,0,354
PIN100698,Recetas,India,9,False,11685,207,708
PIN100699,Recetas,EEUU,6,True,6712,281,319
PIN100700,Fitness,EEUU,8,False,31441,376,1629
PIN100701,DIY,EEUU,11,False,14151,356,1284
PIN100702,Moda,Brasil,9,False,8091,196,253
PIN100703,Moda,India,9,True,28569,170,2536
PIN100704,Moda,EEUU,12,True,1478,130,31
PIN100705,Fitness,EEUU,3,False,1290,36,76
PIN100706,Recetas,EEUU,8,True,23319,896,267
PIN100707,Fitness,EEUU,8,False,7800,183,60
PIN100708,Viajes,Brasil,9,False,11266,330,136
PIN100709,Viajes,EEUU,2,False,2801,46,90
PIN100710,DIY,India,10,False,10019,159,732
PIN100711,Fitness,India,3,True,44358,416,1997
PIN100712,Belleza,EEUU,5,False,19665,536,1111
PIN100713,Belleza,Espana,9,False,10956,410,256
PIN100714,Tecnologia,India,4,True,3920,36,60
PIN100715,Belleza,Brasil,2,False,6633,83,449
PIN100716,Fitness,Brasil,9,False,1173,12,12
PIN100717,Viajes,EEUU,4,True,11339,204,366
PIN100718,Decoracion,EEUU,10,False,22645,432,788
PIN100719,Fitness,Brasil,11,True,1866,33,97
PIN100720,Moda,EEUU,5,False,5461,125,679
PIN100721,Tecnologia,Mexico,9,False,2101,47,129
PIN100722,Jardineria,Brasil,3,False,2819,50,31
PIN100723,Moda,Espana,12,False,10303,553,168
PIN100724,Belleza,EEUU,3,True,1527,24,61
PIN100725,Moda,EEUU,11,False,17001,791,1516
PIN100726,Belleza,India,10,True,18465,854,869
PIN100727,Recetas,EEUU,4,False,9149,1016,271
PIN100728,Viajes,EEUU,10,True,1055,21,45
PIN100729,DIY,India,8,True,4231,107,261
PIN100730,Belleza,Mexico,9,True,28364,1091,582
PIN100731,Viajes,Mexico,5,True,831,35,94
PIN100732,Tecnologia,Brasil,3,True,4248,174,88
PIN100733,Belleza,Espana,9,True,3322,162,63
PIN100734,Decoracion,India,1,False,21830,367,1310
PIN100735,DIY,Brasil,5,False,5616,423,192
PIN100736,Belleza,EEUU,2,True,13504,730,1255
PIN100737,Bodas,EEUU,1,False,20319,21,445
PIN100738,Belleza,EEUU,1,False,48747,1899,201
PIN100739,Jardineria,Mexico,2,False,5500,154,258
PIN100740,Jardineria,Mexico,12,True,9193,762,196
PIN100741,Belleza,Espana,10,False,2548,37,288
PIN100742,DIY,India,12,False,29670,826,870
PIN100743,Decoracion,Espana,2,True,5412,150,178
PIN100744,Belleza,Brasil,12,False,5725,63,365
PIN100745,Bodas,Mexico,8,False,12013,563,631
PIN100746,Fitness,Espana,10,False,1886,59,67
PIN100747,Bodas,EEUU,11,False,15033,673,1031
PIN100748,Bodas,Mexico,4,False,29132,2926,1088
PIN100749,Moda,Mexico,9,False,12756,95,1309
PIN100750,Tecnologia,EEUU,8,True,1457,77,20
PIN100751,Moda,Brasil,5,True,8798,552,462
PIN100752,Recetas,Espana,6,False,22221,744,1987
PIN100753,Tecnologia,EEUU,3,True,1146,33,32
PIN100754,Fitness,Brasil,3,False,2872,65,96
PIN100755,Viajes,EEUU,12,True,19717,613,1344
PIN100756,Belleza,Mexico,9,False,11982,698,787
PIN100757,Bodas,Mexico,7,False,17710,967,851
PIN100758,Moda,EEUU,9,False,51937,916,4983
PIN100759,Belleza,Espana,5,False,14306,278,746
PIN100760,Moda,EEUU,3,False,17678,556,928
PIN100761,Fitness,EEUU,12,False,83742,5906,5453
PIN100762,Tecnologia,Mexico,12,False,4779,51,320
PIN100763,Tecnologia,EEUU,3,False,2866,96,81
PIN100764,Bodas,India,10,True,17962,1962,662
PIN100765,Belleza,EEUU,6,False,13933,204,531
PIN100766,DIY,EEUU,9,False,6405,21,544
PIN100767,Viajes,India,2,False,3619,151,276
PIN100768,Moda,Espana,6,False,77844,2196,9652
PIN100769,Bodas,Mexico,2,False,16411,374,2305
PIN100770,DIY,Mexico,10,False,5340,619,395
PIN100771,Tecnologia,India,5,False,13034,65,438
PIN100772,Recetas,EEUU,4,False,10382,75,618
PIN100773,Belleza,EEUU,9,False,7521,124,912
PIN100774,Jardineria,India,12,True,10852,952,1711
PIN100775,Tecnologia,EEUU,5,False,1873,11,70
PIN100776,Viajes,Brasil,9,True,12342,646,431
PIN100777,Moda,Mexico,9,True,54492,1238,670
PIN100778,Decoracion,Mexico,6,True,16125,757,1548
PIN100779,Jardineria,Brasil,10,False,4720,83,174
PIN100780,Jardineria,India,2,True,4207,38,311
PIN100781,DIY,EEUU,11,True,7101,355,335
PIN100782,Moda,Mexico,5,True,7836,201,340
PIN100783,Moda,Brasil,1,False,7020,416,613
PIN100784,Viajes,EEUU,12,False,20432,302,1602
PIN100785,Fitness,India,10,False,1632,107,69
PIN100786,Recetas,Espana,10,False,24743,1204,3137
PIN100787,DIY,EEUU,2,True,7297,341,578
PIN100788,Fitness,Brasil,10,False,10338,459,397
PIN100789,Recetas,India,9,True,4214,208,61
PIN100790,Recetas,EEUU,11,False,37605,1018,3398
PIN100791,Viajes,Brasil,5,False,27447,1267,1242
PIN100792,Belleza,EEUU,12,False,22201,575,488
PIN100793,Jardineria,EEUU,9,True,1758,92,130
PIN100794,Viajes,EEUU,4,True,18898,1191,1822
PIN100795,Decoracion,Brasil,3,False,15264,1111,1870
PIN100796,Tecnologia,EEUU,11,False,1437,45,98
PIN100797,Viajes,EEUU,8,False,8820,344,22
PIN100798,Bodas,Brasil,2,False,16974,520,2019
PIN100799,Viajes,Espana,2,False,14802,341,711
PIN100800,Recetas,EEUU,10,True,13406,349,118
PIN100801,Bodas,EEUU,3,False,15896,1259,550
PIN100802,Fitness,Brasil,3,True,27571,145,1058
PIN100803,Tecnologia,Mexico,8,False,17198,460,1048
PIN100804,Belleza,Brasil,11,False,805,5,31
PIN100805,Belleza,EEUU,5,False,7102,314,131
PIN100806,Fitness,Espana,8,False,6388,167,49
PIN100807,Moda,Brasil,9,True,2109,37,25
PIN100808,Bodas,EEUU,8,False,13329,116,822
PIN100809,Tecnologia,EEUU,9,False,17551,679,580
PIN100810,Recetas,EEUU,3,False,4366,175,71
PIN100811,Jardineria,EEUU,8,False,8874,114,276
PIN100812,DIY,EEUU,1,False,4542,359,412
PIN100813,Decoracion,India,9,True,5853,232,87
PIN100814,Belleza,Espana,10,False,35321,1936,2498
PIN100815,Jardineria,Mexico,10,False,4078,23,171
PIN100816,Recetas,EEUU,1,True,17296,266,847
PIN100817,Moda,Mexico,11,False,1904,8,66
PIN100818,DIY,Mexico,6,False,54234,757,1944
PIN100819,Tecnologia,India,1,True,9856,221,437
PIN100820,Recetas,Espana,7,True,9725,392,770
PIN100821,DIY,Brasil,7,False,17102,701,2296
PIN100822,Moda,EEUU,5,False,2833,40,174
PIN100823,DIY,Mexico,9,True,29460,104,336
PIN100824,DIY,India,7,True,7667,140,938
PIN100825,Recetas,Mexico,3,True,9540,766,582
PIN100826,DIY,Brasil,8,True,6607,449,898
PIN100827,Jardineria,India,4,False,3944,84,153
PIN100828,Jardineria,India,2,True,12213,136,1234
PIN100829,Recetas,EEUU,4,True,14382,810,501
PIN100830,Decoracion,EEUU,11,True,19038,844,869
PIN100831,Decoracion,Mexico,7,False,10550,182,642
PIN100832,Viajes,India,4,False,14246,842,448
PIN100833,Moda,Espana,5,False,6769,414,572
PIN100834,Jardineria,EEUU,11,False,48324,907,786
PIN100835,Belleza,Espana,8,False,2372,185,42
PIN100836,Jardineria,EEUU,10,False,20264,238,495
PIN100837,Moda,EEUU,8,False,33404,897,381
PIN100838,Recetas,EEUU,12,False,5368,277,361
PIN100839,Tecnologia,EEUU,8,True,42278,355,940
PIN100840,Decoracion,Brasil,5,False,25904,559,381
PIN100841,DIY,EEUU,4,False,24374,525,96
PIN100842,Tecnologia,EEUU,1,False,5917,94,130
PIN100843,Recetas,Espana,10,True,9429,957,11
PIN100844,Recetas,EEUU,12,False,9495,979,277
PIN100845,Recetas,EEUU,8,False,16222,1056,1446
PIN100846,Moda,EEUU,6,True,34416,674,2515
PIN100847,Recetas,EEUU,2,True,13455,1549,1719
PIN100848,Jardineria,Mexico,8,True,2954,7,86
PIN100849,DIY,EEUU,3,False,21371,1259,1297
PIN100850,Tecnologia,EEUU,8,False,13095,657,137
PIN100851,Jardineria,EEUU,4,False,11784,47,581
PIN100852,Tecnologia,EEUU,11,False,11195,193,461
PIN100853,Decoracion,EEUU,12,False,8354,348,264
PIN100854,Decoracion,EEUU,3,False,4665,61,489
PIN100855,Jardineria,EEUU,4,True,3067,88,51
PIN100856,Decoracion,EEUU,12,True,2517,31,185
PIN100857,Recetas,India,1,False,14140,426,129
PIN100858,DIY,EEUU,7,True,9496,305,718
PIN100859,Jardineria,EEUU,2,True,4462,25,197
PIN100860,Tecnologia,Espana,6,False,496,7,11
PIN100861,Tecnologia,EEUU,1,False,1945,74,125
PIN100862,Moda,Brasil,2,True,26764,99,681
PIN100863,Belleza,EEUU,5,False,5223,222,396
PIN100864,Jardineria,Espana,1,False,9067,189,135
PIN100865,DIY,India,10,False,2997,349,309
PIN100866,Jardineria,EEUU,7,False,23763,673,494
PIN100867,Jardineria,EEUU,6,True,5794,63,101
PIN100868,Viajes,Mexico,6,True,11672,398,153
PIN100869,Recetas,India,11,True,92111,4483,2928
PIN100870,Viajes,EEUU,11,False,34995,2708,2810
PIN100871,Decoracion,Mexico,1,False,8094,487,104
PIN100872,Moda,EEUU,9,False,5801,256,83
PIN100873,Moda,Mexico,6,False,7354,123,518
PIN100874,DIY,EEUU,10,True,16127,817,2022
PIN100875,Fitness,Mexico,10,True,6733,107,202
PIN100876,Fitness,EEUU,9,True,5209,147,32
PIN100877,Belleza,Espana,9,False,34999,283,748
PIN100878,Fitness,EEUU,3,False,6680,228,159
PIN100879,DIY,Mexico,11,False,80339,4782,3342
PIN100880,Recetas,Brasil,9,True,12409,594,377
PIN100881,Jardineria,Brasil,4,False,32426,349,177
PIN100882,Viajes,India,3,True,12394,171,979
PIN100883,Moda,Espana,7,False,23232,1915,689
PIN100884,Jardineria,Mexico,5,True,3476,201,71
PIN100885,Belleza,EEUU,9,False,4421,196,136
PIN100886,Recetas,India,5,True,17257,1411,252
PIN100887,Moda,Mexico,3,True,23771,1356,2739
PIN100888,Recetas,Espana,5,False,11862,359,224
PIN100889,Decoracion,Espana,10,False,3409,166,163
PIN100890,Recetas,Brasil,10,False,3435,142,359
PIN100891,Belleza,Brasil,4,True,2679,138,52
PIN100892,Fitness,Brasil,10,False,1585,43,67
PIN100893,Tecnologia,Espana,2,True,6359,132,258
PIN100894,Belleza,EEUU,12,False,25750,1232,1280
PIN100895,DIY,India,10,False,10107,264,372
PIN100896,Fitness,Mexico,1,False,1053,25,17
PIN100897,Recetas,Mexico,9,True,9654,423,420
PIN100898,Recetas,Mexico,6,False,9898,996,412
PIN100899,DIY,Mexico,11,True,66905,6450,2927
PIN100900,Recetas,Brasil,3,False,3156,64,156
PIN100901,Recetas,Mexico,11,False,8081,211,373
PIN100902,Decoracion,India,11,False,49004,946,1732
PIN100903,Jardineria,Brasil,4,False,9818,464,400
PIN100904,Viajes,Espana,6,True,14898,434,472
PIN100905,Belleza,EEUU,8,True,10430,185,1370
PIN100906,Viajes,Mexico,3,False,12095,459,213
PIN100907,Moda,Mexico,12,False,19678,110,1090
PIN100908,Bodas,Espana,3,False,5965,68,501
PIN100909,Recetas,India,3,False,25102,232,207
PIN100910,Belleza,EEUU,7,False,2808,159,131
PIN100911,Moda,EEUU,6,False,13167,946,1048
PIN100912,Bodas,India,1,False,14375,425,1037
PIN100913,Tecnologia,India,11,True,3357,50,206
PIN100914,Fitness,Espana,3,True,7245,88,507
PIN100915,Viajes,EEUU,2,False,5189,41,198
PIN100916,Fitness,Espana,7,True,2879,33,6
PIN100917,Belleza,Espana,12,True,6878,271,530
PIN100918,Decoracion,Espana,1,True,4000,202,382
PIN100919,DIY,EEUU,6,False,13643,81,2420
PIN100920,Jardineria,EEUU,11,False,2402,36,142
PIN100921,Fitness,Mexico,11,False,13941,237,384
PIN100922,Viajes,Mexico,3,True,3177,136,231
PIN100923,Moda,Mexico,8,False,5940,85,487
PIN100924,Decoracion,EEUU,11,False,6104,356,179
PIN100925,Tecnologia,EEUU,9,False,18793,266,445
PIN100926,Fitness,EEUU,8,False,9917,329,676
PIN100927,Bodas,India,10,False,10145,691,442
PIN100928,Viajes,EEUU,6,False,14062,385,1162
PIN100929,Fitness,Mexico,1,False,1194,102,36
PIN100930,Fitness,Espana,8,True,7115,146,498
PIN100931,DIY,India,8,False,61239,3820,2531
PIN100932,Decoracion,EEUU,11,False,11966,737,170
PIN100933,DIY,Espana,12,False,10867,137,525
PIN100934,Viajes,Brasil,5,False,14697,283,1303
PIN100935,Tecnologia,EEUU,12,True,12800,395,310
PIN100936,Moda,Mexico,1,False,1710,39,138
PIN100937,Moda,EEUU,12,True,2239,116,50
PIN100938,Viajes,India,2,True,10870,166,387
PIN100939,Fitness,Brasil,8,False,3932,136,80
PIN100940,DIY,EEUU,9,False,33090,618,2329
PIN100941,Viajes,Brasil,8,False,6812,294,306
PIN100942,Tecnologia,Brasil,12,True,1094,30,98
PIN100943,Viajes,Mexico,7,True,2947,135,25
PIN100944,Moda,EEUU,2,False,918,81,115
PIN100945,Moda,EEUU,8,False,7976,397,227
PIN100946,Tecnologia,Mexico,4,False,4887,78,112
PIN100947,Moda,Espana,8,False,6736,111,534
PIN100948,Tecnologia,India,5,False,15077,434,1409
PIN100949,Decoracion,EEUU,1,False,31077,2617,3762
PIN100950,Recetas,Mexico,8,False,9831,816,1835
PIN100951,Bodas,EEUU,2,False,1879,151,21
PIN100952,DIY,Mexico,4,False,17753,278,1501
PIN100953,Viajes,EEUU,8,False,14793,1209,887
PIN100954,Belleza,EEUU,11,False,12410,250,775
PIN100955,DIY,EEUU,4,False,24601,782,1071
PIN100956,Viajes,Mexico,4,False,3224,136,280
PIN100957,DIY,EEUU,4,False,61860,2110,1811
PIN100958,Tecnologia,Brasil,7,False,2491,74,83
PIN100959,Viajes,EEUU,3,False,17593,431,46
PIN100960,Moda,Mexico,7,True,2229,146,48
PIN100961,Viajes,Mexico,10,True,3958,202,84
PIN100962,Jardineria,EEUU,1,False,25476,418,1394
PIN100963,Decoracion,EEUU,12,False,8429,499,77
PIN100964,Tecnologia,EEUU,7,False,12179,273,136
PIN100965,Fitness,Mexico,8,True,9126,459,175
PIN100966,DIY,India,8,False,9315,297,763
PIN100967,Bodas,EEUU,12,False,41578,2317,3165
PIN100968,Tecnologia,Brasil,8,True,4684,125,208
PIN100969,Recetas,Mexico,11,True,2384,25,159
PIN100970,Decoracion,Mexico,4,False,5212,221,1015
PIN100971,Viajes,Espana,3,True,14738,364,580
PIN100972,Viajes,India,8,False,12824,367,1270
PIN100973,Viajes,Espana,2,False,2275,48,62
PIN100974,Moda,Brasil,2,False,5166,229,266
PIN100975,Decoracion,EEUU,3,True,6340,141,294
PIN100976,Recetas,Brasil,4,False,8264,301,750
PIN100977,Fitness,India,2,False,2213,68,126
PIN100978,Bodas,India,9,False,7004,239,1316
PIN100979,Fitness,EEUU,7,False,3885,229,75
PIN100980,Fitness,Brasil,3,False,14703,1108,506
PIN100981,Belleza,EEUU,4,False,19402,926,536
PIN100982,Fitness,Mexico,12,False,6495,99,50
PIN100983,DIY,EEUU,11,False,7217,421,122
PIN100984,Fitness,Mexico,2,True,8371,391,368
PIN100985,DIY,Espana,8,True,4957,288,158
PIN100986,DIY,EEUU,4,False,3708,29,300
PIN100987,Bodas,EEUU,5,True,5314,421,299
PIN100988,Decoracion,EEUU,8,False,6049,212,157
PIN100989,Belleza,Espana,12,False,3370,16,189
PIN100990,Bodas,Brasil,7,False,14163,43,622
PIN100991,Fitness,Brasil,12,True,14164,250,239
PIN100992,Moda,Brasil,10,False,2430,11,32
PIN100993,Viajes,Brasil,10,True,9217,388,276
PIN100994,Fitness,EEUU,10,False,6083,25,275
PIN100995,DIY,Espana,10,False,13873,542,566
PIN100996,Fitness,Espana,4,False,7308,94,279
PIN100997,Bodas,EEUU,12,False,3385,130,427
PIN100998,Tecnologia,Mexico,12,False,1921,23,10
PIN100999,Fitness,Brasil,8,True,7588,126,223
PIN101000,Jardineria,Mexico,9,True,16462,784,277
PIN101001,Belleza,Brasil,11,False,1370,174,32
PIN101002,Fitness,EEUU,2,False,10054,587,49
PIN101003,Jardineria,Brasil,1,True,19011,141,335
PIN101004,Moda,EEUU,12,True,8572,446,481
PIN101005,Tecnologia,India,7,True,9406,394,316
PIN101006,Jardineria,EEUU,9,False,3542,24,202
PIN101007,Fitness,Espana,7,True,6649,89,162
PIN101008,Belleza,Espana,7,False,2266,119,180
PIN101009,Fitness,EEUU,1,True,984,11,99
PIN101010,Decoracion,EEUU,4,False,24708,2533,3245
PIN101011,Belleza,EEUU,2,True,3940,201,410
PIN101012,Decoracion,Mexico,6,False,7091,358,398
PIN101013,Bodas,India,1,True,3590,208,181
PIN101014,Fitness,EEUU,10,False,2150,104,28
PIN101015,Jardineria,Espana,4,False,5643,44,247
PIN101016,Bodas,India,9,True,6403,203,453
PIN101017,Viajes,Espana,1,False,12625,395,852
PIN101018,Recetas,Brasil,1,True,17147,542,635
PIN101019,Moda,Espana,6,False,13078,754,849
PIN101020,Recetas,Espana,10,False,14161,971,824
PIN101021,Recetas,EEUU,10,True,47032,789,1867
PIN101022,Jardineria,EEUU,7,False,2580,101,270
PIN101023,Jardineria,Mexico,8,True,6269,57,65
PIN101024,Jardineria,Brasil,9,False,18066,246,543
PIN101025,Recetas,EEUU,9,False,35503,1831,1586
PIN101026,Recetas,India,9,False,3255,166,200
PIN101027,Decoracion,EEUU,1,True,8052,161,128
PIN101028,Fitness,Espana,6,False,24859,1280,1790
PIN101029,Bodas,India,11,True,19301,1280,1055
PIN101030,Viajes,India,6,False,10725,529,866
PIN101031,Moda,Espana,2,True,8093,250,135
PIN101032,Belleza,EEUU,8,True,6696,283,26
PIN101033,Bodas,EEUU,4,True,15854,462,940
PIN101034,Recetas,EEUU,7,False,9139,330,713
PIN101035,Belleza,Brasil,7,True,9068,720,167
PIN101036,Tecnologia,EEUU,9,False,6187,169,264
PIN101037,Recetas,Mexico,12,False,6262,338,482
PIN101038,Viajes,EEUU,9,True,14489,2224,403
PIN101039,Jardineria,Espana,12,True,89392,1668,1563
PIN101040,Belleza,EEUU,1,True,1982,92,32
PIN101041,Jardineria,Espana,10,True,8777,46,441
PIN101042,Viajes,Mexico,6,False,4596,208,52
PIN101043,Bodas,India,9,False,20537,1140,217
PIN101044,Belleza,India,2,True,9817,477,241
PIN101045,Moda,Mexico,7,True,19402,100,975
PIN101046,Decoracion,EEUU,1,False,30442,590,502
PIN101047,DIY,India,8,True,12144,244,1064
PIN101048,DIY,India,3,False,28156,3291,2272
PIN101049,Moda,India,2,False,1279,43,139
PIN101050,Fitness,Espana,1,True,30617,546,879
PIN101051,Bodas,EEUU,4,False,17134,547,319
PIN101052,Fitness,Brasil,12,False,19339,257,2042
PIN101053,Tecnologia,EEUU,12,False,1992,1,9
PIN101054,Recetas,EEUU,1,False,5471,313,116
PIN101055,Tecnologia,EEUU,12,False,6568,168,413
PIN101056,Viajes,Mexico,8,False,8877,304,305
PIN101057,Belleza,EEUU,4,False,12122,401,414
PIN101058,Viajes,Mexico,12,False,23756,300,488
PIN101059,Bodas,Mexico,3,False,2581,18,73
PIN101060,Belleza,Espana,3,False,22486,293,567
PIN101061,DIY,EEUU,3,False,10304,712,913
PIN101062,Moda,India,2,False,8194,283,292
PIN101063,Belleza,Espana,6,True,2579,77,88
PIN101064,Belleza,Espana,2,True,14754,496,1003
PIN101065,Bodas,Espana,3,True,1484,49,49
PIN101066,Tecnologia,EEUU,5,True,10266,75,202
PIN101067,DIY,Mexico,8,False,2744,23,137
PIN101068,Bodas,EEUU,11,True,12853,854,902
PIN101069,Recetas,India,1,False,10290,247,610
PIN101070,DIY,EEUU,8,False,29119,850,1843
PIN101071,Decoracion,India,2,True,9069,213,1192
PIN101072,Belleza,Mexico,12,True,5089,102,5
PIN101073,Fitness,EEUU,4,False,4722,101,44
PIN101074,Viajes,Mexico,11,False,28126,1519,744
PIN101075,Moda,EEUU,10,False,15856,177,210
PIN101076,Belleza,India,4,True,6685,172,146
PIN101077,Moda,Brasil,4,True,7959,956,56
PIN101078,Viajes,Espana,4,True,2275,101,67
PIN101079,Jardineria,Espana,6,True,9295,276,628
PIN101080,Tecnologia,India,6,False,1263,29,16
PIN101081,Tecnologia,Mexico,8,True,11258,263,361
PIN101082,Tecnologia,Espana,6,True,6468,248,265
PIN101083,Fitness,EEUU,10,False,62598,931,2713
PIN101084,Decoracion,EEUU,6,False,4013,98,58
PIN101085,Jardineria,Brasil,4,False,6010,103,349
PIN101086,Jardineria,Mexico,4,False,32806,1152,407
PIN101087,Tecnologia,Brasil,9,False,16673,168,331
PIN101088,DIY,Mexico,2,True,5512,364,569
PIN101089,Moda,Mexico,4,True,11995,570,107
PIN101090,Fitness,Espana,4,False,7405,145,623
PIN101091,Viajes,Brasil,8,False,11588,654,567
PIN101092,Jardineria,Espana,2,False,3556,56,108
PIN101093,Bodas,Brasil,6,True,11315,1324,481
PIN101094,Bodas,EEUU,9,False,2984,105,469
PIN101095,Recetas,Mexico,12,True,12911,336,789
PIN101096,Jardineria,India,6,False,9819,763,748
PIN101097,Belleza,Brasil,12,False,7693,92,110
PIN101098,Recetas,EEUU,8,True,2751,90,7
PIN101099,Viajes,Brasil,10,True,21798,1042,1877
PIN101100,Viajes,EEUU,3,False,12474,902,576
PIN101101,Viajes,EEUU,11,False,4737,441,69
PIN101102,Tecnologia,Brasil,4,True,4506,113,147
PIN101103,Moda,Brasil,2,False,2619,161,337
PIN101104,Bodas,EEUU,1,True,4929,583,320
PIN101105,Moda,India,8,False,6092,53,511
PIN101106,Decoracion,Espana,8,True,31922,702,3014
PIN101107,Tecnologia,India,3,False,3289,27,61
PIN101108,Tecnologia,Brasil,11,True,10192,217,593
PIN101109,Recetas,India,4,False,7088,581,362
PIN101110,DIY,Brasil,8,True,12761,228,1350
PIN101111,Decoracion,India,7,False,9375,557,1605
PIN101112,Moda,Mexico,8,False,21434,1072,540
PIN101113,Decoracion,EEUU,9,True,6609,236,356
PIN101114,Moda,EEUU,12,True,2461,85,345
PIN101115,Viajes,Brasil,9,False,2669,81,113
PIN101116,Tecnologia,EEUU,11,False,3614,62,123
PIN101117,Fitness,India,11,False,2469,20,100
PIN101118,Belleza,EEUU,5,False,13579,236,337
PIN101119,Viajes,India,7,False,5961,68,679
PIN101120,Recetas,Espana,3,False,96245,2620,7410
PIN101121,Recetas,Brasil,12,False,2474,128,163
PIN101122,Decoracion,India,12,True,12752,178,247
PIN101123,Decoracion,Espana,11,True,3916,106,119
PIN101124,Jardineria,Mexico,9,True,4258,126,133
PIN101125,Jardineria,EEUU,11,False,7462,198,479
PIN101126,Jardineria,Brasil,10,True,899,16,77
PIN101127,DIY,Brasil,3,False,12635,766,468
PIN101128,Fitness,EEUU,4,True,40527,1474,306
PIN101129,DIY,EEUU,7,False,6834,509,581
PIN101130,Viajes,Espana,6,True,11361,214,448
PIN101131,DIY,EEUU,9,False,25578,364,2266
PIN101132,Belleza,Brasil,9,True,8140,404,838
PIN101133,Belleza,EEUU,12,True,5624,129,120
PIN101134,DIY,India,10,True,1406,6,17
PIN101135,Recetas,India,1,False,20298,1136,1733
PIN101136,Belleza,India,5,False,8516,781,539
PIN101137,Bodas,Mexico,4,True,4985,109,204
PIN101138,Belleza,EEUU,8,False,10543,343,112
PIN101139,Fitness,Brasil,5,False,4412,86,120
PIN101140,Jardineria,Brasil,12,False,4128,228,92
PIN101141,Bodas,India,4,False,21075,164,665
PIN101142,Tecnologia,EEUU,6,True,1800,79,29
PIN101143,Jardineria,EEUU,10,False,16737,634,706
PIN101144,Bodas,India,5,False,3554,172,52
PIN101145,Viajes,Brasil,1,False,5009,153,232
PIN101146,Fitness,EEUU,4,True,41262,2410,424
PIN101147,Belleza,Brasil,5,False,25803,1495,1060
PIN101148,DIY,EEUU,8,True,11158,484,893
PIN101149,Jardineria,Mexico,9,False,2880,54,78
PIN101150,Bodas,EEUU,7,True,7648,659,343
PIN101151,Fitness,EEUU,5,True,7889,208,212
PIN101152,Viajes,EEUU,7,False,9319,449,360
PIN101153,Tecnologia,EEUU,2,False,5326,54,57
PIN101154,Bodas,Espana,3,True,11921,1968,739
PIN101155,Fitness,EEUU,8,False,6113,241,134
PIN101156,Moda,Espana,11,False,2755,92,54
PIN101157,Jardineria,Mexico,7,False,4172,25,31
PIN101158,Bodas,Brasil,1,False,27784,588,1519
PIN101159,Bodas,Mexico,12,True,3647,269,67
PIN101160,Fitness,EEUU,4,True,6248,79,107
PIN101161,Viajes,EEUU,9,False,4362,66,42
PIN101162,Jardineria,Brasil,11,True,7265,300,300
PIN101163,Fitness,India,12,False,5240,178,135
PIN101164,Fitness,India,2,False,27664,578,822
PIN101165,Moda,India,3,False,15440,1252,120
PIN101166,Recetas,Mexico,8,True,3583,111,195
PIN101167,Bodas,India,10,False,22338,1514,149
PIN101168,Tecnologia,Espana,11,False,2924,73,35
PIN101169,Tecnologia,Brasil,7,True,3474,55,190
PIN101170,DIY,India,2,True,13534,288,443
PIN101171,DIY,Brasil,9,True,6606,174,339
PIN101172,Bodas,Espana,9,False,27247,1281,2932
PIN101173,Moda,EEUU,6,False,4942,380,18
PIN101174,Recetas,EEUU,8,False,6599,244,731
PIN101175,Bodas,EEUU,3,True,6832,1087,898
PIN101176,Bodas,Brasil,10,False,7405,426,1089
PIN101177,Moda,Brasil,1,True,26249,884,649
PIN101178,Decoracion,EEUU,11,True,18651,582,1830
PIN101179,Recetas,Brasil,11,True,52961,3209,714
PIN101180,DIY,EEUU,9,False,78065,1220,5229
PIN101181,Tecnologia,Mexico,10,False,2343,16,112
PIN101182,DIY,EEUU,11,False,10891,339,17
PIN101183,Viajes,Espana,2,False,3192,154,78
PIN101184,Viajes,Brasil,7,True,4526,163,276
PIN101185,Bodas,Brasil,8,False,6993,181,491
PIN101186,Moda,Brasil,12,True,3855,216,822
PIN101187,Fitness,EEUU,9,False,2929,24,274
PIN101188,Fitness,Mexico,8,False,6504,281,173
PIN101189,Recetas,EEUU,7,True,3894,154,45
PIN101190,Viajes,Espana,2,True,19119,1338,139
PIN101191,Decoracion,Mexico,4,True,4711,422,302
PIN101192,Moda,Mexico,6,True,121997,1416,6051
PIN101193,Belleza,India,11,False,6307,39,231
PIN101194,Fitness,EEUU,11,True,7881,136,748
PIN101195,DIY,Brasil,8,False,3256,114,276
PIN101196,Belleza,EEUU,2,False,43371,724,227
PIN101197,Tecnologia,Mexico,9,False,15635,206,491
PIN101198,Jardineria,Brasil,6,False,8568,221,314
PIN101199,DIY,Brasil,8,False,3113,236,59
