campana_id,sector,formato,mes,inversion_usd,impresiones,clics,conversiones,cpc_usd
CMP00000,Belleza,Coleccion,11,584.5,93544,864,29,0.68
CMP00001,Fitness,Pin estandar,11,540.73,133472,1085,35,0.5
CMP00002,Bodas,Pin estandar,11,239.53,48114,591,25,0.41
CMP00003,Comida,Pin video,1,1503.94,270826,3396,167,0.44
CMP00004,Moda,Pin video,1,737.09,139105,1626,90,0.45
CMP00005,Moda,Coleccion,6,1917.52,354153,5305,283,0.36
CMP00006,Moda,Carrusel,5,529.73,78559,1344,52,0.39
CMP00007,DIY,Pin video,8,450.96,57945,616,13,0.73
CMP00008,Viajes,Pin estandar,2,1974.39,496953,3069,191,0.64
CMP00009,Viajes,Shopping,4,240.47,32344,275,13,0.87
CMP00010,Moda,Pin video,8,1413.41,286511,4872,199,0.29
CMP00011,Fitness,Pin video,12,1771.09,196137,3375,272,0.52
CMP00012,DIY,Pin estandar,6,881.99,189027,1370,99,0.64
CMP00013,Hogar,Coleccion,1,2529.83,511200,6253,500,0.4
CMP00014,Hogar,Carrusel,4,592.79,106802,1190,65,0.5
CMP00015,Hogar,Pin estandar,1,1505.5,484621,6865,200,0.22
CMP00016,Hogar,Pin estandar,2,1191.58,216479,1537,105,0.78
CMP00017,Comida,Carrusel,5,2710.27,659152,6410,220,0.42
CMP00018,Belleza,Carrusel,8,943.43,163559,3186,162,0.3
CMP00019,Hogar,Pin estandar,8,1419.03,406916,3943,96,0.36
CMP00020,Viajes,Shopping,11,1187.24,141068,1166,90,1.02
CMP00021,Moda,Pin estandar,3,397.76,79950,636,18,0.63
CMP00022,Hogar,Pin video,11,1024.06,134495,1143,95,0.9
CMP00023,Belleza,Shopping,4,774.35,97882,1222,98,0.63
CMP00024,Belleza,Pin video,10,1191.89,138419,2811,147,0.42
CMP00025,Bodas,Carrusel,11,1434.57,379999,4870,351,0.29
CMP00026,Hogar,Pin video,6,2255.0,372378,3778,239,0.6
CMP00027,Comida,Pin estandar,11,203.7,58279,631,48,0.32
CMP00028,Comida,Shopping,11,1116.96,114662,769,38,1.45
CMP00029,Moda,Pin video,10,473.91,74965,933,69,0.51
CMP00030,Viajes,Coleccion,3,1516.86,227396,2300,120,0.66
CMP00031,Moda,Pin estandar,2,3322.04,704235,11663,1001,0.28
CMP00032,Moda,Pin estandar,6,912.05,268737,3752,202,0.24
CMP00033,Fitness,Pin estandar,11,679.64,195907,3061,160,0.22
CMP00034,Fitness,Carrusel,5,836.65,186565,1730,129,0.48
CMP00035,Bodas,Pin video,10,478.42,74512,1621,125,0.3
CMP00036,Hogar,Coleccion,5,148.48,31244,224,13,0.66
CMP00037,Moda,Pin video,10,1295.36,279207,4346,141,0.3
CMP00038,Viajes,Shopping,5,1087.09,118046,791,41,1.37
CMP00039,Belleza,Pin estandar,10,690.94,125540,2531,222,0.27
CMP00040,Moda,Coleccion,12,548.82,106256,1591,115,0.34
CMP00041,Comida,Coleccion,5,1763.23,342158,3936,302,0.45
CMP00042,Moda,Coleccion,3,2153.56,555427,5313,118,0.41
CMP00043,DIY,Coleccion,7,1205.25,186312,2046,107,0.59
CMP00044,Hogar,Coleccion,6,251.97,35852,414,27,0.61
CMP00045,Viajes,Carrusel,4,999.2,248982,2575,201,0.39
CMP00046,Hogar,Pin estandar,2,1349.84,415710,2883,67,0.47
CMP00047,Comida,Pin estandar,12,933.84,186312,2458,195,0.38
CMP00048,Comida,Shopping,9,1000.58,126338,1593,93,0.63
CMP00049,Hogar,Carrusel,1,722.52,197571,1666,56,0.43
CMP00050,Fitness,Coleccion,11,946.52,151520,2640,111,0.36
CMP00051,Bodas,Pin video,4,1856.67,311753,4987,198,0.37
CMP00052,Fitness,Pin estandar,1,1246.74,325313,4295,245,0.29
CMP00053,DIY,Pin estandar,6,791.23,159675,1550,36,0.51
CMP00054,Comida,Carrusel,4,935.47,147590,1491,46,0.63
CMP00055,Fitness,Pin video,5,2259.74,354656,5794,445,0.39
CMP00056,Moda,Pin estandar,5,556.15,102007,1187,34,0.47
CMP00057,Hogar,Pin video,9,727.08,113616,1325,48,0.55
CMP00058,Moda,Pin estandar,1,999.26,201417,2971,153,0.34
CMP00059,Hogar,Carrusel,2,761.97,146714,1819,102,0.42
CMP00060,Belleza,Pin estandar,6,2200.02,414075,3749,275,0.59
CMP00061,Hogar,Coleccion,5,1882.13,256250,3520,180,0.53
CMP00062,DIY,Pin video,11,985.92,199266,2219,167,0.44
CMP00063,Belleza,Pin video,7,3173.93,360221,4216,266,0.75
CMP00064,Hogar,Pin estandar,3,1301.86,254692,2082,58,0.63
CMP00065,Comida,Pin estandar,3,2441.61,486796,4533,140,0.54
CMP00066,Moda,Pin video,10,2313.7,423433,7104,359,0.33
CMP00067,Bodas,Pin video,2,1411.08,171804,2423,115,0.58
CMP00068,Moda,Carrusel,3,530.22,81881,1252,90,0.42
CMP00069,Fitness,Pin estandar,10,1154.53,319847,2857,173,0.4
CMP00070,Bodas,Carrusel,1,711.79,104170,1607,75,0.44
CMP00071,Hogar,Coleccion,5,1500.73,371287,5541,177,0.27
CMP00072,Moda,Coleccion,12,1366.51,308665,4790,171,0.29
CMP00073,Bodas,Pin estandar,5,1265.49,293942,3480,209,0.36
CMP00074,Viajes,Pin video,12,1715.21,239225,2011,99,0.85
CMP00075,Bodas,Pin estandar,11,1332.68,289309,3516,197,0.38
CMP00076,Bodas,Pin estandar,7,1057.44,371355,5395,172,0.2
CMP00077,Moda,Shopping,4,502.81,52344,817,54,0.62
CMP00078,Belleza,Pin estandar,3,755.65,258355,4680,372,0.16
CMP00079,Moda,Pin video,1,584.4,112364,1085,41,0.54
CMP00080,DIY,Carrusel,12,1774.37,499956,7864,427,0.23
CMP00081,Viajes,Carrusel,8,1017.52,185543,1682,148,0.6
CMP00082,Hogar,Carrusel,3,1268.54,187572,1766,76,0.72
CMP00083,Moda,Pin estandar,2,833.2,178619,2254,138,0.37
CMP00084,Hogar,Pin video,11,2016.77,243186,2783,73,0.72
CMP00085,Hogar,Pin video,4,1555.9,337473,3725,232,0.42
CMP00086,Bodas,Pin estandar,3,1182.18,273802,4262,111,0.28
CMP00087,Viajes,Pin video,1,1082.53,163006,1375,119,0.79
CMP00088,DIY,Pin estandar,3,666.87,158887,1326,92,0.5
CMP00089,Belleza,Pin estandar,12,765.99,255143,4755,357,0.16
CMP00090,Moda,Pin video,2,398.16,51950,678,46,0.59
CMP00091,Viajes,Pin estandar,8,1573.3,373792,2146,131,0.73
CMP00092,Bodas,Carrusel,6,1653.15,267585,5175,266,0.32
CMP00093,Comida,Carrusel,9,1693.7,325804,4220,337,0.4
CMP00094,Bodas,Coleccion,8,608.93,137607,2998,260,0.2
CMP00095,Comida,Pin estandar,10,2355.09,510298,4280,235,0.55
CMP00096,Comida,Pin estandar,3,913.81,278373,1808,154,0.51
CMP00097,Belleza,Pin estandar,5,1471.03,280586,4189,254,0.35
CMP00098,Moda,Carrusel,7,496.12,87872,739,42,0.67
CMP00099,Moda,Carrusel,5,2072.61,511728,8846,458,0.23
CMP00100,Moda,Pin estandar,8,1617.52,294386,2703,93,0.6
CMP00101,Viajes,Shopping,12,936.93,125931,833,16,1.12
CMP00102,Hogar,Pin estandar,5,838.63,279160,2696,99,0.31
CMP00103,Comida,Pin video,1,1595.57,215556,1833,102,0.87
CMP00104,DIY,Carrusel,5,2069.35,471786,6825,318,0.3
CMP00105,Hogar,Coleccion,4,669.66,96434,974,50,0.69
CMP00106,Belleza,Carrusel,6,1054.34,165714,1748,154,0.6
CMP00107,Bodas,Coleccion,3,820.27,107661,1357,60,0.6
CMP00108,Hogar,Pin video,11,2123.2,310704,3287,169,0.65
CMP00109,Moda,Coleccion,5,772.01,137819,1211,35,0.64
CMP00110,Hogar,Pin estandar,2,508.67,103604,1191,27,0.43
CMP00111,Moda,Coleccion,11,1635.43,375097,4992,370,0.33
CMP00112,Fitness,Pin video,6,2247.8,319359,5161,309,0.44
CMP00113,Bodas,Coleccion,12,1583.16,265940,5759,421,0.27
CMP00114,Viajes,Pin video,6,1980.72,399572,4542,138,0.44
CMP00115,DIY,Carrusel,5,3055.02,615566,9828,589,0.31
CMP00116,Bodas,Pin video,6,2722.47,322856,3972,149,0.69
CMP00117,Hogar,Carrusel,11,2739.37,421666,3029,108,0.9
CMP00118,DIY,Pin estandar,7,826.41,268501,2575,53,0.32
CMP00119,Comida,Pin estandar,12,1645.46,538785,6815,198,0.24
CMP00120,Bodas,Pin estandar,5,1224.04,346209,7659,318,0.16
CMP00121,DIY,Pin estandar,1,1211.56,230802,3486,98,0.35
CMP00122,Hogar,Coleccion,8,2026.73,466314,3259,290,0.62
CMP00123,Moda,Pin estandar,4,1517.21,315035,5491,228,0.28
CMP00124,Hogar,Shopping,9,1074.04,199054,1952,56,0.55
CMP00125,Belleza,Pin video,10,744.41,100796,858,29,0.87
CMP00126,Bodas,Pin estandar,12,1524.48,401497,6011,367,0.25
CMP00127,DIY,Coleccion,6,1015.3,147415,1040,25,0.98
CMP00128,Moda,Carrusel,1,2021.3,468119,6120,491,0.33
CMP00129,Comida,Pin video,3,1986.78,266382,2168,189,0.92
CMP00130,Belleza,Carrusel,3,1403.0,324401,4660,173,0.3
CMP00131,Hogar,Carrusel,10,578.69,96483,1111,57,0.52
CMP00132,Moda,Pin estandar,12,877.41,167243,2773,59,0.32
CMP00133,Hogar,Shopping,12,2801.77,507444,6067,393,0.46
CMP00134,Fitness,Shopping,4,1496.12,163576,2106,103,0.71
CMP00135,Hogar,Carrusel,6,2243.53,402245,5379,209,0.42
CMP00136,Comida,Pin estandar,7,595.94,188833,2404,82,0.25
CMP00137,Viajes,Carrusel,10,4627.23,926113,5243,344,0.88
CMP00138,Belleza,Pin estandar,4,359.78,110687,1671,82,0.22
CMP00139,Fitness,Pin estandar,6,1508.73,316895,3526,114,0.43
CMP00140,Fitness,Pin estandar,11,336.24,68274,570,38,0.59
CMP00141,Hogar,Pin video,1,2021.26,401731,4827,287,0.42
CMP00142,Comida,Coleccion,8,671.4,115785,1434,114,0.47
CMP00143,Hogar,Carrusel,7,1022.27,160957,1201,33,0.85
CMP00144,Hogar,Carrusel,11,1348.51,198995,2648,198,0.51
CMP00145,Moda,Pin video,11,1728.48,250995,4120,276,0.42
CMP00146,Viajes,Pin video,9,1011.58,113996,1297,36,0.78
CMP00147,Comida,Pin video,3,1261.14,180488,1362,93,0.93
CMP00148,Moda,Shopping,2,1316.54,192715,3268,166,0.4
CMP00149,Hogar,Pin estandar,1,1166.26,225365,2002,172,0.58
CMP00150,DIY,Coleccion,3,1001.89,174302,2103,62,0.48
CMP00151,Hogar,Carrusel,5,830.39,161188,1040,67,0.8
CMP00152,Moda,Pin video,11,1356.82,200093,1535,71,0.88
CMP00153,Comida,Carrusel,2,1331.1,205933,2313,201,0.58
CMP00154,Fitness,Pin video,12,737.96,88533,1150,49,0.64
CMP00155,Hogar,Coleccion,3,1004.76,185944,1544,134,0.65
CMP00156,Viajes,Shopping,4,338.74,51849,319,26,1.06
CMP00157,Bodas,Pin video,7,972.83,143310,2585,100,0.38
CMP00158,Hogar,Pin estandar,3,346.38,78655,472,35,0.73
CMP00159,Bodas,Carrusel,9,842.02,194274,3862,346,0.22
CMP00160,Belleza,Shopping,8,581.57,66159,621,23,0.94
CMP00161,Viajes,Pin estandar,4,692.71,166430,1028,51,0.67
CMP00162,Viajes,Carrusel,1,2284.33,489237,3708,209,0.62
CMP00163,Comida,Carrusel,1,532.41,137436,1281,52,0.42
CMP00164,Moda,Carrusel,1,887.54,204692,2258,47,0.39
CMP00165,DIY,Pin estandar,1,1348.61,247089,2415,85,0.56
CMP00166,Hogar,Carrusel,8,290.3,63552,932,37,0.31
CMP00167,Hogar,Shopping,3,1021.59,178368,2100,107,0.49
CMP00168,Moda,Pin estandar,6,1278.67,312642,2330,74,0.55
CMP00169,Comida,Pin estandar,3,562.08,153580,1364,110,0.41
CMP00170,Viajes,Shopping,11,429.91,84756,940,65,0.46
CMP00171,Moda,Pin estandar,5,1712.78,462312,4833,125,0.35
CMP00172,Comida,Coleccion,7,298.2,50161,309,20,0.97
CMP00173,Hogar,Pin video,2,879.56,124578,1597,105,0.55
CMP00174,Viajes,Pin estandar,6,514.44,135437,1241,107,0.41
CMP00175,Moda,Coleccion,6,205.26,36836,492,9,0.42
CMP00176,Viajes,Pin video,11,2037.6,227840,1181,44,1.73
CMP00177,Belleza,Pin video,3,1626.78,259581,2640,224,0.62
CMP00178,Fitness,Pin video,6,2132.42,372479,5618,478,0.38
CMP00179,Moda,Carrusel,10,1208.56,277693,2622,184,0.46
CMP00180,Belleza,Pin estandar,10,515.0,126171,1861,136,0.28
CMP00181,Moda,Pin video,5,822.59,102749,1344,35,0.61
CMP00182,Fitness,Shopping,12,416.11,70415,782,43,0.53
CMP00183,DIY,Pin estandar,2,948.03,198082,3167,114,0.3
CMP00184,Hogar,Carrusel,9,1964.3,549604,7464,243,0.26
CMP00185,Viajes,Pin video,8,826.72,128051,1280,98,0.65
CMP00186,Bodas,Coleccion,3,1358.22,198654,1997,58,0.68
CMP00187,Comida,Pin estandar,8,1297.08,346030,2166,114,0.6
CMP00188,Comida,Shopping,9,488.94,63811,599,51,0.82
CMP00189,Hogar,Pin video,3,496.88,90627,674,22,0.74
CMP00190,Moda,Pin estandar,3,1609.07,329890,5860,518,0.27
CMP00191,DIY,Pin estandar,2,633.52,215016,1756,157,0.36
CMP00192,DIY,Pin estandar,8,1401.46,270180,3087,181,0.45
CMP00193,Viajes,Pin video,10,626.42,114901,852,27,0.74
CMP00194,Hogar,Pin video,1,714.45,83771,984,41,0.73
CMP00195,Belleza,Coleccion,8,1384.92,265960,2666,132,0.52
CMP00196,Bodas,Pin video,7,996.8,127171,1883,78,0.53
CMP00197,DIY,Pin estandar,7,903.98,244726,2280,90,0.4
CMP00198,DIY,Carrusel,3,589.37,88352,1359,119,0.43
CMP00199,Bodas,Carrusel,1,1194.36,302888,2891,88,0.41
CMP00200,Viajes,Pin estandar,4,654.49,198338,2256,160,0.29
CMP00201,Moda,Pin estandar,9,1493.66,357293,5786,115,0.26
CMP00202,Moda,Pin estandar,5,596.95,197050,2052,126,0.29
CMP00203,DIY,Carrusel,1,898.01,214530,3092,260,0.29
CMP00204,Viajes,Carrusel,5,1508.83,221782,1114,44,1.35
CMP00205,Moda,Pin video,8,1322.07,147010,2593,85,0.51
CMP00206,Moda,Coleccion,8,1381.01,260636,3358,220,0.41
CMP00207,Viajes,Coleccion,5,1026.7,138656,968,67,1.06
CMP00208,Moda,Carrusel,12,515.18,95282,1059,72,0.49
CMP00209,Moda,Coleccion,9,1755.08,359021,2842,120,0.62
CMP00210,Comida,Pin estandar,1,1098.91,230538,3092,116,0.36
CMP00211,Viajes,Pin estandar,4,742.89,159935,812,70,0.91
CMP00212,Viajes,Pin estandar,3,705.99,126758,1206,102,0.59
CMP00213,Hogar,Pin estandar,2,2529.97,714250,7131,370,0.35
CMP00214,Viajes,Pin video,8,987.83,129843,1510,119,0.65
CMP00215,Hogar,Shopping,7,438.3,85025,698,36,0.63
CMP00216,Hogar,Pin estandar,9,2079.62,666927,7195,357,0.29
CMP00217,Bodas,Pin estandar,2,895.38,318530,4940,153,0.18
CMP00218,Viajes,Pin video,4,771.11,84760,835,41,0.92
CMP00219,DIY,Shopping,6,543.49,61542,447,25,1.22
CMP00220,Viajes,Pin video,11,1130.63,139075,861,18,1.31
CMP00221,Comida,Pin video,3,1807.04,263062,1877,95,0.96
CMP00222,Moda,Pin estandar,8,1153.89,316986,4809,359,0.24
CMP00223,Belleza,Pin estandar,3,815.89,253103,2729,184,0.3
CMP00224,Hogar,Shopping,12,389.81,61924,691,44,0.56
CMP00225,Hogar,Shopping,2,931.6,138173,1096,91,0.85
CMP00226,Fitness,Pin estandar,3,1287.85,261882,4682,99,0.28
CMP00227,Belleza,Shopping,11,633.01,83905,1700,100,0.37
CMP00228,DIY,Carrusel,6,2129.75,564741,6626,497,0.32
CMP00229,Viajes,Coleccion,2,829.05,211524,1551,89,0.53
CMP00230,Bodas,Pin video,8,1343.36,267835,3256,138,0.41
CMP00231,Comida,Pin video,1,850.93,132589,769,22,1.11
CMP00232,Comida,Pin video,7,1679.2,190904,1446,118,1.16
CMP00233,Comida,Carrusel,2,1192.79,208132,2226,117,0.54
CMP00234,Hogar,Pin estandar,10,2465.01,488593,5278,429,0.47
CMP00235,Bodas,Pin estandar,12,1209.26,294521,6404,390,0.19
CMP00236,Hogar,Pin video,6,1482.02,239205,2288,153,0.65
CMP00237,Moda,Carrusel,12,1249.77,322155,4733,361,0.26
CMP00238,Viajes,Pin estandar,2,519.56,98914,823,54,0.63
CMP00239,Moda,Carrusel,2,2054.87,329250,4193,200,0.49
CMP00240,Fitness,Shopping,10,1348.07,235520,2574,144,0.52
CMP00241,Fitness,Pin estandar,8,1504.39,355284,4662,355,0.32
CMP00242,DIY,Carrusel,12,1904.0,365745,4118,190,0.46
CMP00243,Belleza,Pin video,2,1948.85,263565,4560,215,0.43
CMP00244,Moda,Coleccion,7,552.01,73671,1278,34,0.43
CMP00245,Fitness,Pin estandar,3,480.23,108566,1265,106,0.38
CMP00246,Belleza,Carrusel,8,665.62,123474,1102,29,0.6
CMP00247,Fitness,Coleccion,7,490.29,121246,1649,107,0.3
CMP00248,Fitness,Shopping,8,839.01,161092,2282,111,0.37
CMP00249,DIY,Carrusel,7,526.23,126628,1046,50,0.5
CMP00250,Hogar,Pin video,11,549.22,116911,1501,101,0.37
CMP00251,Belleza,Carrusel,6,1323.69,216936,4514,111,0.29
CMP00252,DIY,Coleccion,7,361.42,54473,869,53,0.42
CMP00253,Hogar,Carrusel,5,1123.13,282463,2195,162,0.51
CMP00254,Moda,Pin estandar,7,1751.17,340626,5672,442,0.31
CMP00255,Comida,Shopping,1,1743.39,308103,3421,109,0.51
CMP00256,Fitness,Carrusel,1,1530.81,336137,4406,364,0.35
CMP00257,Viajes,Carrusel,9,1641.51,375509,3264,215,0.5
CMP00258,Comida,Pin estandar,5,1587.9,413250,5075,414,0.31
CMP00259,Moda,Carrusel,5,540.6,123106,1524,82,0.35
CMP00260,Viajes,Pin video,3,949.75,140190,1049,60,0.91
CMP00261,Fitness,Carrusel,5,1553.55,315382,4280,360,0.36
CMP00262,Moda,Pin estandar,3,821.07,147610,1986,164,0.41
CMP00263,Comida,Carrusel,9,826.09,223524,1549,79,0.53
CMP00264,DIY,Shopping,9,1273.57,227557,3531,138,0.36
CMP00265,Bodas,Pin estandar,6,2672.05,906421,16407,779,0.16
CMP00266,Viajes,Shopping,1,1711.89,214882,2011,94,0.85
CMP00267,Viajes,Pin video,7,368.43,76787,423,16,0.87
CMP00268,Belleza,Coleccion,7,1198.94,169574,2715,105,0.44
CMP00269,Hogar,Coleccion,10,584.15,100352,711,57,0.82
CMP00270,Bodas,Carrusel,10,1775.75,332255,3343,83,0.53
CMP00271,Bodas,Carrusel,4,2160.71,395330,6372,429,0.34
CMP00272,DIY,Coleccion,8,2913.17,646274,6842,219,0.43
CMP00273,DIY,Pin video,6,1737.96,318921,3963,174,0.44
CMP00274,Comida,Pin video,4,1451.49,241890,1481,36,0.98
CMP00275,Comida,Carrusel,4,1482.79,265864,2363,91,0.63
CMP00276,Bodas,Coleccion,2,576.19,123673,1404,103,0.41
CMP00277,Viajes,Coleccion,2,1054.48,245349,2921,239,0.36
CMP00278,Viajes,Coleccion,12,1216.92,160438,1418,50,0.86
CMP00279,Bodas,Pin video,4,731.56,157324,2875,150,0.25
CMP00280,DIY,Coleccion,5,1417.78,204279,2006,106,0.71
CMP00281,Hogar,Pin estandar,8,3134.83,626152,4290,348,0.73
CMP00282,Belleza,Pin video,6,334.82,56726,1173,86,0.29
CMP00283,Moda,Pin estandar,4,1543.98,485565,4997,279,0.31
CMP00284,Comida,Pin video,11,1074.15,206067,1820,121,0.59
CMP00285,Moda,Pin video,7,1438.94,186311,2649,210,0.54
CMP00286,Belleza,Pin video,8,1203.51,161009,1402,28,0.86
CMP00287,Comida,Carrusel,2,931.52,149291,1785,86,0.52
CMP00288,Hogar,Pin video,12,433.18,49138,532,44,0.81
CMP00289,Comida,Pin video,7,1602.75,208196,1593,114,1.01
CMP00290,Moda,Pin estandar,2,1422.58,439558,3457,200,0.41
CMP00291,Moda,Pin video,2,1425.54,251966,2256,128,0.63
CMP00292,DIY,Pin estandar,8,2061.53,399665,6179,274,0.33
CMP00293,Belleza,Pin estandar,2,812.51,239957,4089,230,0.2
CMP00294,Moda,Carrusel,11,1072.69,285758,2828,186,0.38
CMP00295,Comida,Carrusel,9,651.6,109301,648,31,1.01
CMP00296,Bodas,Carrusel,12,793.37,161620,2961,207,0.27
CMP00297,Hogar,Pin video,1,472.44,54078,603,48,0.78
CMP00298,Viajes,Pin video,9,678.37,90345,696,21,0.97
CMP00299,Moda,Coleccion,1,1351.59,321951,3582,184,0.38
CMP00300,Moda,Pin video,10,2973.84,335543,3201,155,0.93
CMP00301,Comida,Pin video,10,529.05,92387,999,68,0.53
CMP00302,Comida,Pin estandar,2,925.33,247137,3277,122,0.28
CMP00303,Viajes,Pin video,6,2684.92,420815,2552,165,1.05
CMP00304,Bodas,Pin video,6,1477.01,308799,5268,428,0.28
CMP00305,Fitness,Pin video,1,1300.51,190994,2437,120,0.53
CMP00306,Comida,Carrusel,7,627.13,159509,1438,120,0.44
CMP00307,Hogar,Pin video,8,981.44,153965,1275,114,0.77
CMP00308,Bodas,Carrusel,2,755.66,159844,3219,88,0.23
CMP00309,Hogar,Coleccion,8,1402.38,205463,2130,77,0.66
CMP00310,Belleza,Coleccion,9,1421.08,204701,3121,270,0.46
CMP00311,Moda,Carrusel,6,840.73,208258,2184,190,0.38
CMP00312,Moda,Shopping,5,938.93,140220,1284,34,0.73
CMP00313,Fitness,Pin estandar,12,2065.3,537084,4729,99,0.44
CMP00314,DIY,Pin estandar,9,2197.1,681493,9315,291,0.24
CMP00315,Viajes,Pin estandar,12,888.85,176510,1096,98,0.81
CMP00316,Belleza,Carrusel,11,904.21,151324,2586,84,0.35
CMP00317,Moda,Coleccion,9,509.21,111109,1268,69,0.4
CMP00318,Moda,Pin estandar,1,936.93,244832,2862,227,0.33
CMP00319,Hogar,Shopping,11,1126.0,207808,2124,45,0.53
CMP00320,Comida,Pin estandar,3,382.78,83961,703,43,0.54
CMP00321,Viajes,Shopping,9,1364.67,248360,1372,54,0.99
CMP00322,Viajes,Pin video,11,958.07,106028,745,59,1.29
CMP00323,Hogar,Pin estandar,2,2285.57,458405,5488,218,0.42
CMP00324,Fitness,Pin video,12,2349.33,371401,5790,394,0.41
CMP00325,Bodas,Pin estandar,4,3015.85,682322,8777,589,0.34
CMP00326,Comida,Pin estandar,4,1362.71,254628,2323,82,0.59
CMP00327,Viajes,Pin video,2,933.27,131982,817,18,1.14
CMP00328,Belleza,Coleccion,3,1305.86,288790,3191,155,0.41
CMP00329,Hogar,Pin video,3,972.11,154964,961,38,1.01
CMP00330,Belleza,Pin video,1,2072.56,247136,4868,373,0.43
CMP00331,Bodas,Carrusel,6,1603.99,278724,3301,250,0.49
CMP00332,Moda,Carrusel,8,836.43,144772,1398,72,0.6
CMP00333,Moda,Pin estandar,12,1619.38,309804,3166,197,0.51
CMP00334,Moda,Pin video,3,329.36,38219,327,20,1.01
CMP00335,Moda,Pin estandar,5,2435.6,453099,6390,497,0.38
CMP00336,DIY,Pin estandar,1,725.42,236634,1737,86,0.42
CMP00337,Viajes,Carrusel,10,2260.27,418224,2411,94,0.94
CMP00338,Belleza,Pin estandar,7,835.86,171513,2834,109,0.29
CMP00339,Moda,Pin video,10,1165.36,145779,1584,91,0.74
CMP00340,Comida,Carrusel,1,911.69,162121,1805,92,0.51
CMP00341,Belleza,Pin estandar,12,1433.38,438744,6766,343,0.21
CMP00342,Moda,Carrusel,11,527.31,83820,835,22,0.63
CMP00343,Belleza,Pin estandar,9,218.99,45468,754,53,0.29
CMP00344,Belleza,Shopping,8,2170.88,407901,4023,140,0.54
CMP00345,Viajes,Pin video,7,2422.74,363756,3150,106,0.77
CMP00346,Viajes,Coleccion,10,834.98,184737,1468,71,0.57
CMP00347,Moda,Carrusel,7,656.47,140236,1415,50,0.46
CMP00348,Belleza,Pin estandar,5,976.5,342556,5484,333,0.18
CMP00349,Viajes,Carrusel,5,534.69,109094,1208,55,0.44
CMP00350,Comida,Shopping,11,1357.78,178787,2412,124,0.56
CMP00351,DIY,Carrusel,5,890.73,157135,1982,114,0.45
CMP00352,Viajes,Coleccion,1,818.44,127792,985,33,0.83
CMP00353,Moda,Coleccion,8,773.86,109461,1054,32,0.73
CMP00354,Moda,Pin estandar,12,1048.78,308165,3074,250,0.34
CMP00355,Viajes,Pin estandar,11,899.06,286566,2364,119,0.38
CMP00356,Moda,Carrusel,1,1064.3,164234,1833,89,0.58
CMP00357,Comida,Pin video,4,732.91,139267,1782,40,0.41
CMP00358,Fitness,Coleccion,9,1916.62,252093,3052,167,0.63
CMP00359,Comida,Shopping,9,1357.8,150391,1267,74,1.07
CMP00360,Belleza,Pin video,5,1068.82,156512,2071,122,0.52
CMP00361,Viajes,Pin estandar,4,579.7,104488,1130,78,0.51
CMP00362,Belleza,Coleccion,3,1850.86,438083,7272,235,0.25
CMP00363,Comida,Pin estandar,3,755.7,207121,2148,80,0.35
CMP00364,Fitness,Coleccion,12,1163.0,184393,2159,165,0.54
CMP00365,Belleza,Pin video,5,775.42,126237,2361,203,0.33
CMP00366,Fitness,Carrusel,10,1604.3,237698,1960,57,0.82
CMP00367,DIY,Pin estandar,1,274.37,91954,1399,76,0.2
CMP00368,Hogar,Carrusel,5,765.76,141207,1498,52,0.51
CMP00369,Moda,Pin video,6,1623.11,224234,2578,62,0.63
CMP00370,Moda,Carrusel,7,686.28,118640,1491,63,0.46
CMP00371,Moda,Pin estandar,12,286.91,81604,1175,35,0.24
CMP00372,Moda,Carrusel,9,733.48,153576,1126,78,0.65
CMP00373,Viajes,Coleccion,3,1290.01,181738,2012,115,0.64
CMP00374,Moda,Pin estandar,2,514.36,153731,1848,55,0.28
CMP00375,Hogar,Pin estandar,3,1008.25,197107,1791,36,0.56
CMP00376,DIY,Pin estandar,12,1009.63,230749,1838,140,0.55
CMP00377,Moda,Carrusel,9,2654.75,430430,5142,166,0.52
CMP00378,Bodas,Carrusel,12,645.51,107627,1689,105,0.38
CMP00379,Hogar,Pin video,7,2503.44,455653,4389,191,0.57
CMP00380,Moda,Pin estandar,9,647.98,147513,2143,130,0.3
CMP00381,Viajes,Pin video,2,1496.37,176082,1378,58,1.09
CMP00382,Viajes,Carrusel,5,917.82,183109,2146,55,0.43
CMP00383,DIY,Pin video,4,838.63,93722,1174,41,0.71
CMP00384,Bodas,Shopping,2,429.33,60334,1200,39,0.36
CMP00385,Bodas,Pin estandar,9,1490.88,465929,4881,243,0.31
CMP00386,Hogar,Carrusel,9,1886.81,387991,3715,245,0.51
CMP00387,Moda,Pin video,6,1463.33,164784,1785,68,0.82
CMP00388,Bodas,Pin video,11,723.64,120511,2011,41,0.36
CMP00389,Bodas,Carrusel,6,889.04,135973,2804,157,0.32
CMP00390,Fitness,Carrusel,8,987.5,149976,1307,81,0.76
CMP00391,Belleza,Shopping,6,1562.85,236225,2200,192,0.71
CMP00392,Belleza,Pin estandar,1,2023.75,667216,12753,781,0.16
CMP00393,Bodas,Pin estandar,4,943.87,195468,2320,122,0.41
CMP00394,Belleza,Carrusel,7,313.27,68246,1148,69,0.27
CMP00395,Fitness,Carrusel,2,310.68,49786,704,59,0.44
CMP00396,DIY,Pin estandar,9,681.92,168815,2506,195,0.27
CMP00397,Belleza,Pin estandar,8,1844.95,443631,4425,188,0.42
CMP00398,Bodas,Pin estandar,8,1511.98,303723,3265,119,0.46
CMP00399,Bodas,Coleccion,7,1611.37,302769,5000,191,0.32
CMP00400,Moda,Pin estandar,4,710.08,175729,3061,169,0.23
CMP00401,DIY,Pin video,2,847.23,135304,1448,104,0.59
CMP00402,Comida,Pin estandar,3,1814.33,473894,3814,210,0.48
CMP00403,DIY,Pin video,12,2567.11,369737,4660,115,0.55
CMP00404,Hogar,Pin estandar,6,1835.05,362325,5208,367,0.35
CMP00405,DIY,Pin video,12,1835.65,296261,4410,337,0.42
CMP00406,Belleza,Pin estandar,12,690.54,161798,3388,136,0.2
CMP00407,Moda,Coleccion,5,1573.93,244691,1821,121,0.86
CMP00408,DIY,Pin estandar,12,467.2,131441,1014,50,0.46
CMP00409,Moda,Pin video,8,1982.16,341003,4699,386,0.42
CMP00410,Hogar,Coleccion,6,1343.68,180513,2416,191,0.56
CMP00411,Fitness,Carrusel,6,940.45,155900,1736,98,0.54
CMP00412,Fitness,Pin video,1,245.78,34249,362,24,0.68
CMP00413,Comida,Pin video,4,922.85,123093,1449,118,0.64
CMP00414,Viajes,Pin video,5,1101.99,235301,1224,66,0.9
CMP00415,Belleza,Carrusel,12,1167.0,206061,2689,112,0.43
CMP00416,Hogar,Shopping,11,948.27,128203,1352,98,0.7
CMP00417,Hogar,Carrusel,3,798.37,147569,1629,57,0.49
CMP00418,Viajes,Carrusel,9,643.22,135187,1358,64,0.47
CMP00419,Bodas,Carrusel,1,2565.87,677876,9348,753,0.27
CMP00420,Bodas,Pin video,6,2966.13,546279,9434,667,0.31
CMP00421,Bodas,Pin estandar,6,1250.1,228868,3868,186,0.32
CMP00422,Moda,Carrusel,10,675.8,137066,1797,62,0.38
CMP00423,Comida,Shopping,5,560.23,77953,825,37,0.68
CMP00424,Moda,Pin estandar,12,944.28,320356,3204,127,0.29
CMP00425,Comida,Carrusel,5,2903.26,799469,4865,157,0.6
CMP00426,Belleza,Pin estandar,10,1284.71,267196,2645,190,0.49
CMP00427,DIY,Pin video,5,2090.25,298678,2635,99,0.79
CMP00428,Belleza,Pin estandar,6,2068.65,489693,7199,372,0.29
CMP00429,Moda,Pin video,8,1602.29,283279,4610,216,0.35
CMP00430,Moda,Coleccion,2,532.75,79310,1171,103,0.45
CMP00431,Bodas,Pin video,6,2072.98,389989,7664,363,0.27
CMP00432,Viajes,Carrusel,1,492.38,118224,866,22,0.57
CMP00433,Moda,Coleccion,4,693.18,123259,1426,37,0.49
CMP00434,Moda,Shopping,10,1315.43,208706,2390,146,0.55
CMP00435,Viajes,Pin estandar,3,888.57,254393,1572,97,0.57
CMP00436,Moda,Pin video,9,1307.82,174706,1373,67,0.95
CMP00437,DIY,Pin estandar,3,473.79,102491,1276,64,0.37
CMP00438,Viajes,Shopping,6,694.27,77657,925,21,0.75
CMP00439,Moda,Shopping,1,1565.47,225352,2028,113,0.77
CMP00440,Moda,Pin video,12,4135.46,846989,6525,361,0.63
CMP00441,Fitness,Coleccion,6,2337.12,476611,8064,245,0.29
CMP00442,Belleza,Pin video,4,379.05,42074,487,13,0.78
CMP00443,Belleza,Carrusel,8,942.35,168671,3180,91,0.3
CMP00444,Bodas,Pin estandar,11,761.24,159013,2942,79,0.26
CMP00445,Fitness,Coleccion,9,1096.22,282652,5332,334,0.21
CMP00446,Fitness,Pin estandar,4,1306.38,307312,3867,130,0.34
CMP00447,Bodas,Coleccion,10,790.1,197797,3547,133,0.22
CMP00448,Belleza,Coleccion,12,1926.17,318821,4545,146,0.42
CMP00449,Moda,Carrusel,10,2114.22,314489,4406,383,0.48
CMP00450,Bodas,Pin estandar,6,2049.87,371921,5604,447,0.37
CMP00451,Comida,Pin video,1,622.84,88856,615,22,1.01
CMP00452,Belleza,Pin estandar,4,1344.56,329309,4873,209,0.28
CMP00453,DIY,Pin video,7,1946.31,219926,2602,90,0.75
CMP00454,Moda,Pin estandar,12,1746.7,372740,5946,323,0.29
CMP00455,Comida,Shopping,1,1681.08,322169,3659,78,0.46
CMP00456,Moda,Carrusel,8,2360.23,460080,6610,442,0.36
CMP00457,Belleza,Pin video,12,843.77,149522,1469,83,0.57
CMP00458,Moda,Pin video,10,336.5,50316,753,62,0.45
CMP00459,Moda,Pin video,12,934.74,141148,1778,56,0.53
CMP00460,Moda,Carrusel,11,967.36,174692,2944,224,0.33
CMP00461,Viajes,Pin video,6,3806.83,616659,7044,531,0.54
CMP00462,Bodas,Shopping,5,749.77,131425,1280,36,0.59
CMP00463,Comida,Pin video,10,2088.49,305248,3677,176,0.57
CMP00464,Fitness,Shopping,11,3404.36,379612,3128,99,1.09
CMP00465,Belleza,Coleccion,9,2991.39,466934,6082,230,0.49
CMP00466,Hogar,Pin estandar,2,1104.0,294601,3205,123,0.34
CMP00467,DIY,Shopping,5,1761.52,185734,1498,88,1.18
CMP00468,Hogar,Pin estandar,6,1280.4,239140,3041,148,0.42
CMP00469,Fitness,Coleccion,7,673.81,144718,1142,98,0.59
CMP00470,Moda,Pin video,5,2281.02,482311,4350,125,0.52
CMP00471,Fitness,Coleccion,9,1557.51,232324,3390,298,0.46
CMP00472,Moda,Coleccion,1,621.41,88314,1317,47,0.47
CMP00473,DIY,Coleccion,7,890.45,117531,1842,136,0.48
CMP00474,Comida,Coleccion,10,1018.24,139947,1555,67,0.65
CMP00475,Fitness,Pin video,7,2132.28,292797,4585,137,0.47
CMP00476,Moda,Pin estandar,4,518.59,121048,1387,111,0.37
CMP00477,Comida,Pin video,9,517.23,110597,598,24,0.86
CMP00478,Fitness,Pin estandar,12,1265.51,362544,3337,220,0.38
CMP00479,Comida,Carrusel,11,596.54,116770,1136,67,0.53
CMP00480,Viajes,Pin video,5,1002.52,135298,1307,69,0.77
CMP00481,Viajes,Shopping,4,825.24,108149,844,46,0.98
CMP00482,Belleza,Carrusel,7,256.5,42054,740,52,0.35
CMP00483,Viajes,Coleccion,4,728.39,147833,1265,33,0.58
CMP00484,Comida,Pin estandar,3,983.3,224402,1346,89,0.73
CMP00485,DIY,Coleccion,9,1874.6,447468,3803,314,0.49
CMP00486,Moda,Shopping,11,3019.7,435934,7093,170,0.43
CMP00487,Hogar,Pin video,8,684.31,85933,1076,32,0.64
CMP00488,Fitness,Carrusel,1,1233.38,208098,3801,266,0.32
CMP00489,DIY,Coleccion,7,1486.37,193942,1505,76,0.99
CMP00490,Belleza,Pin estandar,9,3642.79,1018080,21254,1025,0.17
CMP00491,Viajes,Pin video,8,800.21,117388,740,21,1.08
CMP00492,Hogar,Pin video,8,659.66,109046,665,36,0.99
CMP00493,Hogar,Pin estandar,6,897.48,222496,3332,96,0.27
CMP00494,Belleza,Pin video,11,656.51,77701,927,49,0.71
CMP00495,Belleza,Pin estandar,4,1622.33,344021,5785,424,0.28
CMP00496,Comida,Pin estandar,8,1908.36,362060,2473,94,0.77
CMP00497,Moda,Pin estandar,3,1292.05,383416,5163,277,0.25
CMP00498,Fitness,Shopping,9,1242.04,135306,2486,222,0.5
CMP00499,Fitness,Pin video,2,2307.38,478519,5525,376,0.42
CMP00500,Viajes,Shopping,2,988.71,106839,1028,81,0.96
CMP00501,Comida,Pin video,12,1732.67,286520,1983,97,0.87
CMP00502,Hogar,Pin video,12,978.31,163559,1901,140,0.51
CMP00503,Bodas,Pin video,7,528.27,76783,1039,23,0.51
CMP00504,Viajes,Pin video,12,2110.69,239032,1510,43,1.4
CMP00505,Moda,Pin estandar,10,1337.53,455905,4824,165,0.28
CMP00506,DIY,Carrusel,4,2003.86,423397,3544,170,0.57
CMP00507,DIY,Pin estandar,10,1425.63,274243,4258,337,0.33
CMP00508,Fitness,Carrusel,8,1525.52,312210,3886,171,0.39
CMP00509,Bodas,Carrusel,9,668.63,159309,1961,129,0.34
CMP00510,Viajes,Pin estandar,7,1503.07,376763,3024,210,0.5
CMP00511,Belleza,Pin estandar,5,2294.94,591548,7358,449,0.31
CMP00512,Fitness,Coleccion,8,1063.12,144164,2380,107,0.45
CMP00513,DIY,Pin video,4,775.88,96781,1569,94,0.49
CMP00514,Moda,Pin estandar,2,1768.65,419675,5007,220,0.35
CMP00515,Moda,Shopping,11,485.48,49828,822,21,0.59
CMP00516,Belleza,Pin estandar,12,2459.88,599564,9311,833,0.26
CMP00517,Bodas,Carrusel,6,970.8,262106,2915,84,0.33
CMP00518,Fitness,Shopping,9,1735.79,280638,4456,111,0.39
CMP00519,Moda,Pin estandar,1,1343.98,334240,4259,347,0.32
CMP00520,Comida,Pin estandar,11,2116.64,653419,6971,286,0.3
CMP00521,Belleza,Pin estandar,10,2179.01,399585,7835,513,0.28
CMP00522,Fitness,Pin video,12,1261.9,156969,2033,87,0.62
CMP00523,DIY,Pin estandar,7,399.5,112497,1746,82,0.23
CMP00524,DIY,Carrusel,10,2712.79,487226,6836,262,0.4
CMP00525,Belleza,Pin estandar,9,457.57,94930,1381,60,0.33
CMP00526,Belleza,Pin video,10,1481.96,167778,2684,130,0.55
CMP00527,Hogar,Shopping,9,2317.8,251387,2244,158,1.03
CMP00528,Moda,Coleccion,10,1521.18,260766,4647,259,0.33
CMP00529,DIY,Carrusel,11,774.56,124702,1646,141,0.47
CMP00530,Bodas,Pin video,3,1277.63,179751,1724,39,0.74
CMP00531,Fitness,Carrusel,11,813.25,149646,1739,96,0.47
CMP00532,Fitness,Pin video,5,797.18,157170,2372,144,0.34
CMP00533,Comida,Pin video,8,1314.74,256588,1502,126,0.88
CMP00534,Bodas,Pin estandar,8,175.49,40976,381,8,0.46
CMP00535,Fitness,Coleccion,4,992.63,203194,2654,159,0.37
CMP00536,DIY,Pin video,12,1245.02,267993,2651,211,0.47
CMP00537,Hogar,Pin estandar,11,1201.46,249061,2476,91,0.49
CMP00538,Belleza,Pin video,11,705.2,150112,1757,142,0.4
CMP00539,Moda,Pin video,1,1515.31,208763,1874,39,0.81
CMP00540,Fitness,Coleccion,1,1162.27,196134,3111,221,0.37
CMP00541,Viajes,Carrusel,4,3165.3,459348,3906,333,0.81
CMP00542,Hogar,Coleccion,6,1555.58,272229,2123,140,0.73
CMP00543,Viajes,Pin estandar,8,828.61,278235,1975,100,0.42
CMP00544,Viajes,Pin video,6,1747.8,247557,2243,51,0.78
CMP00545,Belleza,Pin video,12,364.71,43537,405,34,0.9
CMP00546,Moda,Pin estandar,9,1196.71,214035,1881,99,0.64
CMP00547,Viajes,Pin estandar,9,1339.02,334340,1781,39,0.75
CMP00548,Comida,Coleccion,2,1204.56,236971,2838,193,0.42
CMP00549,Bodas,Pin estandar,10,679.68,127313,2439,131,0.28
CMP00550,Comida,Pin video,1,1184.74,218580,2514,72,0.47
CMP00551,DIY,Pin estandar,2,542.12,119853,1640,57,0.33
CMP00552,Comida,Pin estandar,5,2741.06,696407,7536,184,0.36
CMP00553,Comida,Pin estandar,4,1190.41,408369,3782,227,0.31
CMP00554,DIY,Shopping,4,1483.63,224734,2912,185,0.51
CMP00555,Belleza,Coleccion,9,440.69,90469,803,44,0.55
CMP00556,Moda,Shopping,11,787.96,95373,1326,102,0.59
CMP00557,Moda,Pin video,8,1575.68,177701,2772,222,0.57
CMP00558,Bodas,Pin estandar,6,1950.59,549379,8655,546,0.23
CMP00559,Viajes,Pin video,1,631.27,76590,564,11,1.12
CMP00560,Viajes,Pin video,2,1479.89,308189,2094,143,0.71
CMP00561,Hogar,Coleccion,6,904.95,152817,1800,88,0.5
CMP00562,Moda,Pin estandar,11,346.4,115561,1696,101,0.2
CMP00563,Moda,Pin video,2,772.09,87738,1457,95,0.53
CMP00564,Belleza,Pin estandar,10,1987.03,401762,5107,227,0.39
CMP00565,Comida,Pin video,5,2109.21,279599,3253,273,0.65
CMP00566,Belleza,Carrusel,5,1312.37,205583,3181,93,0.41
CMP00567,Belleza,Pin video,6,1224.43,163339,3188,213,0.38
CMP00568,DIY,Pin video,6,894.88,99889,1181,23,0.76
CMP00569,Belleza,Pin video,6,226.38,29028,433,36,0.52
CMP00570,Comida,Pin video,2,1398.67,159716,1610,44,0.87
CMP00571,Bodas,Coleccion,10,661.9,113320,2166,57,0.31
CMP00572,Belleza,Coleccion,3,2283.09,530864,10911,472,0.21
CMP00573,Viajes,Shopping,6,520.89,69562,370,17,1.41
CMP00574,DIY,Coleccion,8,2050.71,472681,3369,117,0.61
CMP00575,Fitness,Pin video,12,338.02,46650,875,53,0.39
CMP00576,Moda,Carrusel,11,3829.89,738117,9538,486,0.4
CMP00577,Fitness,Pin video,12,452.72,61321,919,20,0.49
CMP00578,Comida,Pin estandar,1,2112.92,747108,6953,294,0.3
CMP00579,Hogar,Coleccion,1,758.74,164938,1128,86,0.67
CMP00580,Belleza,Pin estandar,11,1570.79,376171,6800,464,0.23
CMP00581,Fitness,Shopping,2,2751.34,287873,4762,336,0.58
CMP00582,Comida,Pin video,11,954.43,151607,1201,82,0.79
CMP00583,Hogar,Carrusel,12,3638.28,729801,6390,266,0.57
CMP00584,Viajes,Carrusel,12,2788.97,464717,5034,135,0.55
CMP00585,Hogar,Coleccion,6,414.41,67115,446,17,0.93
CMP00586,Moda,Carrusel,9,1115.53,245374,4101,320,0.27
CMP00587,Moda,Carrusel,4,974.63,197379,1968,174,0.5
CMP00588,Moda,Pin estandar,3,1159.13,339964,4624,252,0.25
CMP00589,Moda,Pin video,12,898.31,100421,1738,35,0.52
CMP00590,Moda,Pin estandar,8,634.01,200269,2908,86,0.22
CMP00591,Viajes,Carrusel,11,1076.78,224262,1745,74,0.62
CMP00592,Hogar,Pin video,10,1541.67,330294,4031,243,0.38
CMP00593,Belleza,Carrusel,9,173.56,40587,516,13,0.34
CMP00594,DIY,Pin estandar,12,1852.51,371593,3472,298,0.53
CMP00595,Belleza,Pin estandar,11,1242.0,369281,7739,352,0.16
CMP00596,Viajes,Carrusel,5,2493.21,659540,6731,564,0.37
CMP00597,Moda,Pin estandar,9,854.98,207093,2933,218,0.29
CMP00598,Hogar,Pin estandar,2,784.87,277543,2552,185,0.31
CMP00599,Moda,Pin estandar,3,679.38,223675,1729,108,0.39
CMP00600,Moda,Shopping,7,1495.71,168866,1272,81,1.18
CMP00601,Hogar,Carrusel,7,311.01,50161,551,35,0.56
CMP00602,Moda,Pin video,6,709.68,81442,1256,80,0.57
CMP00603,Moda,Pin estandar,6,1252.72,241249,3137,184,0.4
CMP00604,Moda,Pin video,2,409.68,53493,870,77,0.47
CMP00605,Belleza,Coleccion,10,1179.34,291088,2567,182,0.46
CMP00606,Hogar,Carrusel,6,2249.93,360567,3353,249,0.67
CMP00607,Belleza,Pin estandar,4,2090.58,404568,4606,373,0.45
CMP00608,Comida,Pin estandar,12,1048.07,208056,1877,65,0.56
CMP00609,Viajes,Pin estandar,3,1911.72,452612,2408,62,0.79
CMP00610,Moda,Carrusel,11,1461.67,338729,5929,318,0.25
CMP00611,Bodas,Coleccion,2,1251.97,176221,2117,118,0.59
CMP00612,Viajes,Pin estandar,1,1599.65,330775,3784,295,0.42
CMP00613,Moda,Pin estandar,11,896.18,161586,1906,97,0.47
CMP00614,DIY,Pin estandar,11,945.98,292335,4781,286,0.2
CMP00615,Fitness,Shopping,5,1439.13,239625,3422,194,0.42
CMP00616,Moda,Pin estandar,2,1116.79,329141,5678,128,0.2
CMP00617,Hogar,Coleccion,2,2058.58,298289,1804,113,1.14
CMP00618,Bodas,Carrusel,7,1721.96,414513,7917,617,0.22
CMP00619,Bodas,Pin video,8,1716.69,353715,7495,232,0.23
CMP00620,Hogar,Pin estandar,10,1525.62,272628,1978,121,0.77
CMP00621,Hogar,Pin estandar,8,1243.92,433498,2976,183,0.42
CMP00622,Belleza,Carrusel,4,1694.2,263756,3626,114,0.47
CMP00623,Comida,Coleccion,1,1964.28,373674,4843,138,0.41
CMP00624,Viajes,Carrusel,11,1386.12,215047,1872,165,0.74
CMP00625,Belleza,Pin video,7,665.03,94016,1414,67,0.47
CMP00626,Belleza,Pin estandar,1,1131.24,212456,2162,77,0.52
CMP00627,Bodas,Shopping,11,418.68,44359,399,12,1.05
CMP00628,Moda,Coleccion,4,2200.92,566513,9035,602,0.24
CMP00629,Hogar,Pin estandar,8,1697.67,563793,3827,239,0.44
CMP00630,Viajes,Shopping,2,659.7,107675,1008,65,0.65
CMP00631,DIY,Carrusel,6,751.71,128660,2014,52,0.37
CMP00632,Comida,Carrusel,6,2254.71,341159,2418,199,0.93
CMP00633,Comida,Carrusel,12,725.13,141909,1531,72,0.47
CMP00634,Moda,Coleccion,9,403.68,65248,525,22,0.77
CMP00635,Belleza,Carrusel,5,525.36,126296,2021,105,0.26
CMP00636,Comida,Pin estandar,10,937.07,185414,1247,58,0.75
CMP00637,Hogar,Pin video,4,846.73,94592,1194,96,0.71
CMP00638,Hogar,Shopping,5,888.69,142965,1245,105,0.71
CMP00639,Belleza,Pin estandar,12,1657.14,395922,5637,232,0.29
CMP00640,Moda,Pin video,12,788.55,159566,2181,175,0.36
CMP00641,Hogar,Pin video,10,1417.68,199840,1507,112,0.94
CMP00642,Hogar,Pin video,11,534.02,78099,989,84,0.54
CMP00643,Hogar,Carrusel,5,2138.47,533879,4657,173,0.46
CMP00644,Moda,Shopping,8,568.78,80493,1155,69,0.49
CMP00645,DIY,Pin estandar,10,1135.79,304053,2483,97,0.46
CMP00646,Comida,Pin estandar,12,1034.67,242816,2664,206,0.39
CMP00647,Viajes,Pin estandar,8,1355.01,305193,1746,35,0.78
CMP00648,Bodas,Coleccion,2,1744.16,449212,6622,394,0.26
CMP00649,Comida,Carrusel,7,861.75,139814,1034,45,0.83
CMP00650,Moda,Pin estandar,8,1769.77,368975,5638,240,0.31
CMP00651,Comida,Coleccion,11,2059.19,391465,2944,191,0.7
CMP00652,Comida,Coleccion,6,989.05,243980,3059,243,0.32
CMP00653,Bodas,Coleccion,5,2785.3,412240,8673,543,0.32
CMP00654,Belleza,Shopping,11,1353.7,141299,1536,122,0.88
CMP00655,Moda,Pin estandar,9,912.96,262917,3636,140,0.25
CMP00656,Hogar,Coleccion,3,1177.29,231041,1568,88,0.75
CMP00657,Belleza,Pin video,12,2785.32,517107,6894,355,0.4
CMP00658,Viajes,Coleccion,10,1383.73,227916,2264,47,0.61
CMP00659,Comida,Carrusel,4,1382.99,342159,3675,216,0.38
CMP00660,Belleza,Coleccion,9,1456.46,278943,4538,300,0.32
CMP00661,Fitness,Carrusel,6,1853.54,312067,3465,212,0.53
CMP00662,Viajes,Pin estandar,8,1370.59,313756,2360,168,0.58
CMP00663,Hogar,Pin video,7,1565.33,248134,1718,103,0.91
CMP00664,Moda,Shopping,11,1164.88,167386,2505,61,0.47
CMP00665,Moda,Shopping,2,1243.74,162488,2054,57,0.61
CMP00666,Hogar,Pin estandar,3,1908.98,677803,8390,518,0.23
CMP00667,Moda,Pin estandar,1,707.52,234291,2316,90,0.31
CMP00668,Hogar,Pin estandar,9,1132.35,214968,1917,49,0.59
CMP00669,Hogar,Carrusel,7,953.25,252678,2276,113,0.42
CMP00670,Moda,Coleccion,1,449.3,68374,511,30,0.88
CMP00671,DIY,Pin estandar,3,489.59,91067,908,39,0.54
CMP00672,Moda,Pin video,4,1126.64,194866,3093,217,0.36
CMP00673,Comida,Coleccion,4,1957.96,371079,4700,305,0.42
CMP00674,Belleza,Carrusel,5,1263.23,230045,3434,148,0.37
CMP00675,Fitness,Pin video,3,790.18,92291,1211,88,0.65
CMP00676,Moda,Carrusel,3,2316.6,340843,2567,167,0.9
CMP00677,Belleza,Pin video,1,886.13,111955,2180,140,0.41
CMP00678,Fitness,Pin estandar,7,589.63,193795,1541,90,0.38
CMP00679,DIY,Carrusel,11,2810.76,481126,7675,159,0.37
CMP00680,Bodas,Carrusel,10,1172.7,237578,3707,254,0.32
CMP00681,Hogar,Coleccion,1,2599.64,459121,4167,193,0.62
CMP00682,Moda,Carrusel,2,1114.87,303612,5216,448,0.21
CMP00683,Viajes,Coleccion,4,1130.48,246528,1226,94,0.92
CMP00684,Fitness,Pin estandar,4,435.6,86886,1268,77,0.34
CMP00685,Comida,Pin video,5,871.39,131719,1296,48,0.67
CMP00686,Comida,Pin estandar,11,1460.99,400858,2876,98,0.51
CMP00687,Hogar,Pin estandar,2,1624.99,419324,4134,181,0.39
CMP00688,Bodas,Carrusel,4,1217.27,187549,3339,178,0.36
CMP00689,Hogar,Shopping,1,939.16,109585,1374,55,0.68
CMP00690,Hogar,Pin estandar,2,1138.96,319709,1920,107,0.59
CMP00691,Belleza,Pin video,1,570.6,112220,2267,71,0.25
CMP00692,Comida,Coleccion,10,2377.92,493324,3321,293,0.72
CMP00693,Hogar,Pin estandar,10,1735.81,322754,2615,72,0.66
CMP00694,Moda,Carrusel,4,1048.61,189431,1902,162,0.55
CMP00695,Viajes,Carrusel,4,846.86,157784,800,67,1.06
CMP00696,Hogar,Carrusel,7,2906.88,520258,3697,209,0.79
CMP00697,Comida,Pin estandar,10,768.08,200811,2688,190,0.29
CMP00698,Moda,Pin video,11,983.84,119654,1268,64,0.78
CMP00699,Comida,Coleccion,11,2431.78,414650,2626,168,0.93
CMP00700,Comida,Carrusel,9,1287.2,329323,2063,90,0.62
CMP00701,Moda,Pin estandar,9,368.2,116468,1743,71,0.21
CMP00702,Hogar,Coleccion,5,1316.36,222474,3045,184,0.43
CMP00703,Moda,Pin estandar,10,789.72,145640,1452,79,0.54
CMP00704,Moda,Carrusel,1,431.62,94255,699,42,0.62
CMP00705,Fitness,Pin estandar,1,813.28,155362,1617,64,0.5
CMP00706,Hogar,Shopping,6,561.77,64989,422,19,1.33
CMP00707,Bodas,Pin video,2,679.45,119673,1244,32,0.55
CMP00708,Hogar,Pin video,8,1277.93,271014,2678,63,0.48
CMP00709,Viajes,Pin estandar,9,463.88,150357,970,36,0.48
CMP00710,Bodas,Pin video,4,1837.54,233645,3730,93,0.49
CMP00711,Comida,Coleccion,5,931.68,201717,1503,40,0.62
CMP00712,Belleza,Shopping,11,711.02,105818,2142,164,0.33
CMP00713,Belleza,Pin video,8,925.58,135462,2684,60,0.34
CMP00714,Belleza,Pin video,3,564.76,71935,1117,73,0.51
CMP00715,Fitness,Carrusel,5,563.89,144724,1728,67,0.33
CMP00716,DIY,Coleccion,3,884.54,163364,1694,137,0.52
CMP00717,Fitness,Carrusel,12,1316.53,253288,3196,172,0.41
CMP00718,Moda,Pin video,10,1465.87,209088,3148,130,0.47
CMP00719,Bodas,Pin video,3,839.34,101448,1531,86,0.55
CMP00720,Fitness,Carrusel,3,989.54,241299,4300,200,0.23
CMP00721,Hogar,Pin estandar,12,1267.17,250333,3629,215,0.35
CMP00722,Moda,Carrusel,7,2505.8,422914,4579,128,0.55
CMP00723,Bodas,Pin video,7,1162.13,164160,2720,244,0.43
CMP00724,Comida,Coleccion,7,751.24,114812,708,35,1.06
CMP00725,DIY,Pin estandar,10,634.15,160396,1376,61,0.46
CMP00726,Moda,Carrusel,8,1849.3,464136,5414,377,0.34
CMP00727,Bodas,Pin video,5,221.85,29270,344,15,0.64
CMP00728,Hogar,Carrusel,5,815.75,152866,2123,166,0.38
CMP00729,Moda,Pin estandar,4,631.05,137476,1224,63,0.52
CMP00730,Moda,Carrusel,7,1720.71,367437,4453,313,0.39
CMP00731,Bodas,Carrusel,10,2211.64,331379,5692,156,0.39
CMP00732,Viajes,Carrusel,4,978.94,176201,1723,136,0.57
CMP00733,Comida,Carrusel,2,701.58,184679,1570,112,0.45
CMP00734,Belleza,Carrusel,4,1031.41,203260,3933,136,0.26
CMP00735,DIY,Coleccion,8,1409.13,208390,2547,76,0.55
CMP00736,Belleza,Pin estandar,9,1523.68,303305,4227,178,0.36
CMP00737,Bodas,Coleccion,3,1031.42,179246,1775,156,0.58
CMP00738,Belleza,Pin video,7,2226.58,258270,3681,139,0.6
CMP00739,Belleza,Pin estandar,12,788.28,222083,4162,216,0.19
CMP00740,Belleza,Pin estandar,9,886.98,224570,3625,80,0.24
CMP00741,Hogar,Pin video,11,914.75,105890,1428,68,0.64
CMP00742,Bodas,Coleccion,4,1309.48,179366,2810,168,0.47
CMP00743,Comida,Carrusel,10,1784.44,302447,1923,166,0.93
CMP00744,Hogar,Coleccion,3,491.0,68603,420,23,1.17
CMP00745,DIY,Pin video,5,544.28,109868,1054,81,0.52
CMP00746,Belleza,Pin video,1,1323.11,155921,2681,156,0.49
CMP00747,Comida,Pin estandar,3,553.57,149705,1766,40,0.31
CMP00748,DIY,Pin video,8,945.12,176282,1679,70,0.56
CMP00749,Viajes,Pin video,11,911.23,161590,1352,81,0.67
CMP00750,Moda,Pin estandar,8,2091.34,526744,6188,535,0.34
CMP00751,Fitness,Pin estandar,4,2626.2,749628,9447,757,0.28
CMP00752,Viajes,Carrusel,2,828.93,179344,1159,41,0.72
CMP00753,Hogar,Carrusel,8,1504.59,378758,2737,96,0.55
CMP00754,Moda,Shopping,8,916.48,144298,1345,45,0.68
CMP00755,Bodas,Shopping,10,1730.16,224573,2188,185,0.79
CMP00756,Viajes,Carrusel,4,543.51,107700,670,53,0.81
CMP00757,Comida,Pin video,3,2055.05,335377,1836,136,1.12
CMP00758,DIY,Carrusel,2,768.69,125755,1610,76,0.48
CMP00759,Bodas,Coleccion,9,444.17,60928,808,44,0.55
CMP00760,Moda,Pin estandar,1,803.37,163319,2892,151,0.28
CMP00761,Hogar,Pin video,7,953.33,157299,1218,45,0.78
CMP00762,Hogar,Coleccion,5,562.77,83794,763,42,0.74
CMP00763,Bodas,Pin video,8,1087.24,207428,2868,63,0.38
CMP00764,Moda,Carrusel,4,1610.76,407157,2968,86,0.54
CMP00765,Comida,Carrusel,7,671.54,142586,1739,142,0.39
CMP00766,Bodas,Pin estandar,5,2477.87,489546,4617,335,0.54
CMP00767,DIY,Pin video,5,3598.41,634541,10094,500,0.36
CMP00768,Belleza,Pin video,9,963.77,199216,3912,219,0.25
CMP00769,DIY,Pin estandar,9,1555.01,490727,5840,268,0.27
CMP00770,Moda,Pin estandar,9,1385.58,266228,3479,249,0.4
CMP00771,DIY,Coleccion,12,1030.32,163801,2141,160,0.48
CMP00772,Moda,Pin estandar,6,967.26,275654,3136,230,0.31
CMP00773,Belleza,Pin video,6,355.46,50230,831,58,0.43
CMP00774,Bodas,Pin estandar,5,1025.89,239849,2303,79,0.45
CMP00775,Moda,Shopping,9,1717.76,211764,1648,71,1.04
CMP00776,Hogar,Pin estandar,10,782.99,226761,2293,121,0.34
CMP00777,Bodas,Pin video,8,2441.97,287865,4726,203,0.52
CMP00778,Bodas,Coleccion,7,1398.35,277391,5821,424,0.24
CMP00779,Viajes,Coleccion,7,2059.1,315696,1753,75,1.17
CMP00780,Viajes,Pin estandar,6,979.9,344410,3693,109,0.27
CMP00781,Comida,Coleccion,5,1224.38,231682,1645,78,0.74
CMP00782,Hogar,Pin video,4,1535.14,249604,2382,211,0.64
CMP00783,Belleza,Pin video,3,913.8,130118,1612,57,0.57
CMP00784,Hogar,Pin estandar,3,2002.43,666662,6400,402,0.31
CMP00785,DIY,Pin estandar,6,794.0,158408,1281,64,0.62
CMP00786,Comida,Carrusel,4,2951.91,692573,6564,163,0.45
CMP00787,Belleza,Pin video,12,533.61,69930,1293,70,0.41
CMP00788,Belleza,Pin video,12,1468.16,178943,2498,172,0.59
CMP00789,Fitness,Carrusel,6,743.77,136057,1842,103,0.4
CMP00790,Moda,Coleccion,3,616.93,92046,1506,122,0.41
CMP00791,Comida,Pin estandar,4,637.1,136916,1522,61,0.42
CMP00792,Comida,Carrusel,9,161.91,34126,319,8,0.51
CMP00793,Viajes,Pin estandar,5,582.04,114918,764,65,0.76
CMP00794,Moda,Coleccion,7,1771.93,355480,5956,276,0.3
CMP00795,DIY,Carrusel,10,1687.72,306900,3778,227,0.45
CMP00796,Fitness,Shopping,2,513.84,60081,624,47,0.82
CMP00797,Comida,Pin estandar,5,1457.15,377394,2860,122,0.51
CMP00798,Viajes,Pin estandar,9,711.8,195134,2065,144,0.34
CMP00799,Fitness,Pin estandar,11,304.51,74522,619,18,0.49
CMP00800,Viajes,Pin estandar,3,1786.63,350987,4191,169,0.43
CMP00801,Moda,Pin estandar,9,1919.86,355280,3058,92,0.63
CMP00802,Comida,Shopping,11,796.44,105197,1246,95,0.64
CMP00803,Viajes,Pin estandar,6,2072.53,445503,3404,121,0.61
CMP00804,Belleza,Pin estandar,4,1060.68,199033,2906,204,0.36
CMP00805,Bodas,Coleccion,7,1181.27,279299,5834,501,0.2
CMP00806,Fitness,Pin video,8,1025.17,182871,2309,131,0.44
CMP00807,Fitness,Coleccion,6,506.11,76925,1083,62,0.47
CMP00808,Belleza,Pin estandar,5,960.63,188119,1697,88,0.57
CMP00809,Moda,Pin video,6,521.35,61702,445,19,1.17
CMP00810,Fitness,Pin estandar,5,1494.1,377078,4021,214,0.37
CMP00811,DIY,Pin estandar,8,1583.49,519151,6924,430,0.23
CMP00812,Moda,Shopping,1,300.44,42645,362,32,0.83
CMP00813,Fitness,Pin estandar,11,1549.23,449566,4104,351,0.38
CMP00814,DIY,Pin video,7,1062.78,180900,1929,154,0.55
CMP00815,Comida,Pin video,10,349.94,43396,462,37,0.76
CMP00816,Comida,Pin video,10,1247.99,255022,2848,150,0.44
CMP00817,Belleza,Coleccion,11,894.41,127115,1353,89,0.66
CMP00818,Moda,Pin estandar,2,719.34,179948,1450,119,0.5
CMP00819,Hogar,Carrusel,9,527.96,94511,1366,64,0.39
CMP00820,Bodas,Shopping,1,1359.49,254619,3187,278,0.43
CMP00821,Moda,Carrusel,11,1167.75,249478,4095,201,0.29
CMP00822,Hogar,Shopping,10,1199.78,224697,3094,192,0.39
CMP00823,Belleza,Pin estandar,6,2024.55,368614,6684,465,0.3
CMP00824,Comida,Pin video,9,2436.06,296248,2004,173,1.22
CMP00825,DIY,Pin estandar,1,258.03,63134,930,34,0.28
CMP00826,Belleza,Carrusel,4,1366.68,319123,5773,416,0.24
CMP00827,Belleza,Shopping,4,810.79,85581,1362,76,0.6
CMP00828,Bodas,Pin estandar,9,1483.2,393957,5338,207,0.28
CMP00829,Belleza,Carrusel,11,693.13,170576,1997,148,0.35
CMP00830,Hogar,Pin estandar,5,2942.33,672246,4770,279,0.62
CMP00831,Belleza,Carrusel,5,1518.4,223188,3308,219,0.46
CMP00832,Moda,Pin video,6,994.49,217735,2943,125,0.34
CMP00833,Moda,Shopping,1,2091.25,344703,3819,205,0.55
CMP00834,Comida,Carrusel,1,648.29,95553,883,55,0.73
CMP00835,Belleza,Pin video,9,1555.96,292010,3790,183,0.41
CMP00836,DIY,Pin estandar,3,972.01,311833,4036,136,0.24
CMP00837,Belleza,Pin estandar,4,1048.84,238561,4712,411,0.22
CMP00838,Comida,Pin estandar,1,2662.52,510730,3436,191,0.77
CMP00839,Viajes,Pin estandar,9,3564.38,861813,6503,464,0.55
CMP00840,Moda,Coleccion,8,1382.43,180025,1570,76,0.88
CMP00841,Viajes,Carrusel,2,693.07,117927,1096,49,0.63
CMP00842,Moda,Pin video,8,1036.01,211991,3195,154,0.32
CMP00843,Fitness,Pin estandar,7,714.45,128039,2394,116,0.3
CMP00844,Moda,Coleccion,11,765.82,141284,1442,83,0.53
CMP00845,Belleza,Carrusel,6,1195.76,265375,5406,313,0.22
CMP00846,Moda,Pin estandar,1,734.11,168294,1326,72,0.55
CMP00847,Fitness,Carrusel,7,2085.53,456844,6786,199,0.31
CMP00848,Comida,Pin video,10,983.75,199003,1166,63,0.84
CMP00849,Comida,Pin estandar,7,1077.25,384183,4855,154,0.22
CMP00850,Moda,Pin video,9,795.17,120560,1557,44,0.51
CMP00851,Bodas,Pin video,1,496.14,59363,1070,91,0.46
CMP00852,Hogar,Pin estandar,2,538.76,122376,1650,102,0.33
CMP00853,DIY,Shopping,11,1265.08,129140,1044,69,1.21
CMP00854,Hogar,Coleccion,9,917.23,185135,1175,56,0.78
CMP00855,Hogar,Carrusel,9,1310.6,292440,4067,340,0.32
CMP00856,Moda,Pin video,6,1927.55,365283,3872,250,0.5
CMP00857,Belleza,Pin video,6,707.99,133671,1340,98,0.53
CMP00858,Comida,Carrusel,4,3225.49,717069,6593,301,0.49
CMP00859,Moda,Pin video,4,602.94,73913,1009,87,0.6
CMP00860,Bodas,Pin estandar,5,526.17,98605,928,71,0.57
CMP00861,Belleza,Pin video,3,1795.13,199755,2369,188,0.76
CMP00862,Comida,Coleccion,1,1096.93,231209,1309,41,0.84
CMP00863,Belleza,Pin video,1,688.44,80426,1101,42,0.63
CMP00864,Belleza,Pin estandar,12,498.02,133908,2635,105,0.19
CMP00865,Comida,Coleccion,7,612.74,143015,1910,74,0.32
CMP00866,Moda,Pin estandar,1,1139.44,217613,3064,244,0.37
CMP00867,Hogar,Pin estandar,1,2285.17,498826,3718,82,0.61
CMP00868,DIY,Pin estandar,3,366.08,112251,1747,44,0.21
CMP00869,Fitness,Pin video,10,1199.84,184428,2552,99,0.47
CMP00870,Belleza,Coleccion,4,1650.71,333076,3443,117,0.48
CMP00871,Hogar,Pin video,4,821.61,103969,1486,53,0.55
CMP00872,Viajes,Pin estandar,2,2346.21,576525,5911,448,0.4
CMP00873,Belleza,Coleccion,1,1288.65,168259,2964,176,0.43
CMP00874,Moda,Coleccion,3,1737.27,427818,6357,129,0.27
CMP00875,Moda,Coleccion,11,1697.32,325355,3046,152,0.56
CMP00876,Viajes,Pin estandar,4,2035.53,490569,3100,150,0.66
CMP00877,Viajes,Pin video,3,1013.56,148197,1445,40,0.7
CMP00878,Moda,Shopping,8,2563.13,397502,3805,256,0.67
CMP00879,Hogar,Coleccion,10,1057.08,158778,1579,109,0.67
CMP00880,Hogar,Pin estandar,1,963.99,183641,2394,168,0.4
CMP00881,Viajes,Pin estandar,2,938.21,172833,1805,128,0.52
CMP00882,Moda,Pin video,7,897.46,109270,1321,26,0.68
CMP00883,Moda,Shopping,4,896.3,98843,1557,135,0.58
CMP00884,Bodas,Pin video,8,1149.44,162926,3310,254,0.35
CMP00885,Moda,Pin video,11,1169.45,140765,2008,167,0.58
CMP00886,Viajes,Pin estandar,3,1159.93,317805,2048,43,0.57
CMP00887,Hogar,Carrusel,6,987.61,201772,1708,145,0.58
CMP00888,Moda,Coleccion,9,1694.37,334187,3542,271,0.48
CMP00889,Hogar,Pin video,1,1229.54,184156,1298,102,0.95
CMP00890,Bodas,Coleccion,1,1413.2,285524,3622,96,0.39
CMP00891,DIY,Shopping,8,625.26,65050,564,40,1.11
CMP00892,DIY,Pin estandar,3,502.22,136622,1517,132,0.33
CMP00893,Belleza,Pin video,5,1599.54,320157,6353,428,0.25
CMP00894,Viajes,Pin estandar,1,1739.13,406805,2258,135,0.77
CMP00895,Hogar,Coleccion,5,595.88,146413,1827,157,0.33
CMP00896,Hogar,Carrusel,11,551.6,141912,1729,88,0.32
CMP00897,DIY,Carrusel,6,2120.51,496855,3750,232,0.57
CMP00898,Moda,Coleccion,8,825.88,146491,2514,134,0.33
CMP00899,Moda,Pin video,3,733.12,112419,1499,127,0.49
CMP00900,Hogar,Shopping,3,549.62,62325,577,14,0.95
CMP00901,Moda,Pin video,12,553.64,69951,1075,59,0.52
CMP00902,Hogar,Pin estandar,11,3182.78,796951,6627,451,0.48
CMP00903,Comida,Carrusel,11,1024.57,219489,2418,182,0.42
CMP00904,Belleza,Coleccion,10,920.68,181650,1616,98,0.57
CMP00905,DIY,Pin video,9,524.86,65024,969,81,0.54
CMP00906,Bodas,Coleccion,4,352.15,86940,1308,112,0.27
CMP00907,Belleza,Shopping,4,2638.5,531652,8730,213,0.3
CMP00908,Hogar,Pin estandar,12,1912.29,380364,3039,146,0.63
CMP00909,Belleza,Shopping,7,1208.09,166908,2825,61,0.43
CMP00910,Comida,Pin estandar,2,157.29,49673,578,24,0.27
CMP00911,Hogar,Pin estandar,8,942.98,272570,2796,160,0.34
CMP00912,Viajes,Pin estandar,6,1182.31,218500,2020,169,0.59
CMP00913,Belleza,Coleccion,3,1160.76,162138,2294,181,0.51
CMP00914,Comida,Carrusel,9,2251.1,376170,4755,137,0.47
CMP00915,Belleza,Pin estandar,5,1376.11,331574,4865,128,0.28
CMP00916,Hogar,Pin video,8,814.42,117733,1598,97,0.51
CMP00917,Fitness,Carrusel,7,690.56,99887,1715,98,0.4
CMP00918,Bodas,Pin estandar,8,1094.28,198809,2891,111,0.38
CMP00919,Moda,Coleccion,7,961.67,205538,1990,165,0.48
CMP00920,DIY,Coleccion,3,1338.75,191997,2039,173,0.66
CMP00921,Comida,Pin video,2,304.13,55829,675,32,0.45
CMP00922,DIY,Shopping,7,1191.73,200414,1774,146,0.67
CMP00923,Bodas,Pin video,3,608.15,79744,1282,60,0.47
CMP00924,Belleza,Shopping,3,768.83,111675,2072,148,0.37
CMP00925,Moda,Carrusel,2,1019.93,150868,1662,88,0.61
CMP00926,Hogar,Carrusel,4,2436.28,639186,7529,215,0.32
CMP00927,Comida,Pin estandar,8,1446.06,341674,2524,214,0.57
CMP00928,Viajes,Coleccion,12,1006.5,136265,761,39,1.32
CMP00929,Hogar,Pin video,1,462.71,53407,702,50,0.66
CMP00930,Moda,Pin estandar,1,1077.2,332645,2750,125,0.39
CMP00931,DIY,Pin estandar,12,599.33,156622,1454,31,0.41
CMP00932,Fitness,Carrusel,5,1895.57,334497,5955,161,0.32
CMP00933,Comida,Pin video,11,1054.03,199806,1639,89,0.64
CMP00934,Moda,Carrusel,5,544.29,79019,1399,95,0.39
CMP00935,Hogar,Coleccion,11,1015.58,137765,2041,88,0.5
CMP00936,Moda,Pin estandar,12,1852.78,567039,5725,393,0.32
CMP00937,DIY,Carrusel,1,1812.98,462018,3236,222,0.56
CMP00938,Moda,Pin estandar,6,958.36,315338,4671,323,0.21
CMP00939,Comida,Coleccion,1,1622.96,220770,1998,108,0.81
CMP00940,Hogar,Coleccion,5,1240.39,269916,1864,156,0.67
CMP00941,Comida,Pin video,9,892.07,138432,1540,83,0.58
CMP00942,Viajes,Carrusel,12,362.04,71394,358,18,1.01
CMP00943,DIY,Pin video,5,1562.33,214738,3267,110,0.48
CMP00944,Hogar,Pin video,6,677.64,138963,1007,41,0.67
CMP00945,Moda,Coleccion,8,1217.23,257722,2209,50,0.55
CMP00946,Moda,Pin video,11,345.64,39329,357,22,0.97
CMP00947,DIY,Pin video,1,1165.69,134245,2162,80,0.54
CMP00948,DIY,Pin video,2,1015.72,125322,1687,69,0.6
CMP00949,Comida,Coleccion,9,1422.97,362568,4311,318,0.33
CMP00950,Viajes,Pin video,3,920.74,152493,1168,50,0.79
CMP00951,Viajes,Pin estandar,6,1132.92,248540,1794,66,0.63
CMP00952,Moda,Carrusel,5,2000.71,448271,4362,138,0.46
CMP00953,DIY,Coleccion,11,1822.31,247868,2815,208,0.65
CMP00954,Belleza,Pin estandar,2,3013.89,658789,10114,294,0.3
CMP00955,Belleza,Pin estandar,7,3407.3,1135260,18573,961,0.18
CMP00956,Comida,Pin estandar,4,3741.97,700059,5238,290,0.71
CMP00957,Moda,Pin video,1,1090.4,122409,2135,145,0.51
CMP00958,Moda,Pin video,4,1217.88,248364,2243,144,0.54
CMP00959,Bodas,Carrusel,6,2941.67,548485,12086,927,0.24
CMP00960,Moda,Carrusel,7,2197.13,481639,3545,82,0.62
CMP00961,Viajes,Carrusel,7,765.78,157085,1298,52,0.59
CMP00962,Hogar,Pin video,7,651.69,121416,1092,43,0.6
CMP00963,Belleza,Coleccion,3,292.21,48095,676,20,0.43
CMP00964,Hogar,Pin video,6,1366.09,153341,1707,68,0.8
CMP00965,Belleza,Shopping,8,2281.11,309720,4301,179,0.53
CMP00966,Viajes,Carrusel,4,693.5,182971,1424,80,0.49
CMP00967,Hogar,Pin estandar,8,711.54,156864,1975,131,0.36
CMP00968,Comida,Carrusel,2,1551.49,330753,3623,169,0.43
CMP00969,Belleza,Pin video,10,1966.79,232908,4401,309,0.45
CMP00970,Viajes,Carrusel,9,1251.86,249306,1645,71,0.76
CMP00971,Fitness,Pin estandar,9,694.61,207970,3105,125,0.22
CMP00972,Bodas,Pin estandar,8,968.81,290489,4909,284,0.2
CMP00973,Hogar,Coleccion,10,886.65,130203,1214,26,0.73
CMP00974,Moda,Pin estandar,10,1514.76,427458,5321,136,0.28
CMP00975,Hogar,Coleccion,1,697.77,102555,904,44,0.77
CMP00976,Comida,Pin estandar,2,492.14,145755,954,82,0.52
CMP00977,Moda,Carrusel,6,297.76,64367,612,43,0.49
CMP00978,Comida,Carrusel,10,772.59,150625,942,24,0.82
CMP00979,Comida,Pin video,5,1855.63,209876,2294,181,0.81
CMP00980,Hogar,Pin video,12,630.15,71694,856,60,0.74
CMP00981,Bodas,Pin estandar,9,383.65,113531,2478,155,0.15
CMP00982,Moda,Pin estandar,5,501.35,131829,1988,153,0.25
CMP00983,Moda,Pin video,2,585.01,111861,868,41,0.67
CMP00984,Bodas,Carrusel,10,777.67,147148,3080,109,0.25
CMP00985,Comida,Shopping,4,465.58,65053,805,44,0.58
CMP00986,Viajes,Coleccion,9,1710.73,233772,1868,109,0.92
CMP00987,Belleza,Coleccion,1,543.32,73120,1153,66,0.47
CMP00988,Hogar,Coleccion,11,1297.28,243541,3600,214,0.36
CMP00989,Bodas,Carrusel,1,765.8,146674,2374,205,0.32
CMP00990,Bodas,Pin estandar,12,663.76,125014,2653,220,0.25
CMP00991,Viajes,Shopping,7,1628.11,183907,992,80,1.64
CMP00992,Hogar,Carrusel,11,1028.39,292755,2259,171,0.46
CMP00993,Comida,Carrusel,3,2113.34,457412,4103,353,0.52
CMP00994,Belleza,Pin estandar,10,787.77,197884,3120,83,0.25
CMP00995,Moda,Pin video,2,539.52,96425,1544,59,0.35
CMP00996,DIY,Pin video,9,885.97,162323,2659,145,0.33
CMP00997,Moda,Coleccion,3,731.05,182969,2085,165,0.35
CMP00998,Fitness,Pin video,2,2597.94,347442,2902,160,0.9
CMP00999,Belleza,Pin video,12,712.82,124089,2294,165,0.31
CMP01000,Hogar,Shopping,8,1320.2,256026,2928,87,0.45
CMP01001,Comida,Pin estandar,10,1073.35,311410,2182,82,0.49
CMP01002,DIY,Pin video,6,532.95,65004,747,53,0.71
CMP01003,Bodas,Pin estandar,6,633.3,122160,2323,73,0.27
CMP01004,Bodas,Carrusel,10,1184.48,228191,4427,197,0.27
CMP01005,Viajes,Shopping,11,1187.18,171094,1436,55,0.83
CMP01006,Viajes,Pin estandar,7,878.13,158564,1109,49,0.79
CMP01007,DIY,Coleccion,7,1010.06,218524,3548,246,0.28
CMP01008,Hogar,Pin estandar,11,341.13,100243,1199,54,0.28
CMP01009,Comida,Shopping,6,623.18,98446,857,50,0.73
CMP01010,Hogar,Coleccion,4,1853.3,410465,3498,94,0.53
CMP01011,Fitness,Coleccion,11,776.29,146178,2390,182,0.32
CMP01012,Fitness,Pin estandar,9,1848.55,345501,3673,168,0.5
CMP01013,Moda,Shopping,6,2005.31,253349,2293,149,0.87
CMP01014,Viajes,Carrusel,4,1992.89,403271,3474,245,0.57
CMP01015,Fitness,Pin video,12,2544.98,289150,3236,112,0.79
CMP01016,Hogar,Coleccion,3,1416.83,350996,4092,335,0.35
CMP01017,Comida,Pin estandar,4,2491.04,735086,4671,294,0.53
CMP01018,DIY,Coleccion,3,1783.45,295828,3870,193,0.46
CMP01019,Moda,Pin estandar,2,318.99,70517,723,23,0.44
CMP01020,Viajes,Carrusel,5,1342.8,369058,1772,152,0.76
CMP01021,Hogar,Pin video,2,3404.14,533244,3808,277,0.89
CMP01022,Fitness,Pin estandar,6,278.91,60401,1130,39,0.25
CMP01023,Fitness,Pin estandar,3,1063.45,223667,4014,175,0.26
CMP01024,Fitness,Pin estandar,6,526.6,114807,1209,92,0.44
CMP01025,Belleza,Pin video,11,654.39,108909,1982,136,0.33
CMP01026,DIY,Pin video,10,769.3,154617,1952,143,0.39
CMP01027,DIY,Carrusel,9,1338.09,267891,4343,220,0.31
CMP01028,Hogar,Pin estandar,1,870.57,275452,2578,180,0.34
CMP01029,DIY,Pin estandar,6,1313.48,240857,3214,151,0.41
CMP01030,Moda,Carrusel,9,2850.0,551994,4353,151,0.65
CMP01031,Comida,Pin estandar,11,1895.44,513902,4424,284,0.43
CMP01032,Hogar,Shopping,4,1181.07,136462,2002,176,0.59
CMP01033,Moda,Coleccion,11,918.76,159310,2074,86,0.44
CMP01034,Moda,Carrusel,12,1396.96,304672,3140,164,0.44
CMP01035,Viajes,Carrusel,2,317.82,50114,283,19,1.12
CMP01036,Hogar,Coleccion,4,822.06,114357,1410,81,0.58
CMP01037,Bodas,Pin estandar,1,1429.5,305160,5403,427,0.26
CMP01038,Moda,Pin estandar,3,1168.96,398758,4481,328,0.26
CMP01039,Hogar,Pin estandar,10,1963.81,447775,6518,156,0.3
CMP01040,Comida,Coleccion,9,1808.9,266458,1486,133,1.22
CMP01041,Bodas,Pin estandar,10,1370.42,430650,5641,409,0.24
CMP01042,Hogar,Carrusel,5,872.71,202939,2899,233,0.3
CMP01043,Viajes,Shopping,11,762.36,82647,587,38,1.3
CMP01044,DIY,Coleccion,6,2030.42,516979,4703,375,0.43
CMP01045,Viajes,Pin video,3,1376.89,172652,1492,41,0.92
CMP01046,Hogar,Pin estandar,5,629.0,152427,2044,90,0.31
CMP01047,Moda,Coleccion,11,1862.46,334369,2779,226,0.67
CMP01048,DIY,Carrusel,8,1340.29,380241,6059,206,0.22
CMP01049,Moda,Pin estandar,6,1012.75,198800,3138,79,0.32
CMP01050,DIY,Pin estandar,4,1697.0,445698,3741,281,0.45
CMP01051,Comida,Shopping,2,1486.74,196925,2199,172,0.68
CMP01052,Fitness,Carrusel,9,2243.02,382079,4701,147,0.48
CMP01053,Bodas,Coleccion,12,2233.19,340678,4916,392,0.45
CMP01054,Fitness,Coleccion,1,800.61,106315,1803,122,0.44
CMP01055,Belleza,Carrusel,1,1070.55,199741,4100,231,0.26
CMP01056,Bodas,Pin video,4,891.14,139924,1498,117,0.59
CMP01057,Belleza,Pin video,7,2836.81,319124,4371,215,0.65
CMP01058,Belleza,Pin video,1,1708.64,228684,3306,111,0.52
CMP01059,Viajes,Pin video,9,1080.42,182917,1373,54,0.79
CMP01060,DIY,Coleccion,4,699.33,161251,1644,91,0.43
CMP01061,Fitness,Carrusel,3,1145.39,177609,1493,85,0.77
CMP01062,Bodas,Coleccion,1,230.14,43883,801,61,0.29
CMP01063,Belleza,Pin video,10,912.41,120766,1678,126,0.54
CMP01064,Belleza,Carrusel,4,591.34,114871,1246,75,0.47
CMP01065,Bodas,Carrusel,9,1838.08,438028,8767,654,0.21
CMP01066,Hogar,Carrusel,10,919.87,164089,2169,72,0.42
CMP01067,Moda,Carrusel,6,1189.33,320367,3989,93,0.3
CMP01068,Belleza,Pin estandar,6,1036.38,261886,3184,258,0.33
CMP01069,Hogar,Pin video,1,1881.48,267365,3139,79,0.6
CMP01070,Hogar,Pin estandar,10,1908.28,474586,4078,151,0.47
CMP01071,Hogar,Pin video,2,1501.11,188665,1532,105,0.98
CMP01072,Moda,Pin video,11,1332.88,160258,2418,117,0.55
CMP01073,Moda,Carrusel,6,382.08,61632,470,38,0.81
CMP01074,Fitness,Shopping,2,983.8,193273,1721,70,0.57
CMP01075,Belleza,Carrusel,3,2086.94,499333,4237,88,0.49
CMP01076,Belleza,Carrusel,4,1253.03,232986,2406,98,0.52
CMP01077,Viajes,Pin video,11,921.47,104671,554,33,1.66
CMP01078,Hogar,Carrusel,5,826.63,128711,1925,89,0.43
CMP01079,Fitness,Pin estandar,9,829.91,160863,1798,103,0.46
CMP01080,Bodas,Pin estandar,12,1180.43,323495,3563,289,0.33
CMP01081,Moda,Pin video,4,774.15,119026,1166,97,0.66
CMP01082,Belleza,Pin video,11,2003.38,299382,6046,233,0.33
CMP01083,DIY,Pin estandar,9,344.59,106333,1249,65,0.28
CMP01084,Fitness,Pin estandar,11,1682.85,582907,7034,411,0.24
CMP01085,Belleza,Pin estandar,10,2315.85,424823,8243,712,0.28
CMP01086,Viajes,Shopping,3,564.33,92825,709,63,0.8
CMP01087,Moda,Pin video,8,1583.35,280647,3036,110,0.52
CMP01088,Fitness,Pin video,12,1386.97,281368,2877,203,0.48
CMP01089,Hogar,Pin estandar,1,672.62,124563,1170,54,0.57
CMP01090,Fitness,Carrusel,11,529.4,95748,1101,22,0.48
CMP01091,Viajes,Pin estandar,9,1450.75,310805,3007,62,0.48
CMP01092,Viajes,Pin estandar,9,2860.26,534386,3679,192,0.78
CMP01093,Comida,Pin video,10,2152.26,351528,3541,191,0.61
CMP01094,Hogar,Pin estandar,2,1589.8,350159,2308,49,0.69
CMP01095,Moda,Pin estandar,4,1438.35,494509,4582,311,0.31
CMP01096,Hogar,Pin estandar,8,1252.35,376877,3643,147,0.34
CMP01097,Hogar,Pin estandar,7,1064.66,207637,2996,177,0.36
CMP01098,Bodas,Pin estandar,1,1494.05,302014,4256,174,0.35
CMP01099,Belleza,Pin video,5,666.63,108475,1818,57,0.37
CMP01100,Moda,Coleccion,7,1786.36,337003,3354,162,0.53
CMP01101,Fitness,Carrusel,4,1109.03,206621,1918,69,0.58
CMP01102,DIY,Pin video,1,1119.2,245918,1765,101,0.63
CMP01103,Fitness,Pin estandar,9,2565.85,738271,8396,284,0.31
CMP01104,Fitness,Shopping,5,495.69,83726,807,44,0.61
CMP01105,Moda,Pin video,11,1621.55,284997,2587,80,0.63
CMP01106,Belleza,Pin estandar,2,2390.35,472724,8502,569,0.28
CMP01107,Bodas,Carrusel,8,1509.12,336942,3104,225,0.49
CMP01108,Viajes,Pin estandar,11,1273.46,381702,3365,93,0.38
CMP01109,Moda,Pin video,2,1087.71,158919,1795,94,0.61
CMP01110,Bodas,Pin video,3,1790.49,210926,3340,83,0.54
CMP01111,Hogar,Coleccion,10,281.32,58863,651,40,0.43
CMP01112,Hogar,Pin video,1,1475.48,300667,2651,102,0.56
CMP01113,Comida,Carrusel,11,935.74,197105,1535,87,0.61
CMP01114,Comida,Shopping,2,1084.85,126683,1436,80,0.76
CMP01115,Comida,Pin estandar,7,1469.09,338349,4214,356,0.35
CMP01116,Moda,Pin estandar,10,618.11,121507,1127,65,0.55
CMP01117,DIY,Pin video,2,775.49,86975,658,40,1.18
CMP01118,Hogar,Pin video,6,2272.94,278662,3923,188,0.58
CMP01119,Moda,Pin video,3,901.64,123557,1356,117,0.66
CMP01120,DIY,Shopping,4,530.49,72497,874,65,0.61
CMP01121,Fitness,Carrusel,11,1511.03,415090,4983,199,0.3
CMP01122,DIY,Carrusel,8,2260.24,325442,2553,201,0.89
CMP01123,Bodas,Pin video,3,486.73,77322,1311,65,0.37
CMP01124,Viajes,Coleccion,10,1944.55,438348,3761,293,0.52
CMP01125,Comida,Shopping,6,2390.57,292715,2061,159,1.16
CMP01126,Moda,Coleccion,1,1886.46,381526,4608,153,0.41
CMP01127,Belleza,Pin estandar,7,1046.08,235594,4344,300,0.24
CMP01128,Belleza,Carrusel,8,1999.29,359993,5702,230,0.35
CMP01129,Hogar,Pin estandar,11,2108.05,520757,3578,146,0.59
CMP01130,Bodas,Pin estandar,8,550.99,107172,1757,71,0.31
CMP01131,Comida,Pin estandar,3,1724.17,486791,5399,382,0.32
CMP01132,Moda,Carrusel,10,1201.86,237043,3736,134,0.32
CMP01133,Hogar,Carrusel,1,1174.49,218228,2544,51,0.46
CMP01134,Viajes,Pin estandar,9,340.81,73164,431,30,0.79
CMP01135,Moda,Pin video,6,286.64,35313,525,16,0.55
CMP01136,DIY,Pin video,11,1205.36,189928,2527,69,0.48
CMP01137,Comida,Pin video,9,1043.47,139324,779,28,1.34
CMP01138,Comida,Pin estandar,7,1035.56,321431,2807,130,0.37
CMP01139,Comida,Pin video,1,968.79,110170,892,47,1.09
CMP01140,DIY,Coleccion,12,604.88,113597,1502,34,0.4
CMP01141,Belleza,Pin estandar,12,1794.49,370558,4121,362,0.44
CMP01142,Viajes,Pin estandar,1,2371.63,830125,7516,527,0.32
CMP01143,Comida,Pin video,6,429.99,78413,1003,42,0.43
CMP01144,Hogar,Shopping,5,1641.69,225299,2969,125,0.55
CMP01145,DIY,Carrusel,9,502.98,76511,1202,61,0.42
CMP01146,Bodas,Carrusel,2,964.93,180516,4009,255,0.24
CMP01147,Viajes,Pin video,8,1426.24,162425,792,23,1.8
CMP01148,DIY,Carrusel,11,728.23,140225,1789,59,0.41
CMP01149,DIY,Pin estandar,5,655.16,156990,1677,134,0.39
CMP01150,Viajes,Carrusel,2,1120.55,285919,3142,119,0.36
CMP01151,DIY,Shopping,10,1781.62,201700,1834,85,0.97
CMP01152,Viajes,Carrusel,11,818.8,187609,2225,180,0.37
CMP01153,Viajes,Coleccion,11,652.51,89219,822,54,0.79
CMP01154,Viajes,Carrusel,12,849.55,127028,1335,58,0.64
CMP01155,Bodas,Pin estandar,6,2073.28,381028,3869,262,0.54
CMP01156,Moda,Shopping,10,1135.11,152381,1399,29,0.81
CMP01157,DIY,Pin estandar,8,1186.21,252607,3563,254,0.33
CMP01158,DIY,Pin video,4,910.38,112500,766,41,1.19
CMP01159,Moda,Pin estandar,2,1008.13,318339,5100,392,0.2
CMP01160,DIY,Pin estandar,12,1664.23,371257,2501,217,0.67
CMP01161,Moda,Pin video,11,1208.45,256786,3671,311,0.33
CMP01162,Hogar,Pin estandar,5,2748.23,655403,6085,509,0.45
CMP01163,Bodas,Pin video,12,843.11,160453,2768,154,0.3
CMP01164,Moda,Carrusel,2,2278.8,550404,8100,366,0.28
CMP01165,Bodas,Pin estandar,2,445.74,116620,1588,83,0.28
CMP01166,DIY,Pin estandar,6,1212.72,302361,2318,158,0.52
CMP01167,Comida,Carrusel,11,1123.22,197711,1179,96,0.95
CMP01168,Moda,Pin video,10,2290.25,468483,6352,219,0.36
CMP01169,Hogar,Carrusel,9,923.8,175529,1875,158,0.49
CMP01170,Viajes,Carrusel,4,2692.59,650511,6598,508,0.41
CMP01171,Fitness,Coleccion,6,413.53,68241,939,83,0.44
CMP01172,Viajes,Carrusel,7,705.81,123158,965,78,0.73
CMP01173,Hogar,Pin video,11,736.24,103944,996,39,0.74
CMP01174,Viajes,Carrusel,6,489.53,80461,401,10,1.22
CMP01175,Comida,Pin estandar,8,1131.4,302537,2455,68,0.46
CMP01176,Bodas,Pin video,4,952.4,118586,2629,106,0.36
CMP01177,Moda,Coleccion,12,1947.07,352976,5871,369,0.33
CMP01178,Bodas,Pin video,1,519.96,76996,1035,78,0.5
CMP01179,Comida,Coleccion,7,3398.11,535540,5441,451,0.62
CMP01180,Fitness,Coleccion,3,2603.75,664106,11763,748,0.22
CMP01181,Belleza,Coleccion,6,777.51,122098,1704,34,0.46
CMP01182,Viajes,Shopping,2,1618.32,204048,1005,33,1.61
CMP01183,Fitness,Pin video,9,784.62,131651,1141,30,0.69
CMP01184,Moda,Pin video,1,1591.62,322166,4095,186,0.39
CMP01185,Fitness,Carrusel,6,467.34,122395,2342,129,0.2
CMP01186,Viajes,Pin video,6,1558.64,178116,1743,40,0.89
CMP01187,Moda,Carrusel,5,878.78,148631,1183,52,0.74
CMP01188,Hogar,Carrusel,5,423.2,107278,826,26,0.51
CMP01189,Viajes,Carrusel,1,1078.46,227114,2351,153,0.46
CMP01190,Moda,Pin video,10,1112.02,153471,2499,131,0.44
CMP01191,Comida,Pin estandar,12,1237.33,240744,2504,136,0.49
CMP01192,Belleza,Pin video,5,2715.0,571740,9444,471,0.29
CMP01193,Viajes,Pin estandar,2,881.26,254510,1273,110,0.69
CMP01194,Moda,Coleccion,7,1014.86,139489,2252,78,0.45
CMP01195,DIY,Pin video,3,447.23,97399,1402,78,0.32
CMP01196,Fitness,Pin estandar,4,1374.87,408710,4426,316,0.31
CMP01197,Fitness,Pin estandar,3,1031.76,188096,3026,178,0.34
CMP01198,Bodas,Carrusel,3,557.31,98692,1174,99,0.47
CMP01199,Moda,Carrusel,4,1200.11,271773,2075,96,0.58
