vehiculo,tipo,km,combustible_l,coste_eur,emisiones_co2,entregas_dia
F00001,Furgoneta,353.4,29.5,91.37,76.7,50
F00002,Bici-carga,120.3,0.0,12.91,2.4,50
F00003,Trailer,121.8,36.5,78.66,94.9,28
F00004,Camion,240.4,50.5,119.15,131.3,32
F00005,Furgoneta,374.6,31.8,103.89,82.7,63
F00006,Furgoneta,418.3,35.3,115.97,91.8,41
F00007,Furgoneta,117.2,11.2,38.84,29.1,45
F00008,Electrico,134.9,0.0,16.13,2.7,69
F00009,Camion,199.7,47.7,112.67,124.0,36
F00010,Trailer,205.1,71.8,148.7,186.7,33
F00011,Furgoneta,153.3,14.0,44.15,36.4,47
F00012,Bici-carga,103.8,0.0,15.13,2.1,58
F00013,Electrico,166.8,0.0,20.96,3.3,52
F00014,Furgoneta,418.1,39.9,137.1,103.7,63
F00015,Furgoneta,124.5,10.9,36.28,28.3,62
F00016,Furgoneta,192.9,15.9,50.92,41.3,65
F00017,Furgoneta,567.3,51.6,173.1,134.2,57
F00018,Camion,123.4,29.0,71.03,75.4,29
F00019,Camion,246.5,57.4,127.22,149.2,21
F00020,Furgoneta,427.7,36.0,139.75,93.6,65
F00021,Camion,235.1,53.5,117.22,139.1,25
F00022,Furgoneta,305.1,25.9,73.62,67.3,51
F00023,Furgoneta,264.6,22.5,67.86,58.5,53
F00024,Furgoneta,225.0,21.8,66.8,56.7,46
F00025,Camion,347.2,72.6,158.51,188.8,29
F00026,Trailer,242.3,73.9,142.48,192.1,34
F00027,Furgoneta,154.2,12.5,49.53,32.5,60
F00028,Camion,184.8,43.7,103.99,113.6,36
F00029,Camion,208.9,48.6,114.16,126.4,25
F00030,Furgoneta,134.5,12.4,35.55,32.2,58
F00031,Camion,189.5,43.8,91.31,113.9,29
F00032,Furgoneta,174.6,14.6,42.0,38.0,65
F00033,Furgoneta,241.9,21.6,76.26,56.2,54
F00034,Bici-carga,489.3,0.0,94.38,9.8,48
F00035,Bici-carga,195.7,0.0,28.0,3.9,55
F00036,Electrico,379.7,0.0,42.49,7.6,56
F00037,Furgoneta,237.3,23.2,73.01,60.3,62
F00038,Furgoneta,189.0,15.4,50.13,40.0,60
F00039,Trailer,130.1,39.9,81.73,103.7,30
F00040,Camion,189.8,39.3,93.65,102.2,29
F00041,Furgoneta,183.4,15.6,56.48,40.6,67
F00042,Camion,110.7,26.3,54.37,68.4,42
F00043,Furgoneta,121.2,10.8,29.83,28.1,58
F00044,Electrico,209.9,0.0,41.86,4.2,45
F00045,Furgoneta,377.6,35.8,103.83,93.1,44
F00046,Trailer,163.6,48.7,95.16,126.6,29
F00047,Furgoneta,65.9,5.9,17.28,15.3,48
F00048,Camion,36.8,8.0,16.62,20.8,28
F00049,Camion,89.3,20.0,44.43,52.0,33
F00050,Furgoneta,249.9,24.7,84.56,64.2,55
F00051,Bici-carga,74.5,0.0,9.99,1.5,50
F00052,Trailer,271.6,85.1,175.38,221.3,24
F00053,Bici-carga,242.5,0.0,40.63,4.9,49
F00054,Electrico,160.5,0.0,24.22,3.2,61
F00055,Camion,111.3,22.2,56.24,57.7,32
F00056,Bici-carga,147.5,0.0,27.52,3.0,42
F00057,Furgoneta,207.0,18.0,49.71,46.8,53
F00058,Furgoneta,76.0,6.9,24.55,17.9,59
F00059,Furgoneta,357.2,32.9,104.82,85.5,49
F00060,Furgoneta,206.0,20.1,73.13,52.3,53
F00061,Furgoneta,219.1,19.8,64.18,51.5,76
F00062,Furgoneta,241.6,21.7,82.72,56.4,51
F00063,Electrico,338.8,0.0,59.44,6.8,59
F00064,Furgoneta,190.0,15.5,48.52,40.3,46
F00065,Furgoneta,250.0,22.7,74.78,59.0,62
F00066,Camion,112.5,24.4,61.45,63.4,27
F00067,Furgoneta,419.3,40.3,142.37,104.8,61
F00068,Electrico,182.9,0.0,20.07,3.7,53
F00069,Furgoneta,112.1,9.1,33.69,23.7,53
F00070,Bici-carga,130.1,0.0,17.51,2.6,55
F00071,Trailer,47.1,14.3,27.62,37.2,39
F00072,Furgoneta,129.6,10.6,35.15,27.6,69
F00073,Furgoneta,30.6,2.9,8.42,7.5,62
F00074,Electrico,260.0,0.0,47.29,5.2,62
F00075,Trailer,215.4,70.4,141.45,183.0,18
F00076,Trailer,92.7,28.4,62.38,73.8,31
F00077,Trailer,165.4,49.5,95.75,128.7,32
F00078,Furgoneta,169.6,14.9,46.02,38.7,74
F00079,Furgoneta,81.2,7.7,22.4,20.0,46
F00080,Furgoneta,149.3,13.1,39.38,34.1,56
F00081,Electrico,172.6,0.0,18.44,3.5,59
F00082,Camion,147.0,29.9,65.29,77.7,29
F00083,Furgoneta,112.0,10.6,34.38,27.6,41
F00084,Furgoneta,90.6,7.7,24.02,20.0,55
F00085,Furgoneta,144.0,13.4,41.85,34.8,55
F00086,Furgoneta,120.3,11.0,34.16,28.6,58
F00087,Trailer,232.9,80.9,173.13,210.3,37
F00088,Camion,350.0,75.3,187.17,195.8,30
F00089,Electrico,278.8,0.0,41.62,5.6,58
F00090,Camion,175.9,35.0,79.4,91.0,35
F00091,Furgoneta,114.6,11.0,30.28,28.6,54
F00092,Trailer,274.7,88.3,194.94,229.6,23
F00093,Trailer,240.7,81.3,155.6,211.4,31
F00094,Camion,336.9,70.2,156.04,182.5,29
F00095,Trailer,190.2,59.0,119.09,153.4,37
F00096,Camion,407.5,81.2,183.73,211.1,21
F00097,Camion,190.2,45.7,95.26,118.8,37
F00098,Camion,114.3,26.0,61.98,67.6,34
F00099,Furgoneta,127.1,12.4,34.11,32.2,58
F00100,Furgoneta,226.9,19.5,68.3,50.7,62
F00101,Furgoneta,120.1,11.0,31.1,28.6,58
F00102,Camion,406.0,92.5,191.46,240.5,23
F00103,Furgoneta,216.7,18.8,71.46,48.9,57
F00104,Camion,173.8,40.9,86.12,106.3,29
F00105,Electrico,182.1,0.0,33.16,3.6,59
F00106,Furgoneta,146.1,14.2,45.29,36.9,44
F00107,Camion,55.9,12.9,26.67,33.5,30
F00108,Trailer,127.2,38.9,87.11,101.1,31
F00109,Furgoneta,379.1,32.6,99.43,84.8,64
F00110,Furgoneta,193.0,19.0,66.29,49.4,54
F00111,Furgoneta,296.1,24.0,73.01,62.4,53
F00112,Furgoneta,300.7,28.2,100.87,73.3,55
F00113,Bici-carga,166.3,0.0,16.85,3.3,49
F00114,Electrico,242.8,0.0,36.71,4.9,55
F00115,Camion,59.9,14.5,33.8,37.7,22
F00116,Electrico,362.7,0.0,70.18,7.3,71
F00117,Electrico,346.9,0.0,66.23,6.9,47
F00118,Furgoneta,223.5,18.4,70.11,47.8,51
F00119,Electrico,196.9,0.0,37.18,3.9,51
F00120,Camion,167.5,35.1,76.25,91.3,31
F00121,Electrico,314.6,0.0,40.4,6.3,54
F00122,Electrico,258.1,0.0,33.27,5.2,52
F00123,Furgoneta,21.7,2.1,6.35,5.5,49
F00124,Furgoneta,137.1,11.6,37.66,30.2,61
F00125,Furgoneta,83.5,7.3,24.58,19.0,60
F00126,Camion,73.7,17.6,36.71,45.8,29
F00127,Electrico,312.8,0.0,52.9,6.3,51
F00128,Electrico,165.4,0.0,19.31,3.3,48
F00129,Furgoneta,221.4,18.6,58.77,48.4,48
F00130,Camion,177.6,39.8,90.38,103.5,27
F00131,Camion,74.3,15.2,37.67,39.5,27
F00132,Furgoneta,60.8,6.0,20.18,15.6,45
F00133,Furgoneta,131.6,11.7,40.38,30.4,55
F00134,Furgoneta,138.2,12.4,35.81,32.2,68
F00135,Bici-carga,138.2,0.0,21.38,2.8,50
F00136,Furgoneta,140.5,12.6,35.44,32.8,50
F00137,Camion,471.9,107.2,236.52,278.7,18
F00138,Trailer,293.7,98.7,199.43,256.6,35
F00139,Furgoneta,194.6,18.4,49.67,47.8,55
F00140,Bici-carga,163.1,0.0,20.78,3.3,46
F00141,Bici-carga,166.4,0.0,32.54,3.3,52
F00142,Furgoneta,253.1,24.2,88.17,62.9,56
F00143,Camion,162.2,37.5,81.93,97.5,28
F00144,Furgoneta,277.6,22.8,65.44,59.3,58
F00145,Furgoneta,206.4,16.7,51.06,43.4,54
F00146,Furgoneta,474.2,40.2,130.34,104.5,62
F00147,Camion,156.7,35.6,87.48,92.6,30
F00148,Camion,305.0,65.9,140.25,171.3,31
F00149,Furgoneta,88.2,7.8,28.03,20.3,38
F00150,Furgoneta,116.3,11.3,30.97,29.4,47
F00151,Electrico,440.3,0.0,87.23,8.8,61
F00152,Furgoneta,271.3,26.4,79.72,68.6,46
F00153,Furgoneta,223.6,19.4,70.73,50.4,49
F00154,Camion,539.9,123.3,269.77,320.6,26
F00155,Bici-carga,164.4,0.0,26.76,3.3,39
F00156,Furgoneta,304.6,25.7,77.43,66.8,39
F00157,Trailer,316.8,95.0,188.31,247.0,30
F00158,Trailer,389.3,120.6,268.41,313.6,31
F00159,Furgoneta,81.9,7.3,27.39,19.0,48
F00160,Trailer,163.8,55.9,120.36,145.3,31
F00161,Furgoneta,204.4,17.0,60.42,44.2,45
F00162,Camion,385.9,88.9,212.02,231.1,35
F00163,Camion,218.7,48.4,100.82,125.8,23
F00164,Camion,317.1,66.8,149.21,173.7,33
F00165,Furgoneta,77.3,6.9,21.19,17.9,59
F00166,Electrico,142.6,0.0,23.32,2.9,49
F00167,Furgoneta,346.2,31.8,97.82,82.7,48
F00168,Furgoneta,153.6,13.6,39.4,35.4,60
F00169,Furgoneta,171.5,14.4,50.42,37.4,68
F00170,Camion,382.6,77.7,193.74,202.0,26
F00171,Trailer,100.5,32.5,65.89,84.5,28
F00172,Furgoneta,115.2,11.2,30.96,29.1,55
F00173,Camion,72.2,15.4,33.28,40.0,28
F00174,Furgoneta,390.8,36.8,107.24,95.7,61
F00175,Camion,290.7,66.0,143.39,171.6,23
F00176,Furgoneta,286.8,28.0,91.92,72.8,52
F00177,Trailer,140.2,47.7,98.77,124.0,35
F00178,Furgoneta,68.8,6.3,21.75,16.4,47
F00179,Bici-carga,56.9,0.0,7.75,1.1,44
F00180,Furgoneta,347.6,33.8,117.48,87.9,62
F00181,Furgoneta,231.9,20.5,60.72,53.3,57
F00182,Furgoneta,256.5,22.3,73.36,58.0,56
F00183,Bici-carga,199.2,0.0,35.87,4.0,52
F00184,Electrico,106.9,0.0,12.62,2.1,58
F00185,Furgoneta,144.0,13.7,37.9,35.6,68
F00186,Trailer,91.4,26.9,60.26,69.9,31
F00187,Electrico,84.4,0.0,11.33,1.7,61
F00188,Camion,277.9,60.7,143.91,157.8,24
F00189,Camion,60.2,12.2,25.69,31.7,34
F00190,Furgoneta,91.8,9.1,30.07,23.7,54
F00191,Furgoneta,149.0,12.6,39.77,32.8,51
F00192,Electrico,180.5,0.0,19.06,3.6,53
F00193,Electrico,71.7,0.0,11.54,1.4,58
F00194,Camion,59.2,13.6,29.11,35.4,36
F00195,Furgoneta,217.2,17.7,58.44,46.0,45
F00196,Furgoneta,193.0,17.9,49.5,46.5,64
F00197,Trailer,344.3,110.9,216.94,288.3,27
F00198,Electrico,182.3,0.0,23.66,3.6,52
F00199,Electrico,229.4,0.0,25.0,4.6,41
F00200,Trailer,110.6,35.9,78.57,93.3,31
F00201,Camion,113.4,23.9,49.65,62.1,26
F00202,Furgoneta,76.5,7.5,23.35,19.5,64
F00203,Furgoneta,111.3,10.7,29.62,27.8,63
F00204,Electrico,142.8,0.0,18.67,2.9,61
F00205,Camion,326.0,68.3,172.07,177.6,25
F00206,Furgoneta,101.3,10.0,27.77,26.0,65
F00207,Furgoneta,485.6,43.1,164.42,112.1,46
F00208,Trailer,240.5,74.6,148.36,194.0,42
F00209,Furgoneta,214.1,17.5,65.29,45.5,52
F00210,Furgoneta,174.3,14.3,49.84,37.2,60
F00211,Camion,156.0,35.6,86.36,92.6,35
F00212,Trailer,121.4,38.5,80.47,100.1,30
F00213,Trailer,69.8,21.1,44.47,54.9,28
F00214,Furgoneta,103.5,9.5,27.57,24.7,52
F00215,Trailer,390.3,118.7,235.44,308.6,30
F00216,Furgoneta,232.5,21.2,78.48,55.1,52
F00217,Furgoneta,388.5,34.0,105.99,88.4,59
F00218,Trailer,119.5,40.7,81.52,105.8,34
F00219,Camion,89.7,21.0,49.39,54.6,32
F00220,Electrico,173.4,0.0,23.22,3.5,58
F00221,Trailer,105.8,32.8,73.13,85.3,31
F00222,Camion,194.0,41.5,100.12,107.9,21
F00223,Furgoneta,60.8,5.8,18.99,15.1,72
F00224,Furgoneta,43.4,3.8,14.24,9.9,54
F00225,Furgoneta,209.5,17.8,50.47,46.3,56
F00226,Furgoneta,396.2,32.7,102.12,85.0,49
F00227,Bici-carga,214.7,0.0,31.45,4.3,47
F00228,Furgoneta,231.2,20.7,61.49,53.8,54
F00229,Electrico,177.6,0.0,30.97,3.6,49
F00230,Camion,187.2,38.9,98.17,101.1,32
F00231,Trailer,67.6,21.1,43.38,54.9,29
F00232,Camion,108.2,25.3,55.0,65.8,32
F00233,Camion,324.2,75.9,185.03,197.3,39
F00234,Camion,85.1,18.3,41.58,47.6,31
F00235,Furgoneta,141.0,12.6,41.16,32.8,71
F00236,Trailer,320.7,98.6,201.11,256.4,19
F00237,Furgoneta,184.3,18.0,63.99,46.8,49
F00238,Furgoneta,189.6,15.8,55.03,41.1,54
F00239,Camion,141.6,33.9,79.19,88.1,28
F00240,Furgoneta,249.9,23.3,82.56,60.6,55
F00241,Bici-carga,283.2,0.0,38.0,5.7,59
F00242,Bici-carga,104.7,0.0,15.01,2.1,69
F00243,Electrico,71.8,0.0,13.27,1.4,48
F00244,Furgoneta,49.1,4.3,13.57,11.2,60
F00245,Furgoneta,225.1,18.9,70.62,49.1,57
F00246,Bici-carga,211.2,0.0,40.99,4.2,54
F00247,Camion,559.6,134.7,306.35,350.2,31
F00248,Bici-carga,178.2,0.0,31.04,3.6,50
F00249,Bici-carga,160.5,0.0,28.97,3.2,43
F00250,Electrico,197.7,0.0,36.48,4.0,61
F00251,Furgoneta,203.6,18.0,57.2,46.8,55
F00252,Furgoneta,153.5,12.8,36.62,33.3,54
F00253,Electrico,106.8,0.0,14.97,2.1,59
F00254,Furgoneta,172.8,16.9,55.96,43.9,48
F00255,Furgoneta,169.1,15.7,49.65,40.8,51
F00256,Camion,167.6,33.8,83.39,87.9,30
F00257,Bici-carga,264.2,0.0,35.85,5.3,38
F00258,Trailer,171.0,55.3,116.43,143.8,37
F00259,Camion,72.8,15.7,33.76,40.8,25
F00260,Furgoneta,117.4,11.3,38.62,29.4,52
F00261,Camion,152.4,35.6,80.52,92.6,34
F00262,Bici-carga,175.6,0.0,21.14,3.5,40
F00263,Furgoneta,227.7,20.0,61.42,52.0,54
F00264,Camion,176.4,36.9,89.89,95.9,26
F00265,Electrico,44.0,0.0,6.52,0.9,65
F00266,Trailer,78.3,24.3,48.4,63.2,35
F00267,Trailer,236.3,74.3,165.37,193.2,31
F00268,Trailer,150.0,49.7,105.25,129.2,23
F00269,Furgoneta,185.0,17.2,63.73,44.7,50
F00270,Furgoneta,139.2,11.5,38.27,29.9,60
F00271,Electrico,117.1,0.0,17.27,2.3,57
F00272,Electrico,142.2,0.0,26.99,2.8,40
F00273,Electrico,186.3,0.0,28.41,3.7,53
F00274,Electrico,170.3,0.0,29.07,3.4,67
F00275,Camion,282.2,56.4,125.58,146.6,32
F00276,Camion,64.2,13.9,31.53,36.1,26
F00277,Trailer,70.0,20.9,41.3,54.3,42
F00278,Camion,149.0,35.3,74.45,91.8,36
F00279,Trailer,229.1,74.1,141.49,192.7,31
F00280,Trailer,256.5,77.7,150.98,202.0,40
F00281,Electrico,119.9,0.0,23.71,2.4,58
F00282,Furgoneta,26.7,2.5,7.32,6.5,55
F00283,Furgoneta,122.2,12.0,39.53,31.2,56
F00284,Furgoneta,211.5,18.0,67.7,46.8,57
F00285,Camion,168.5,39.9,89.97,103.7,32
F00286,Furgoneta,233.7,22.9,63.59,59.5,48
F00287,Camion,318.2,75.8,176.27,197.1,42
F00288,Camion,155.0,35.0,80.8,91.0,29
F00289,Furgoneta,130.4,12.0,41.78,31.2,57
F00290,Camion,98.0,21.1,51.1,54.9,28
F00291,Furgoneta,69.7,6.6,24.33,17.2,76
F00292,Furgoneta,58.3,5.3,17.65,13.8,52
F00293,Electrico,113.0,0.0,15.16,2.3,48
F00294,Furgoneta,295.0,26.2,90.55,68.1,48
F00295,Furgoneta,246.0,23.2,63.4,60.3,54
F00296,Camion,126.8,29.7,71.58,77.2,21
F00297,Trailer,488.1,145.1,286.8,377.3,37
F00298,Furgoneta,117.7,11.3,33.71,29.4,55
F00299,Camion,334.4,74.2,179.44,192.9,36
F00300,Furgoneta,376.9,36.3,118.28,94.4,48
F00301,Furgoneta,219.4,19.5,61.78,50.7,62
F00302,Camion,112.4,24.1,55.12,62.7,28
F00303,Camion,136.8,32.6,77.53,84.8,31
F00304,Camion,188.8,39.5,88.5,102.7,40
F00305,Trailer,71.0,24.3,52.15,63.2,20
F00306,Bici-carga,92.4,0.0,10.05,1.8,59
F00307,Camion,87.8,19.4,46.64,50.4,29
F00308,Furgoneta,228.6,19.8,73.91,51.5,47
F00309,Trailer,316.6,102.8,201.9,267.3,46
F00310,Furgoneta,251.3,21.8,70.82,56.7,55
F00311,Camion,288.8,57.7,125.98,150.0,31
F00312,Furgoneta,106.7,9.2,32.93,23.9,46
F00313,Furgoneta,140.4,11.4,39.8,29.6,51
F00314,Bici-carga,146.7,0.0,23.99,2.9,57
F00315,Electrico,219.0,0.0,26.2,4.4,61
F00316,Trailer,114.9,36.0,71.52,93.6,28
F00317,Camion,279.2,64.2,131.8,166.9,25
F00318,Furgoneta,371.3,32.4,100.93,84.2,47
F00319,Furgoneta,225.1,21.0,68.71,54.6,46
F00320,Furgoneta,136.8,13.1,46.38,34.1,59
F00321,Camion,101.1,24.2,55.57,62.9,28
F00322,Trailer,87.9,27.6,56.78,71.8,31
F00323,Trailer,44.3,15.0,32.65,39.0,20
F00324,Furgoneta,149.3,12.8,46.15,33.3,68
F00325,Bici-carga,144.4,0.0,27.87,2.9,52
F00326,Trailer,270.0,78.2,166.36,203.3,34
F00327,Camion,119.4,26.8,57.91,69.7,33
F00328,Camion,154.2,35.0,72.23,91.0,29
F00329,Camion,199.3,45.5,107.2,118.3,24
F00330,Furgoneta,223.1,18.6,54.78,48.4,54
F00331,Furgoneta,253.3,24.8,72.68,64.5,52
F00332,Trailer,188.4,56.4,119.11,146.6,34
F00333,Furgoneta,73.6,6.8,22.39,17.7,45
F00334,Furgoneta,212.4,18.1,62.96,47.1,68
F00335,Furgoneta,114.3,9.9,29.17,25.7,56
F00336,Furgoneta,324.6,29.5,91.99,76.7,52
F00337,Electrico,172.1,0.0,27.83,3.4,55
F00338,Trailer,194.8,58.1,131.33,151.1,23
F00339,Camion,584.3,120.1,293.11,312.3,41
F00340,Furgoneta,255.7,22.6,85.32,58.8,65
F00341,Camion,210.3,48.6,114.82,126.4,26
F00342,Camion,156.8,37.2,84.48,96.7,22
F00343,Furgoneta,77.5,6.4,19.48,16.6,48
F00344,Camion,150.4,32.4,76.91,84.2,30
F00345,Furgoneta,100.3,8.3,29.56,21.6,44
F00346,Camion,395.7,78.6,189.17,204.4,30
F00347,Camion,211.9,48.1,108.53,125.1,36
F00348,Furgoneta,318.2,29.2,95.36,75.9,62
F00349,Furgoneta,117.4,9.9,31.51,25.7,56
F00350,Camion,104.8,21.8,50.8,56.7,28
F00351,Camion,242.3,48.2,106.14,125.3,33
F00352,Electrico,97.8,0.0,17.65,2.0,58
F00353,Trailer,130.9,45.9,88.96,119.3,39
F00354,Furgoneta,405.9,33.9,98.28,88.1,43
F00355,Furgoneta,134.0,11.4,37.49,29.6,61
F00356,Camion,67.4,15.9,36.62,41.3,30
F00357,Furgoneta,52.1,5.1,15.65,13.3,50
F00358,Camion,62.2,13.5,29.54,35.1,33
F00359,Bici-carga,328.3,0.0,51.15,6.6,43
F00360,Camion,121.8,24.3,55.29,63.2,27
F00361,Furgoneta,574.3,52.5,195.0,136.5,49
F00362,Camion,373.6,80.4,200.47,209.0,26
F00363,Camion,458.0,91.3,214.89,237.4,23
F00364,Camion,292.8,65.5,143.68,170.3,31
F00365,Bici-carga,235.4,0.0,40.89,4.7,52
F00366,Furgoneta,102.5,9.8,26.31,25.5,66
F00367,Bici-carga,169.7,0.0,25.03,3.4,51
F00368,Electrico,248.4,0.0,33.19,5.0,46
F00369,Furgoneta,283.0,25.9,95.79,67.3,52
F00370,Furgoneta,82.2,7.2,19.84,18.7,49
F00371,Furgoneta,151.8,15.0,47.57,39.0,58
F00372,Furgoneta,162.0,14.7,51.72,38.2,56
F00373,Furgoneta,158.4,13.6,45.28,35.4,58
F00374,Trailer,89.2,29.7,57.2,77.2,37
F00375,Furgoneta,429.1,36.9,143.68,95.9,59
F00376,Furgoneta,148.8,14.5,45.79,37.7,52
F00377,Electrico,93.2,0.0,15.04,1.9,56
F00378,Furgoneta,434.8,39.5,116.97,102.7,62
F00379,Electrico,373.8,0.0,55.45,7.5,59
F00380,Furgoneta,184.2,16.3,52.4,42.4,56
F00381,Furgoneta,51.8,5.0,13.57,13.0,59
F00382,Trailer,128.5,43.6,83.97,113.4,35
F00383,Camion,59.1,12.3,30.54,32.0,31
F00384,Electrico,225.8,0.0,28.0,4.5,52
F00385,Trailer,123.3,42.0,81.93,109.2,29
F00386,Electrico,167.3,0.0,25.18,3.3,69
F00387,Furgoneta,414.0,34.2,127.95,88.9,44
F00388,Furgoneta,118.0,10.5,29.33,27.3,60
F00389,Trailer,220.5,68.3,144.05,177.6,37
F00390,Electrico,257.4,0.0,28.81,5.1,43
F00391,Bici-carga,322.8,0.0,33.46,6.5,49
F00392,Camion,160.4,33.2,70.01,86.3,35
F00393,Furgoneta,150.9,14.3,50.56,37.2,63
F00394,Trailer,148.8,43.3,85.92,112.6,31
F00395,Furgoneta,208.8,18.8,51.9,48.9,51
F00396,Bici-carga,365.3,0.0,52.53,7.3,54
F00397,Electrico,144.9,0.0,26.72,2.9,69
F00398,Camion,30.6,6.6,14.42,17.2,24
F00399,Trailer,273.2,87.9,179.48,228.5,41
F00400,Trailer,176.7,52.7,102.7,137.0,24
F00401,Furgoneta,226.1,20.6,65.72,53.6,56
F00402,Electrico,60.5,0.0,9.54,1.2,59
F00403,Camion,123.6,28.6,65.18,74.4,26
F00404,Electrico,261.1,0.0,34.79,5.2,51
F00405,Furgoneta,75.9,6.4,20.22,16.6,63
F00406,Electrico,220.2,0.0,24.37,4.4,50
F00407,Furgoneta,166.5,14.6,46.12,38.0,47
F00408,Furgoneta,108.3,9.6,27.27,25.0,65
F00409,Electrico,103.0,0.0,18.2,2.1,58
F00410,Furgoneta,89.7,7.4,29.48,19.2,53
F00411,Furgoneta,176.1,14.4,57.73,37.4,60
F00412,Bici-carga,187.9,0.0,35.04,3.8,52
F00413,Bici-carga,136.7,0.0,21.88,2.7,55
F00414,Camion,86.3,17.8,43.16,46.3,41
F00415,Camion,216.7,49.0,106.25,127.4,37
F00416,Camion,275.9,57.8,137.47,150.3,36
F00417,Furgoneta,238.7,23.1,71.71,60.1,53
F00418,Furgoneta,468.1,45.5,142.17,118.3,54
F00419,Trailer,152.7,46.9,101.88,121.9,44
F00420,Trailer,346.1,104.8,212.05,272.5,21
F00421,Trailer,114.7,36.1,72.88,93.9,19
F00422,Trailer,103.8,31.5,70.38,81.9,25
F00423,Furgoneta,182.3,17.0,46.45,44.2,53
F00424,Camion,387.8,90.9,203.05,236.3,34
F00425,Furgoneta,143.1,13.3,48.65,34.6,51
F00426,Camion,60.5,14.2,32.46,36.9,35
F00427,Camion,273.1,58.8,136.31,152.9,30
F00428,Electrico,162.5,0.0,20.31,3.2,64
F00429,Furgoneta,201.1,19.0,57.41,49.4,55
F00430,Furgoneta,107.1,9.4,34.88,24.4,48
F00431,Furgoneta,181.4,16.9,55.32,43.9,48
F00432,Trailer,66.4,20.3,42.54,52.8,33
F00433,Camion,432.7,87.2,187.1,226.7,40
F00434,Furgoneta,300.9,29.7,78.09,77.2,55
F00435,Furgoneta,176.7,14.8,58.38,38.5,67
F00436,Trailer,268.9,94.5,188.23,245.7,28
F00437,Furgoneta,114.9,11.3,36.5,29.4,67
F00438,Electrico,293.6,0.0,31.7,5.9,45
F00439,Trailer,139.4,46.0,97.06,119.6,39
F00440,Furgoneta,133.6,12.2,45.34,31.7,53
F00441,Furgoneta,93.5,9.0,29.13,23.4,57
F00442,Bici-carga,215.2,0.0,24.23,4.3,49
F00443,Furgoneta,172.4,15.4,51.91,40.0,67
F00444,Furgoneta,352.1,32.4,114.03,84.2,58
F00445,Electrico,86.8,0.0,12.21,1.7,67
F00446,Bici-carga,215.7,0.0,40.55,4.3,73
F00447,Bici-carga,316.8,0.0,52.23,6.3,56
F00448,Trailer,581.5,188.5,412.04,490.1,28
F00449,Furgoneta,189.8,18.3,60.09,47.6,55
F00450,Furgoneta,137.8,11.7,34.31,30.4,58
F00451,Trailer,187.1,65.1,128.66,169.3,37
F00452,Camion,336.9,76.9,163.53,199.9,24
F00453,Camion,336.9,78.9,190.55,205.1,35
F00454,Electrico,158.7,0.0,27.94,3.2,61
F00455,Furgoneta,333.7,31.7,106.66,82.4,51
F00456,Camion,167.8,33.3,75.11,86.6,25
F00457,Furgoneta,267.3,25.6,72.61,66.6,46
F00458,Camion,229.8,45.9,113.8,119.3,29
F00459,Furgoneta,134.6,13.1,40.8,34.1,69
F00460,Furgoneta,95.6,9.5,26.92,24.7,55
F00461,Furgoneta,321.3,27.7,96.26,72.0,62
F00462,Camion,370.1,76.7,161.22,199.4,27
F00463,Trailer,212.9,71.7,142.95,186.4,25
F00464,Camion,167.6,35.1,80.77,91.3,26
F00465,Bici-carga,80.1,0.0,9.2,1.6,49
F00466,Furgoneta,316.9,26.3,104.97,68.4,64
F00467,Furgoneta,199.4,16.6,50.67,43.2,53
F00468,Electrico,145.9,0.0,16.49,2.9,48
F00469,Furgoneta,271.5,25.3,73.16,65.8,50
F00470,Bici-carga,71.0,0.0,12.56,1.4,52
F00471,Furgoneta,90.6,7.9,25.56,20.5,57
F00472,Bici-carga,112.4,0.0,17.6,2.2,69
F00473,Furgoneta,225.8,20.7,56.17,53.8,48
F00474,Electrico,188.2,0.0,19.47,3.8,57
F00475,Camion,240.6,54.9,122.63,142.7,28
F00476,Bici-carga,305.2,0.0,55.44,6.1,59
F00477,Furgoneta,245.4,21.8,81.14,56.7,51
F00478,Camion,437.7,92.0,194.77,239.2,29
F00479,Bici-carga,304.8,0.0,46.89,6.1,71
F00480,Camion,158.5,33.0,83.12,85.8,27
F00481,Camion,123.1,28.1,62.05,73.1,30
F00482,Trailer,161.3,48.9,107.75,127.1,33
F00483,Camion,250.1,56.4,118.59,146.6,31
F00484,Camion,131.0,30.2,73.67,78.5,23
F00485,Camion,253.9,52.7,128.79,137.0,38
F00486,Electrico,238.2,0.0,46.24,4.8,61
F00487,Furgoneta,94.7,7.9,28.52,20.5,54
F00488,Furgoneta,301.7,27.7,85.45,72.0,63
F00489,Bici-carga,208.8,0.0,40.47,4.2,56
F00490,Electrico,426.1,0.0,54.35,8.5,56
F00491,Camion,168.1,38.7,84.31,100.6,43
F00492,Camion,142.1,30.3,72.65,78.8,27
F00493,Furgoneta,87.4,7.8,27.91,20.3,64
F00494,Furgoneta,86.5,8.5,30.29,22.1,58
F00495,Camion,282.3,60.0,130.01,156.0,25
F00496,Furgoneta,402.9,36.0,130.04,93.6,40
F00497,Camion,160.0,31.8,78.7,82.7,31
F00498,Furgoneta,154.0,12.7,36.7,33.0,61
F00499,Bici-carga,177.0,0.0,24.55,3.5,48
F00500,Bici-carga,313.0,0.0,40.15,6.3,69
F00501,Trailer,95.3,31.3,62.51,81.4,36
F00502,Camion,194.5,42.2,106.09,109.7,29
F00503,Furgoneta,285.8,26.0,88.55,67.6,46
F00504,Electrico,224.3,0.0,38.53,4.5,71
F00505,Trailer,24.4,7.5,16.82,19.5,25
F00506,Furgoneta,246.0,22.9,70.52,59.5,69
F00507,Electrico,225.5,0.0,40.63,4.5,52
F00508,Electrico,345.9,0.0,49.62,6.9,36
F00509,Bici-carga,385.7,0.0,72.11,7.7,63
F00510,Trailer,336.5,109.3,214.61,284.2,27
F00511,Camion,177.5,39.5,97.77,102.7,30
F00512,Camion,58.8,12.9,27.81,33.5,25
F00513,Bici-carga,153.4,0.0,20.34,3.1,49
F00514,Electrico,174.3,0.0,30.61,3.5,50
F00515,Furgoneta,400.2,36.7,114.5,95.4,55
F00516,Furgoneta,107.7,9.4,32.36,24.4,49
F00517,Furgoneta,72.4,7.1,21.82,18.5,52
F00518,Electrico,131.5,0.0,22.91,2.6,56
F00519,Bici-carga,111.3,0.0,13.67,2.2,57
F00520,Furgoneta,68.0,6.4,17.44,16.6,52
F00521,Camion,162.0,34.2,75.78,88.9,33
F00522,Furgoneta,178.2,16.1,52.03,41.9,57
F00523,Bici-carga,65.5,0.0,7.65,1.3,54
F00524,Electrico,141.6,0.0,19.18,2.8,50
F00525,Electrico,107.0,0.0,14.98,2.1,56
F00526,Camion,47.6,10.8,22.31,28.1,35
F00527,Camion,181.5,41.4,94.98,107.6,32
F00528,Furgoneta,191.8,18.8,66.22,48.9,69
F00529,Furgoneta,107.1,9.2,27.06,23.9,60
F00530,Electrico,300.3,0.0,47.98,6.0,48
F00531,Electrico,172.1,0.0,28.65,3.4,65
F00532,Bici-carga,110.1,0.0,15.63,2.2,69
F00533,Bici-carga,62.8,0.0,10.68,1.3,55
F00534,Camion,197.6,44.6,99.24,116.0,35
F00535,Trailer,225.2,73.4,151.32,190.8,41
F00536,Bici-carga,127.2,0.0,12.81,2.5,59
F00537,Electrico,184.8,0.0,31.26,3.7,45
F00538,Furgoneta,385.7,33.5,117.68,87.1,46
F00539,Camion,274.9,62.5,128.55,162.5,28
F00540,Furgoneta,38.2,3.5,10.83,9.1,58
F00541,Bici-carga,109.4,0.0,21.65,2.2,55
F00542,Camion,157.5,32.1,73.74,83.5,31
F00543,Furgoneta,177.6,14.7,50.19,38.2,56
F00544,Trailer,187.1,63.8,137.81,165.9,27
F00545,Camion,217.3,51.8,120.2,134.7,29
F00546,Furgoneta,160.5,14.9,49.23,38.7,58
F00547,Furgoneta,171.9,14.2,53.62,36.9,58
F00548,Trailer,282.7,88.7,194.63,230.6,27
F00549,Camion,199.8,46.0,102.71,119.6,33
F00550,Trailer,82.1,27.7,56.43,72.0,28
F00551,Camion,180.9,36.8,83.95,95.7,36
F00552,Electrico,157.7,0.0,31.01,3.2,49
F00553,Camion,47.4,10.9,25.48,28.3,26
F00554,Camion,186.2,39.8,83.85,103.5,38
F00555,Electrico,89.0,0.0,16.58,1.8,53
F00556,Camion,285.0,56.6,132.76,147.2,30
F00557,Furgoneta,215.6,19.6,54.4,51.0,62
F00558,Furgoneta,79.2,7.6,24.43,19.8,59
F00559,Trailer,278.0,97.1,194.76,252.5,39
F00560,Camion,348.9,77.8,189.99,202.3,30
F00561,Trailer,146.7,47.1,93.02,122.5,28
F00562,Furgoneta,157.2,13.0,49.51,33.8,41
F00563,Furgoneta,263.3,23.9,79.25,62.1,51
F00564,Furgoneta,334.8,29.4,82.35,76.4,50
F00565,Furgoneta,56.1,5.2,19.38,13.5,59
F00566,Camion,85.1,18.3,42.15,47.6,30
F00567,Furgoneta,133.0,11.3,35.25,29.4,65
F00568,Camion,141.7,28.6,66.58,74.4,33
F00569,Electrico,259.2,0.0,48.16,5.2,71
F00570,Furgoneta,335.8,27.8,88.3,72.3,61
F00571,Camion,349.4,71.9,156.71,186.9,40
F00572,Trailer,55.2,19.4,37.27,50.4,34
F00573,Furgoneta,103.3,9.2,28.13,23.9,54
F00574,Camion,77.0,17.0,40.91,44.2,35
F00575,Electrico,118.7,0.0,17.47,2.4,50
F00576,Bici-carga,103.1,0.0,12.66,2.1,55
F00577,Furgoneta,215.2,19.7,56.62,51.2,51
F00578,Bici-carga,229.7,0.0,30.61,4.6,60
F00579,Camion,170.6,36.2,91.02,94.1,32
F00580,Furgoneta,161.5,14.0,44.09,36.4,60
F00581,Camion,136.4,29.4,74.16,76.4,37
F00582,Bici-carga,146.0,0.0,21.68,2.9,49
F00583,Camion,383.3,87.4,185.04,227.2,30
F00584,Furgoneta,248.5,21.5,81.39,55.9,52
F00585,Camion,139.5,28.4,65.81,73.8,21
F00586,Furgoneta,159.7,14.8,50.98,38.5,48
F00587,Furgoneta,218.0,18.2,72.36,47.3,49
F00588,Furgoneta,79.2,7.2,19.84,18.7,62
F00589,Furgoneta,184.4,17.2,47.74,44.7,49
F00590,Furgoneta,241.0,22.6,77.62,58.8,57
F00591,Furgoneta,224.3,21.2,62.67,55.1,55
F00592,Camion,104.6,24.7,51.91,64.2,31
F00593,Furgoneta,116.6,10.5,28.92,27.3,55
F00594,Furgoneta,43.9,4.1,11.05,10.7,63
F00595,Electrico,255.0,0.0,45.25,5.1,45
F00596,Camion,471.4,97.2,209.0,252.7,28
F00597,Trailer,95.8,27.7,58.38,72.0,30
F00598,Furgoneta,303.9,26.2,90.72,68.1,69
F00599,Furgoneta,448.8,39.9,127.94,103.7,49
F00600,Furgoneta,128.6,11.8,32.09,30.7,52
F00601,Furgoneta,159.8,15.4,53.14,40.0,54
F00602,Furgoneta,196.2,16.6,46.39,43.2,50
F00603,Furgoneta,220.3,18.3,68.09,47.6,46
F00604,Furgoneta,202.1,19.9,70.1,51.7,56
F00605,Furgoneta,134.6,11.2,37.21,29.1,71
F00606,Camion,239.0,52.4,120.54,136.2,23
F00607,Furgoneta,136.4,12.5,40.15,32.5,64
F00608,Furgoneta,209.9,19.0,59.56,49.4,71
F00609,Camion,167.1,33.7,85.46,87.6,27
F00610,Trailer,51.6,15.0,33.77,39.0,32
F00611,Furgoneta,328.2,27.2,87.36,70.7,59
F00612,Trailer,118.4,38.5,80.72,100.1,22
F00613,Camion,346.0,76.8,189.55,199.7,26
F00614,Furgoneta,297.4,25.3,98.83,65.8,59
F00615,Electrico,192.9,0.0,29.11,3.9,47
F00616,Bici-carga,226.7,0.0,32.94,4.5,50
F00617,Furgoneta,241.9,19.8,62.61,51.5,51
F00618,Furgoneta,151.4,13.6,51.42,35.4,38
F00619,Electrico,155.6,0.0,17.78,3.1,60
F00620,Trailer,235.5,71.6,151.76,186.2,26
F00621,Furgoneta,168.2,14.6,44.93,38.0,59
F00622,Furgoneta,134.9,12.4,37.09,32.2,62
F00623,Furgoneta,105.6,10.3,31.32,26.8,47
F00624,Camion,213.3,49.8,122.31,129.5,30
F00625,Camion,116.1,26.0,53.85,67.6,32
F00626,Furgoneta,270.2,25.4,83.29,66.0,53
F00627,Camion,282.7,60.5,127.4,157.3,27
F00628,Trailer,225.7,74.3,144.94,193.2,34
F00629,Furgoneta,252.1,22.5,72.29,58.5,56
F00630,Furgoneta,226.1,19.1,64.71,49.7,46
F00631,Trailer,261.9,87.2,172.49,226.7,25
F00632,Electrico,255.9,0.0,33.69,5.1,56
F00633,Camion,207.0,44.3,93.38,115.2,34
F00634,Camion,299.4,71.3,153.1,185.4,22
F00635,Furgoneta,154.5,12.6,50.54,32.8,46
F00636,Camion,107.5,22.8,57.39,59.3,28
F00637,Camion,104.2,20.9,47.35,54.3,23
F00638,Furgoneta,141.7,13.4,43.7,34.8,50
F00639,Furgoneta,46.9,4.4,16.0,11.4,63
F00640,Furgoneta,191.8,16.7,46.02,43.4,62
F00641,Furgoneta,243.7,22.7,80.45,59.0,50
F00642,Furgoneta,280.6,24.7,94.19,64.2,54
F00643,Furgoneta,58.5,5.5,15.18,14.3,49
F00644,Furgoneta,106.3,9.5,27.55,24.7,55
F00645,Furgoneta,265.8,23.5,89.72,61.1,41
F00646,Electrico,151.8,0.0,23.34,3.0,48
F00647,Camion,240.7,50.3,104.89,130.8,24
F00648,Trailer,76.7,22.7,45.97,59.0,25
F00649,Trailer,343.8,111.9,228.89,290.9,41
F00650,Camion,73.0,17.6,40.52,45.8,27
F00651,Furgoneta,188.7,16.6,59.26,43.2,38
F00652,Camion,191.4,38.4,99.63,99.8,32
F00653,Camion,126.5,26.9,59.33,69.9,41
F00654,Trailer,221.4,70.9,147.5,184.3,33
F00655,Camion,224.8,46.1,108.23,119.9,30
F00656,Furgoneta,211.6,19.6,61.1,51.0,54
F00657,Furgoneta,125.1,12.4,34.47,32.2,51
F00658,Furgoneta,111.1,9.9,37.81,25.7,55
F00659,Camion,133.2,28.5,70.29,74.1,24
F00660,Camion,102.2,22.0,50.51,57.2,25
F00661,Furgoneta,306.9,25.5,90.0,66.3,60
F00662,Bici-carga,140.0,0.0,17.18,2.8,56
F00663,Camion,185.7,40.2,92.99,104.5,30
F00664,Furgoneta,265.2,23.3,82.23,60.6,55
F00665,Furgoneta,99.2,9.2,29.75,23.9,59
F00666,Furgoneta,71.0,6.3,24.21,16.4,44
F00667,Furgoneta,102.4,9.5,31.7,24.7,45
F00668,Furgoneta,197.1,16.2,52.94,42.1,56
F00669,Furgoneta,189.7,18.1,62.58,47.1,57
F00670,Furgoneta,211.4,20.7,57.86,53.8,53
F00671,Furgoneta,160.1,14.8,45.85,38.5,59
F00672,Electrico,30.3,0.0,4.08,0.6,50
F00673,Furgoneta,157.2,13.2,43.63,34.3,58
F00674,Camion,284.5,62.3,150.37,162.0,36
F00675,Camion,324.2,72.8,164.6,189.3,26
F00676,Bici-carga,178.8,0.0,32.08,3.6,59
F00677,Furgoneta,190.1,16.8,56.85,43.7,41
F00678,Furgoneta,238.2,20.7,65.09,53.8,57
F00679,Bici-carga,319.3,0.0,57.79,6.4,52
F00680,Electrico,170.1,0.0,21.06,3.4,47
F00681,Electrico,236.4,0.0,28.94,4.7,53
F00682,Furgoneta,121.9,11.5,36.74,29.9,49
F00683,Furgoneta,77.7,6.6,20.36,17.2,55
F00684,Trailer,129.6,37.8,73.56,98.3,27
F00685,Bici-carga,358.7,0.0,59.12,7.2,43
F00686,Camion,239.0,53.6,121.88,139.4,24
F00687,Camion,82.3,19.5,43.1,50.7,28
F00688,Furgoneta,245.1,22.4,84.05,58.2,54
F00689,Trailer,86.3,26.8,56.44,69.7,22
F00690,Furgoneta,209.8,20.0,71.09,52.0,59
F00691,Furgoneta,96.9,8.8,25.12,22.9,50
F00692,Camion,79.5,16.0,38.08,41.6,24
F00693,Camion,390.9,87.1,212.38,226.5,25
F00694,Furgoneta,139.9,13.6,43.91,35.4,50
F00695,Furgoneta,236.7,20.9,74.11,54.3,58
F00696,Camion,174.0,36.7,82.59,95.4,23
F00697,Furgoneta,90.5,7.6,22.05,19.8,51
F00698,Camion,148.6,30.4,70.3,79.0,31
F00699,Furgoneta,91.0,8.1,25.65,21.1,58
F00700,Camion,541.9,121.5,295.58,315.9,31
F00701,Camion,259.8,52.4,116.16,136.2,26
F00702,Furgoneta,172.2,16.9,60.91,43.9,57
F00703,Furgoneta,229.8,21.7,79.72,56.4,48
F00704,Furgoneta,250.8,23.0,68.09,59.8,54
F00705,Furgoneta,251.2,24.1,72.42,62.7,67
F00706,Bici-carga,245.4,0.0,46.52,4.9,52
F00707,Furgoneta,235.3,21.1,80.03,54.9,63
F00708,Electrico,180.2,0.0,26.01,3.6,57
F00709,Furgoneta,374.8,35.9,106.95,93.3,63
F00710,Trailer,186.7,63.1,129.45,164.1,37
F00711,Trailer,175.0,53.5,115.14,139.1,28
F00712,Camion,187.6,44.9,95.73,116.7,33
F00713,Camion,195.1,39.7,97.4,103.2,37
F00714,Camion,58.8,13.9,28.42,36.1,27
F00715,Furgoneta,101.8,10.0,26.68,26.0,54
F00716,Bici-carga,160.1,0.0,22.19,3.2,53
F00717,Electrico,57.0,0.0,7.71,1.1,53
F00718,Bici-carga,172.1,0.0,22.64,3.4,57
F00719,Furgoneta,193.7,17.1,56.24,44.5,44
F00720,Trailer,75.6,24.3,48.86,63.2,27
F00721,Bici-carga,116.9,0.0,13.94,2.3,64
F00722,Furgoneta,331.3,32.4,95.22,84.2,48
F00723,Furgoneta,231.1,21.5,80.04,55.9,56
F00724,Trailer,223.9,71.4,145.83,185.6,23
F00725,Camion,309.7,72.4,160.58,188.2,29
F00726,Electrico,103.0,0.0,16.24,2.1,57
F00727,Furgoneta,75.7,6.2,24.93,16.1,57
F00728,Trailer,287.5,100.9,197.14,262.3,26
F00729,Furgoneta,162.7,13.4,48.79,34.8,62
F00730,Furgoneta,101.3,9.7,32.9,25.2,52
F00731,Furgoneta,58.5,5.0,17.4,13.0,56
F00732,Electrico,188.8,0.0,20.55,3.8,52
F00733,Trailer,152.1,48.1,102.47,125.1,31
F00734,Camion,137.5,31.1,64.39,80.9,32
F00735,Furgoneta,36.4,3.2,10.93,8.3,43
F00736,Electrico,372.2,0.0,64.75,7.4,48
F00737,Furgoneta,67.1,6.2,18.05,16.1,63
F00738,Electrico,145.3,0.0,26.76,2.9,62
F00739,Camion,131.5,28.3,58.83,73.6,28
F00740,Furgoneta,234.9,19.9,75.15,51.7,47
F00741,Camion,58.9,12.8,29.08,33.3,24
F00742,Furgoneta,219.7,18.0,55.55,46.8,62
F00743,Trailer,189.3,64.5,124.66,167.7,36
F00744,Camion,113.5,26.6,64.73,69.2,42
F00745,Furgoneta,215.5,19.7,54.64,51.2,59
F00746,Electrico,171.9,0.0,20.61,3.4,58
F00747,Furgoneta,419.9,40.1,120.76,104.3,47
F00748,Camion,152.0,33.8,78.71,87.9,30
F00749,Electrico,93.4,0.0,14.43,1.9,60
F00750,Camion,220.9,49.9,104.71,129.7,22
F00751,Furgoneta,141.2,13.4,39.65,34.8,55
F00752,Bici-carga,169.9,0.0,21.05,3.4,68
F00753,Camion,76.1,16.5,35.64,42.9,36
F00754,Furgoneta,236.8,23.3,70.7,60.6,52
F00755,Furgoneta,128.2,11.6,40.41,30.2,46
F00756,Trailer,197.5,64.5,127.24,167.7,31
F00757,Camion,476.5,99.0,223.52,257.4,39
F00758,Camion,147.0,33.2,73.57,86.3,33
F00759,Electrico,254.6,0.0,50.32,5.1,56
F00760,Trailer,152.9,45.8,103.17,119.1,29
F00761,Furgoneta,114.4,9.4,35.63,24.4,55
F00762,Furgoneta,337.5,31.0,91.51,80.6,48
F00763,Furgoneta,47.9,4.5,12.32,11.7,59
F00764,Trailer,290.4,93.4,187.68,242.8,31
F00765,Furgoneta,44.2,3.8,11.68,9.9,51
F00766,Camion,274.4,62.4,141.16,162.2,24
F00767,Trailer,171.4,50.2,110.79,130.5,27
F00768,Electrico,93.6,0.0,17.39,1.9,51
F00769,Furgoneta,133.3,11.2,42.51,29.1,66
F00770,Electrico,247.1,0.0,33.6,4.9,49
F00771,Furgoneta,452.3,38.3,137.59,99.6,51
F00772,Electrico,60.5,0.0,7.94,1.2,64
F00773,Furgoneta,97.1,8.0,23.1,20.8,46
F00774,Furgoneta,71.8,6.3,22.3,16.4,55
F00775,Trailer,152.2,48.8,93.45,126.9,38
F00776,Furgoneta,278.4,25.0,79.23,65.0,66
F00777,Furgoneta,65.8,5.8,18.03,15.1,55
F00778,Trailer,168.8,57.7,120.9,150.0,33
F00779,Trailer,273.6,81.3,178.4,211.4,27
F00780,Camion,132.2,29.1,63.8,75.7,19
F00781,Trailer,190.3,55.6,123.44,144.6,29
F00782,Camion,324.2,65.2,146.27,169.5,29
F00783,Furgoneta,86.3,7.9,25.12,20.5,47
F00784,Furgoneta,51.3,4.7,16.38,12.2,55
F00785,Furgoneta,203.4,19.7,65.95,51.2,51
F00786,Electrico,206.5,0.0,41.04,4.1,41
F00787,Camion,126.9,30.5,64.35,79.3,34
F00788,Camion,112.5,22.5,54.7,58.5,34
F00789,Camion,173.4,35.1,84.07,91.3,30
F00790,Bici-carga,85.4,0.0,16.35,1.7,61
F00791,Furgoneta,85.4,7.2,21.4,18.7,52
F00792,Camion,246.2,54.6,130.49,142.0,32
F00793,Camion,81.8,18.5,42.43,48.1,37
F00794,Camion,53.5,10.7,23.94,27.8,35
F00795,Furgoneta,112.4,11.0,34.17,28.6,65
F00796,Electrico,128.7,0.0,17.17,2.6,55
F00797,Bici-carga,219.7,0.0,34.7,4.4,42
F00798,Camion,118.3,23.8,60.43,61.9,41
F00799,Trailer,353.7,105.7,224.63,274.8,32
F00800,Bici-carga,178.5,0.0,29.13,3.6,43
F00801,Trailer,103.2,30.5,64.47,79.3,34
F00802,Furgoneta,214.6,19.4,53.6,50.4,51
F00803,Camion,350.4,73.2,160.32,190.3,26
F00804,Camion,242.6,51.9,119.24,134.9,41
F00805,Camion,63.3,15.3,32.77,39.8,29
F00806,Trailer,135.3,44.9,87.83,116.7,27
F00807,Bici-carga,195.8,0.0,29.45,3.9,58
F00808,Bici-carga,237.1,0.0,31.36,4.7,38
F00809,Camion,152.7,32.8,71.69,85.3,31
F00810,Furgoneta,140.6,12.8,41.06,33.3,56
F00811,Bici-carga,418.2,0.0,47.39,8.4,49
F00812,Electrico,244.5,0.0,47.13,4.9,56
F00813,Furgoneta,215.0,20.0,72.16,52.0,66
F00814,Bici-carga,121.3,0.0,20.71,2.4,43
F00815,Electrico,84.6,0.0,9.36,1.7,69
F00816,Camion,217.0,47.6,114.7,123.8,30
F00817,Camion,259.1,56.0,136.44,145.6,21
F00818,Furgoneta,169.5,13.8,52.04,35.9,67
F00819,Furgoneta,244.9,21.3,61.36,55.4,59
F00820,Furgoneta,248.3,20.9,74.26,54.3,57
F00821,Electrico,268.4,0.0,49.23,5.4,60
F00822,Furgoneta,62.6,6.1,19.63,15.9,54
F00823,Furgoneta,137.5,12.6,42.8,32.8,47
F00824,Furgoneta,224.2,21.1,66.46,54.9,50
F00825,Camion,174.9,37.1,86.1,96.5,24
F00826,Electrico,248.7,0.0,25.72,5.0,45
F00827,Furgoneta,214.9,18.3,64.5,47.6,49
F00828,Furgoneta,38.2,3.2,9.25,8.3,66
F00829,Trailer,303.4,90.9,188.98,236.3,32
F00830,Camion,127.5,29.7,64.0,77.2,28
F00831,Furgoneta,99.5,9.3,30.26,24.2,58
F00832,Camion,297.9,66.2,139.68,172.1,26
F00833,Furgoneta,238.4,21.3,74.41,55.4,44
F00834,Furgoneta,320.5,31.3,107.61,81.4,55
F00835,Camion,197.0,39.6,86.28,103.0,26
F00836,Camion,136.5,28.7,60.99,74.6,27
F00837,Electrico,184.5,0.0,21.13,3.7,51
F00838,Furgoneta,88.9,8.5,30.29,22.1,66
F00839,Camion,70.7,17.1,38.16,44.5,29
F00840,Camion,115.9,24.2,55.73,62.9,37
F00841,Furgoneta,372.2,36.0,98.79,93.6,71
F00842,Trailer,123.0,42.0,87.49,109.2,27
F00843,Furgoneta,54.2,4.6,17.48,12.0,56
F00844,Bici-carga,155.2,0.0,28.37,3.1,53
F00845,Furgoneta,122.1,10.8,37.13,28.1,60
F00846,Camion,306.4,73.9,151.19,192.1,41
F00847,Furgoneta,358.0,30.2,88.14,78.5,49
F00848,Bici-carga,132.8,0.0,13.93,2.7,35
F00849,Camion,196.9,41.9,91.8,108.9,22
F00850,Camion,206.1,47.4,99.25,123.2,26
F00851,Furgoneta,165.3,14.6,44.19,38.0,48
F00852,Trailer,148.5,48.3,97.85,125.6,22
F00853,Furgoneta,95.5,9.2,33.28,23.9,49
F00854,Electrico,48.7,0.0,7.84,1.0,67
F00855,Furgoneta,95.1,9.2,32.17,23.9,52
F00856,Furgoneta,162.0,13.3,48.99,34.6,53
F00857,Furgoneta,65.8,6.1,17.08,15.9,54
F00858,Camion,191.2,39.0,95.59,101.4,41
F00859,Camion,176.9,38.3,83.84,99.6,31
F00860,Furgoneta,122.2,11.1,37.79,28.9,48
F00861,Trailer,144.8,45.4,92.06,118.0,25
F00862,Camion,73.5,16.2,40.6,42.1,24
F00863,Camion,265.8,64.3,136.47,167.2,32
F00864,Camion,263.4,53.7,119.61,139.6,28
F00865,Camion,81.8,18.6,45.55,48.4,31
F00866,Camion,83.3,17.9,37.18,46.5,20
F00867,Furgoneta,95.9,8.0,29.07,20.8,63
F00868,Furgoneta,230.3,19.3,70.61,50.2,63
F00869,Electrico,205.7,0.0,37.77,4.1,45
F00870,Bici-carga,296.1,0.0,58.46,5.9,50
F00871,Furgoneta,314.1,30.6,111.01,79.6,62
F00872,Furgoneta,62.0,6.1,16.36,15.9,55
F00873,Camion,225.9,46.8,116.04,121.7,28
F00874,Camion,307.4,65.7,155.73,170.8,23
F00875,Furgoneta,139.4,13.0,43.76,33.8,39
F00876,Furgoneta,167.7,15.0,42.92,39.0,48
F00877,Trailer,153.5,48.3,102.61,125.6,28
F00878,Trailer,157.5,49.0,109.62,127.4,36
F00879,Furgoneta,265.3,24.3,89.6,63.2,56
F00880,Furgoneta,409.9,37.4,118.83,97.2,58
F00881,Furgoneta,347.1,29.1,82.66,75.7,58
F00882,Trailer,125.6,40.0,81.11,104.0,18
F00883,Furgoneta,197.2,17.9,64.66,46.5,56
F00884,Furgoneta,104.8,9.6,33.19,25.0,44
F00885,Trailer,111.4,33.6,70.02,87.4,25
F00886,Furgoneta,163.5,15.4,41.89,40.0,51
F00887,Trailer,109.6,31.7,66.36,82.4,23
F00888,Furgoneta,119.6,10.5,34.37,27.3,62
F00889,Furgoneta,194.6,18.5,67.13,48.1,55
F00890,Furgoneta,224.1,20.4,69.42,53.0,60
F00891,Trailer,220.8,67.3,136.64,175.0,26
F00892,Electrico,222.1,0.0,33.88,4.4,57
F00893,Electrico,76.8,0.0,8.19,1.5,50
F00894,Furgoneta,106.3,10.1,37.13,26.3,45
F00895,Trailer,173.7,58.2,116.74,151.3,28
F00896,Furgoneta,299.8,27.6,88.47,71.8,65
F00897,Furgoneta,531.3,47.7,148.33,124.0,56
F00898,Electrico,201.7,0.0,33.94,4.0,59
F00899,Furgoneta,251.6,21.6,76.38,56.2,44
F00900,Furgoneta,71.4,6.3,22.33,16.4,58
F00901,Furgoneta,247.9,22.8,67.92,59.3,47
F00902,Furgoneta,455.4,41.1,125.68,106.9,70
F00903,Furgoneta,106.0,9.1,26.49,23.7,61
F00904,Camion,122.0,24.2,58.92,62.9,32
F00905,Camion,269.9,59.3,122.94,154.2,26
F00906,Electrico,172.5,0.0,27.56,3.4,55
F00907,Electrico,46.0,0.0,8.6,0.9,52
F00908,Furgoneta,126.4,10.3,40.38,26.8,52
F00909,Furgoneta,357.2,32.7,104.08,85.0,66
F00910,Furgoneta,144.2,14.1,43.6,36.7,52
F00911,Camion,144.1,29.6,62.88,77.0,32
F00912,Furgoneta,260.6,23.3,80.82,60.6,69
F00913,Camion,205.7,41.6,104.02,108.2,42
F00914,Camion,139.7,31.5,67.79,81.9,32
F00915,Camion,117.2,26.0,58.26,67.6,38
F00916,Camion,667.8,144.2,353.52,374.9,33
F00917,Furgoneta,325.6,29.4,108.16,76.4,46
F00918,Bici-carga,222.0,0.0,27.6,4.4,65
F00919,Trailer,229.8,69.1,146.19,179.7,23
F00920,Furgoneta,158.0,12.9,39.48,33.5,57
F00921,Electrico,204.3,0.0,22.51,4.1,50
F00922,Camion,148.5,33.2,81.5,86.3,29
F00923,Electrico,100.2,0.0,18.24,2.0,55
F00924,Trailer,208.8,68.1,145.71,177.1,39
F00925,Camion,141.2,33.0,67.61,85.8,34
F00926,Furgoneta,214.8,19.1,70.16,49.7,48
F00927,Furgoneta,237.1,22.4,69.94,58.2,59
F00928,Camion,221.0,52.6,113.83,136.8,29
F00929,Camion,95.3,21.3,48.82,55.4,35
F00930,Furgoneta,132.5,11.2,32.38,29.1,58
F00931,Furgoneta,142.8,12.3,44.76,32.0,50
F00932,Electrico,285.9,0.0,45.24,5.7,45
F00933,Bici-carga,277.9,0.0,32.98,5.6,48
F00934,Camion,110.1,23.3,50.36,60.6,39
F00935,Furgoneta,75.7,6.9,20.0,17.9,60
F00936,Furgoneta,545.0,49.9,137.45,129.7,56
F00937,Furgoneta,216.3,19.2,65.06,49.9,61
F00938,Electrico,69.4,0.0,12.77,1.4,59
F00939,Furgoneta,120.8,10.0,28.29,26.0,63
F00940,Camion,292.4,59.0,125.07,153.4,32
F00941,Furgoneta,474.3,39.9,138.44,103.7,59
F00942,Camion,432.2,95.4,231.28,248.0,29
F00943,Trailer,211.3,63.7,129.95,165.6,29
F00944,Electrico,170.3,0.0,22.98,3.4,55
F00945,Furgoneta,89.8,7.9,26.98,20.5,62
F00946,Furgoneta,178.5,17.1,50.1,44.5,49
F00947,Furgoneta,97.3,7.9,22.63,20.5,63
F00948,Electrico,133.3,0.0,23.13,2.7,55
F00949,Electrico,269.7,0.0,43.84,5.4,52
F00950,Camion,148.1,34.5,78.61,89.7,26
F00951,Camion,142.4,34.0,79.2,88.4,35
F00952,Trailer,165.1,47.8,104.14,124.3,26
F00953,Furgoneta,588.7,49.3,149.87,128.2,52
F00954,Electrico,83.9,0.0,11.35,1.7,54
F00955,Camion,199.1,43.4,91.86,112.8,33
F00956,Furgoneta,411.6,37.5,106.5,97.5,65
F00957,Camion,164.9,37.5,87.64,97.5,23
F00958,Furgoneta,322.3,30.0,107.9,78.0,62
F00959,Furgoneta,72.4,7.1,25.57,18.5,51
F00960,Trailer,150.9,53.1,109.53,138.1,30
F00961,Furgoneta,103.7,9.7,27.8,25.2,58
F00962,Camion,163.9,34.5,73.32,89.7,42
F00963,Furgoneta,165.8,16.1,55.82,41.9,76
F00964,Furgoneta,175.8,14.4,50.79,37.4,55
F00965,Furgoneta,268.4,22.9,80.07,59.5,54
F00966,Furgoneta,35.4,3.4,11.75,8.8,54
F00967,Trailer,117.6,35.8,77.31,93.1,34
F00968,Furgoneta,191.6,16.3,61.23,42.4,63
F00969,Camion,47.6,9.7,20.55,25.2,32
F00970,Camion,238.7,56.3,131.79,146.4,28
F00971,Trailer,116.3,37.2,81.05,96.7,27
F00972,Bici-carga,152.6,0.0,19.63,3.1,48
F00973,Trailer,275.0,83.4,178.55,216.8,33
F00974,Furgoneta,330.2,31.3,93.47,81.4,64
F00975,Furgoneta,242.7,23.0,84.32,59.8,56
F00976,Furgoneta,82.4,7.1,19.88,18.5,42
F00977,Camion,236.1,51.0,118.9,132.6,29
F00978,Furgoneta,244.8,20.8,61.84,54.1,52
F00979,Camion,219.1,52.8,121.99,137.3,35
F00980,Camion,359.2,81.3,172.32,211.4,25
F00981,Furgoneta,178.4,17.5,50.04,45.5,61
F00982,Trailer,351.8,108.1,225.53,281.1,30
F00983,Furgoneta,350.7,33.3,120.43,86.6,53
F00984,Furgoneta,248.6,23.6,67.88,61.4,60
F00985,Trailer,200.9,66.8,129.87,173.7,24
F00986,Camion,219.8,52.9,123.3,137.5,26
F00987,Trailer,401.0,125.6,261.13,326.6,22
F00988,Camion,299.6,61.0,154.88,158.6,26
F00989,Furgoneta,88.7,8.3,23.45,21.6,65
F00990,Electrico,212.2,0.0,34.93,4.2,61
F00991,Trailer,100.5,32.6,64.55,84.8,33
F00992,Trailer,114.2,34.4,68.25,89.4,31
F00993,Furgoneta,136.4,12.3,42.64,32.0,45
F00994,Camion,68.0,14.4,33.88,37.4,32
F00995,Furgoneta,96.5,8.6,30.69,22.4,72
F00996,Furgoneta,369.8,34.2,103.14,88.9,51
F00997,Electrico,113.8,0.0,16.48,2.3,51
F00998,Furgoneta,269.2,22.9,74.48,59.5,56
F00999,Bici-carga,187.4,0.0,37.18,3.7,62
F01000,Camion,230.6,48.4,107.24,125.8,34
F01001,Furgoneta,235.9,20.0,62.54,52.0,53
F01002,Camion,93.9,21.8,47.6,56.7,44
F01003,Electrico,268.3,0.0,41.98,5.4,53
F01004,Trailer,77.1,24.0,48.06,62.4,28
F01005,Electrico,111.0,0.0,21.26,2.2,39
F01006,Trailer,234.1,80.9,159.07,210.3,29
F01007,Trailer,90.1,30.8,66.36,80.1,30
F01008,Electrico,44.5,0.0,4.91,0.9,58
F01009,Furgoneta,206.8,20.3,66.74,52.8,49
F01010,Camion,60.4,13.0,32.32,33.8,16
F01011,Furgoneta,246.2,21.4,63.01,55.6,50
F01012,Bici-carga,142.2,0.0,27.99,2.8,55
F01013,Bici-carga,205.1,0.0,29.8,4.1,65
F01014,Furgoneta,203.0,16.8,66.38,43.7,51
F01015,Trailer,256.2,77.9,167.6,202.5,28
F01016,Bici-carga,237.8,0.0,30.95,4.8,59
F01017,Furgoneta,89.6,8.6,24.41,22.4,57
F01018,Camion,147.3,34.8,74.88,90.5,24
F01019,Electrico,205.0,0.0,22.41,4.1,69
F01020,Furgoneta,355.2,34.3,95.51,89.2,59
F01021,Trailer,239.0,81.9,157.44,212.9,23
F01022,Furgoneta,338.7,32.1,99.56,83.5,51
F01023,Bici-carga,211.0,0.0,37.89,4.2,47
F01024,Bici-carga,302.5,0.0,34.53,6.0,52
F01025,Bici-carga,195.7,0.0,22.12,3.9,56
F01026,Camion,295.8,67.5,156.61,175.5,26
F01027,Electrico,138.0,0.0,16.52,2.8,65
F01028,Electrico,377.3,0.0,41.41,7.5,52
F01029,Furgoneta,224.1,20.8,59.43,54.1,52
F01030,Electrico,68.3,0.0,13.14,1.4,57
F01031,Furgoneta,208.8,17.4,65.87,45.2,48
F01032,Camion,239.4,50.7,113.54,131.8,35
F01033,Furgoneta,273.4,26.1,87.03,67.9,43
F01034,Furgoneta,448.0,43.2,137.99,112.3,60
F01035,Furgoneta,125.4,10.5,37.83,27.3,58
F01036,Trailer,449.6,156.9,326.69,407.9,33
F01037,Furgoneta,170.4,14.8,51.43,38.5,51
F01038,Trailer,107.7,35.6,70.6,92.6,25
F01039,Furgoneta,127.0,12.0,32.4,31.2,67
F01040,Furgoneta,231.7,22.2,69.25,57.7,53
F01041,Camion,98.4,23.6,56.37,61.4,32
F01042,Trailer,139.4,42.9,90.52,111.5,21
F01043,Furgoneta,205.9,19.9,69.57,51.7,61
F01044,Camion,375.7,76.6,197.39,199.2,36
F01045,Electrico,269.1,0.0,31.31,5.4,58
F01046,Camion,174.3,40.2,93.81,104.5,32
F01047,Furgoneta,231.2,21.5,73.11,55.9,51
F01048,Furgoneta,194.8,16.7,65.29,43.4,41
F01049,Electrico,81.6,0.0,16.2,1.6,55
F01050,Furgoneta,411.0,34.5,124.52,89.7,55
F01051,Electrico,378.9,0.0,47.12,7.6,53
F01052,Camion,162.9,37.4,89.14,97.2,37
F01053,Bici-carga,129.7,0.0,14.36,2.6,57
F01054,Trailer,82.8,28.3,60.02,73.6,29
F01055,Bici-carga,239.1,0.0,45.67,4.8,42
F01056,Furgoneta,239.9,20.2,65.49,52.5,41
F01057,Trailer,103.4,35.3,73.34,91.8,32
F01058,Camion,196.1,43.6,97.81,113.4,35
F01059,Camion,264.6,54.6,125.4,142.0,33
F01060,Camion,124.5,28.6,62.07,74.4,16
F01061,Electrico,151.5,0.0,26.7,3.0,47
F01062,Bici-carga,150.7,0.0,29.18,3.0,53
F01063,Trailer,107.4,34.1,75.4,88.7,30
F01064,Camion,153.3,35.9,75.45,93.3,28
F01065,Camion,61.2,14.4,34.51,37.4,37
F01066,Trailer,146.2,48.7,103.32,126.6,37
F01067,Furgoneta,147.5,12.2,38.0,31.7,45
F01068,Furgoneta,164.0,15.8,42.78,41.1,48
F01069,Furgoneta,221.7,20.6,61.07,53.6,41
F01070,Furgoneta,78.7,7.4,26.89,19.2,64
F01071,Furgoneta,88.1,7.7,26.71,20.0,61
F01072,Furgoneta,105.8,10.2,34.53,26.5,62
F01073,Furgoneta,73.6,6.9,20.29,17.9,62
F01074,Furgoneta,235.7,19.6,71.89,51.0,70
F01075,Bici-carga,121.4,0.0,12.48,2.4,54
F01076,Camion,166.9,39.6,86.31,103.0,36
F01077,Furgoneta,100.4,8.2,29.45,21.3,47
F01078,Trailer,137.3,48.0,92.54,124.8,36
F01079,Furgoneta,201.4,18.8,66.8,48.9,54
F01080,Bici-carga,206.8,0.0,25.54,4.1,63
F01081,Trailer,90.4,27.6,59.1,71.8,37
F01082,Furgoneta,162.2,13.9,45.03,36.1,48
F01083,Camion,101.5,24.3,55.08,63.2,26
F01084,Electrico,158.8,0.0,17.59,3.2,39
F01085,Bici-carga,115.5,0.0,11.75,2.3,63
F01086,Camion,425.1,91.5,227.58,237.9,25
F01087,Camion,263.8,53.8,119.57,139.9,30
F01088,Furgoneta,211.8,17.2,66.06,44.7,54
F01089,Bici-carga,144.2,0.0,28.83,2.9,58
F01090,Furgoneta,267.9,26.4,74.69,68.6,46
F01091,Bici-carga,164.9,0.0,20.86,3.3,53
F01092,Camion,401.8,85.9,204.25,223.3,31
F01093,Camion,282.5,60.2,151.84,156.5,24
F01094,Camion,136.7,30.2,74.51,78.5,31
F01095,Furgoneta,377.2,33.5,110.29,87.1,55
F01096,Furgoneta,144.6,14.0,48.36,36.4,59
F01097,Furgoneta,438.5,39.5,113.0,102.7,49
F01098,Furgoneta,388.0,35.0,132.72,91.0,57
F01099,Trailer,200.7,59.6,134.78,155.0,32
F01100,Furgoneta,62.7,6.2,17.22,16.1,62
